cliente_id,produto_id,vezes,valorTotal,ultimoUso
CLI0001,PR09,7,3535.82,2025-01-23
CLI0002,PR01,10,1349.67,2025-02-14
CLI0002,PR05,1,266.48,2025-01-21
CLI0003,PR02,1,735.76,2026-02-05
CLI0003,PR07,5,3224.15,2025-06-27
CLI0004,PR02,5,3704.86,2025-07-25
CLI0004,PR09,11,2463.27,2025-10-21
CLI0005,PR03,4,668.43,2025-09-08
CLI0005,PR07,7,686.13,2025-07-23
CLI0005,PR10,7,5031.53,2025-03-20
CLI0006,PR08,11,2883.34,2025-02-09
CLI0006,PR09,10,8408.0,2025-08-27
CLI0007,PR02,11,4665.33,2025-06-15
CLI0007,PR06,8,2795.52,2025-02-26
CLI0007,PR08,7,6103.27,2025-10-05
CLI0007,PR10,8,3688.96,2025-03-15
CLI0008,PR05,7,5229.15,2025-07-23
CLI0008,PR09,10,6179.29,2025-01-19
CLI0009,PR01,9,1634.43,2025-08-15
CLI0009,PR07,6,4925.08,2025-10-16
CLI0010,PR03,1,160.11,2025-07-28
CLI0010,PR04,7,5698.8,2025-08-20
CLI0010,PR08,9,5968.97,2025-06-27
CLI0011,PR09,1,300.2,2025-05-28
CLI0011,PR10,11,5220.81,2025-12-23
CLI0012,PR01,7,1387.69,2025-09-22
CLI0013,PR06,9,7790.03,2025-09-17
CLI0013,PR07,6,1016.79,2025-03-17
CLI0014,PR04,9,1031.84,2025-06-03
CLI0015,PR02,12,4702.14,2025-02-02
CLI0015,PR09,7,621.85,2025-01-19
CLI0015,PR10,5,1966.52,2025-12-24
CLI0016,PR03,12,2261.29,2025-10-02
CLI0016,PR09,2,1056.95,2025-08-08
CLI0017,PR08,6,4425.49,2026-02-10
CLI0018,PR08,11,2345.49,2025-10-08
CLI0019,PR01,1,127.82,2025-02-07
CLI0019,PR06,12,2592.67,2025-05-27
CLI0020,PR03,10,4811.1,2026-02-23
CLI0020,PR10,4,1688.57,2026-03-01
CLI0021,PR03,2,461.39,2025-08-30
CLI0022,PR01,10,8841.93,2025-07-12
CLI0022,PR05,1,712.03,2025-09-17
CLI0022,PR08,9,5392.75,2025-03-16
CLI0023,PR01,5,4120.19,2025-02-03
CLI0023,PR05,11,6227.18,2025-06-03
CLI0023,PR07,1,230.58,2026-02-28
CLI0024,PR01,10,3014.1,2026-02-26
CLI0025,PR04,12,8357.69,2025-06-24
CLI0025,PR10,9,5924.11,2025-05-03
CLI0026,PR01,11,7407.17,2026-02-20
CLI0027,PR01,5,1701.82,2025-04-10
CLI0027,PR05,6,3579.83,2026-01-13
CLI0028,PR01,6,5104.78,2026-03-01
CLI0028,PR05,11,1696.74,2025-02-19
CLI0029,PR03,11,6101.16,2025-08-11
CLI0029,PR04,1,169.14,2025-02-01
CLI0030,PR03,11,5314.62,2026-02-20
CLI0030,PR07,6,4198.82,2025-04-06
CLI0031,PR02,12,6245.69,2026-02-25
CLI0032,PR02,5,3458.72,2025-07-25
CLI0032,PR04,3,1922.66,2025-10-14
CLI0032,PR06,5,1310.53,2025-07-18
CLI0033,PR01,4,2102.34,2026-01-01
CLI0033,PR08,12,1828.55,2026-01-31
CLI0034,PR05,1,88.22,2025-12-27
CLI0034,PR06,3,1210.45,2025-05-30
CLI0035,PR02,3,770.87,2025-06-24
CLI0035,PR04,7,5540.86,2026-01-12
CLI0035,PR09,5,1584.81,2025-06-14
CLI0036,PR02,10,2371.19,2025-04-25
CLI0037,PR02,9,7589.17,2026-02-20
CLI0037,PR03,4,3551.36,2025-12-05
CLI0038,PR03,12,6474.71,2025-12-15
CLI0038,PR05,6,3903.1,2025-03-11
CLI0038,PR10,4,2142.81,2025-12-13
CLI0039,PR01,9,4873.46,2025-11-08
CLI0039,PR05,8,1955.16,2025-09-07
CLI0040,PR02,9,7824.99,2025-08-17
CLI0040,PR06,9,7490.15,2026-02-11
CLI0041,PR03,9,3511.41,2025-07-23
CLI0042,PR01,6,1701.73,2025-05-18
CLI0043,PR05,6,3877.69,2025-07-29
CLI0043,PR08,9,7858.26,2025-02-16
CLI0044,PR08,1,152.86,2026-01-06
CLI0044,PR10,5,2385.12,2025-06-28
CLI0045,PR01,5,3055.05,2025-09-19
CLI0045,PR03,6,5011.0,2025-01-14
CLI0046,PR02,8,4519.71,2025-09-30
CLI0046,PR07,5,2201.02,2026-02-12
CLI0047,PR02,7,2440.13,2025-10-03
CLI0048,PR03,12,8856.03,2025-09-18
CLI0048,PR04,3,1329.02,2025-05-03
CLI0049,PR02,8,4653.13,2025-02-04
CLI0049,PR06,5,972.16,2025-02-18
CLI0049,PR10,9,7566.16,2025-04-11
CLI0050,PR02,5,2928.66,2025-04-25
CLI0050,PR08,9,3862.94,2025-02-05
CLI0051,PR09,12,9071.46,2025-01-23
CLI0051,PR10,5,2941.99,2025-12-31
CLI0052,PR08,12,2945.76,2025-03-25
CLI0052,PR09,9,7507.46,2026-01-02
CLI0053,PR09,1,95.94,2025-01-12
CLI0054,PR02,10,6623.66,2025-05-12
CLI0054,PR04,11,5840.81,2025-11-15
CLI0054,PR05,10,6580.51,2025-04-05
CLI0054,PR08,6,3642.89,2025-10-04
CLI0055,PR01,4,2306.01,2026-02-10
CLI0055,PR05,5,1979.71,2025-08-17
CLI0055,PR09,12,8488.53,2025-08-26
CLI0056,PR05,10,4685.27,2025-03-27
CLI0057,PR01,5,1004.55,2025-09-20
CLI0057,PR06,2,1723.61,2026-01-14
CLI0058,PR08,2,209.28,2025-11-01
CLI0059,PR02,1,820.19,2026-02-26
CLI0059,PR03,10,3451.91,2025-05-28
CLI0060,PR02,1,264.44,2025-10-28
CLI0060,PR05,7,4430.95,2025-05-07
CLI0061,PR08,4,2820.98,2025-07-18
CLI0061,PR09,2,772.14,2025-07-27
CLI0062,PR05,2,1163.45,2025-11-10
CLI0062,PR07,3,2598.57,2025-03-09
CLI0062,PR10,7,2395.33,2026-01-12
CLI0063,PR02,3,1158.16,2025-05-30
CLI0064,PR06,4,2543.53,2025-07-27
CLI0065,PR04,6,4923.47,2025-07-30
CLI0065,PR06,2,1090.81,2025-06-24
CLI0066,PR02,3,2413.56,2025-05-22
CLI0067,PR10,8,4714.87,2025-01-15
CLI0068,PR08,12,8992.14,2025-11-16
CLI0068,PR09,5,3363.94,2025-09-27
CLI0069,PR07,6,1919.75,2025-09-05
CLI0069,PR10,8,2233.08,2025-08-26
CLI0070,PR04,12,8408.96,2025-03-08
CLI0070,PR06,6,790.31,2025-01-07
CLI0070,PR07,11,2062.79,2026-02-02
CLI0071,PR05,8,6794.43,2025-12-26
CLI0072,PR04,11,8631.82,2026-01-08
CLI0072,PR08,1,843.66,2025-09-04
CLI0072,PR10,1,158.84,2025-11-22
CLI0073,PR01,12,1330.53,2025-10-08
CLI0073,PR04,9,1336.91,2025-11-25
CLI0074,PR04,2,930.79,2025-01-06
CLI0074,PR06,11,2281.96,2025-05-22
CLI0074,PR09,2,1316.27,2025-10-04
CLI0074,PR10,8,4288.61,2025-04-08
CLI0075,PR02,9,7945.22,2025-12-21
CLI0075,PR03,8,6754.73,2025-05-11
CLI0075,PR08,4,2296.31,2025-05-09
CLI0076,PR09,1,527.53,2025-06-17
CLI0077,PR08,7,3882.62,2025-05-18
CLI0077,PR09,7,3733.34,2025-01-28
CLI0078,PR03,4,1887.59,2026-01-30
CLI0078,PR10,3,2518.27,2025-10-27
CLI0079,PR02,12,2059.44,2025-01-24
CLI0079,PR09,10,7738.68,2025-04-27
CLI0080,PR01,2,1079.84,2025-07-11
CLI0080,PR08,11,8129.21,2025-07-10
CLI0081,PR03,2,1738.38,2026-02-14
CLI0082,PR03,8,6037.08,2025-12-22
CLI0083,PR04,7,2251.35,2025-02-09
CLI0083,PR06,9,7798.55,2025-01-15
CLI0083,PR08,2,421.54,2025-12-14
CLI0084,PR04,10,8198.0,2026-02-04
CLI0084,PR07,11,3336.28,2026-02-22
CLI0084,PR10,9,7467.89,2026-01-18
CLI0085,PR03,11,6563.13,2025-04-16
CLI0085,PR04,7,4141.57,2025-10-19
CLI0086,PR03,2,589.21,2025-09-22
CLI0086,PR04,5,832.57,2025-09-11
CLI0087,PR03,6,4438.24,2025-03-09
CLI0087,PR07,10,4574.05,2025-10-02
CLI0088,PR01,5,3203.1,2025-04-30
CLI0088,PR08,8,4626.09,2025-08-13
CLI0089,PR01,2,1478.79,2025-08-18
CLI0089,PR05,10,8958.54,2025-02-13
CLI0090,PR02,8,3294.02,2025-05-05
CLI0090,PR06,11,7444.98,2025-01-29
CLI0090,PR08,10,1652.86,2025-06-14
CLI0091,PR03,4,1900.96,2025-04-08
CLI0091,PR07,2,1140.25,2025-06-26
CLI0091,PR10,3,1141.88,2025-03-31
CLI0092,PR01,4,844.63,2025-02-14
CLI0092,PR05,3,2628.71,2025-02-12
CLI0092,PR06,1,890.02,2025-06-08
CLI0093,PR04,11,3104.27,2025-01-12
CLI0093,PR08,2,1463.97,2025-04-23
CLI0094,PR01,6,861.79,2025-12-11
CLI0094,PR08,8,2382.77,2025-09-08
CLI0095,PR04,4,2455.21,2025-03-11
CLI0096,PR02,10,2394.64,2025-02-04
CLI0096,PR03,1,667.46,2025-01-22
CLI0096,PR04,11,6063.34,2026-02-24
CLI0097,PR01,4,2940.74,2026-01-13
CLI0097,PR09,6,4686.64,2025-07-05
CLI0098,PR06,12,10351.52,2025-10-31
CLI0099,PR03,1,143.96,2025-03-23
CLI0099,PR05,2,1350.35,2025-01-10
CLI0100,PR07,1,138.59,2025-05-09
CLI0100,PR10,2,819.49,2025-10-08
CLI0101,PR03,11,1035.71,2025-07-16
CLI0101,PR08,11,7441.03,2025-01-14
CLI0101,PR10,5,3898.77,2025-10-16
CLI0102,PR03,2,663.5,2025-02-01
CLI0103,PR03,6,4590.23,2025-11-15
CLI0104,PR02,5,4477.68,2026-01-05
CLI0104,PR03,12,6462.21,2026-02-01
CLI0104,PR05,12,3295.86,2025-10-18
CLI0105,PR01,5,3935.9,2026-02-08
CLI0105,PR04,3,1916.54,2025-09-23
CLI0105,PR10,3,1344.24,2025-06-15
CLI0106,PR02,2,823.76,2025-11-04
CLI0106,PR03,1,861.0,2025-04-17
CLI0106,PR09,1,181.75,2025-06-20
CLI0107,PR06,7,2488.95,2025-10-14
CLI0107,PR07,6,2747.49,2025-03-10
CLI0108,PR02,7,4156.49,2025-12-14
CLI0108,PR07,9,6469.82,2025-03-24
CLI0109,PR02,3,2033.04,2025-08-20
CLI0109,PR06,10,5284.12,2025-10-31
CLI0109,PR10,9,3144.35,2025-06-08
CLI0110,PR01,10,5519.3,2025-10-17
CLI0111,PR01,8,2792.19,2025-10-14
CLI0111,PR10,11,5135.77,2025-07-03
CLI0112,PR03,9,2572.72,2025-06-03
CLI0112,PR08,1,512.84,2025-01-05
CLI0113,PR01,5,2040.27,2025-05-01
CLI0113,PR03,2,961.7,2025-01-05
CLI0113,PR04,8,6584.18,2025-04-05
CLI0113,PR08,9,3544.54,2025-02-20
CLI0114,PR09,1,537.6,2025-09-12
CLI0115,PR03,5,450.23,2025-08-27
CLI0115,PR10,7,2009.93,2025-10-12
CLI0116,PR01,5,2555.42,2026-01-29
CLI0116,PR05,7,4209.32,2026-01-27
CLI0117,PR02,7,1627.54,2025-04-25
CLI0117,PR08,2,273.59,2025-03-11
CLI0117,PR09,6,4128.03,2025-10-02
CLI0118,PR01,5,4195.88,2025-12-03
CLI0118,PR08,8,3619.24,2025-07-02
CLI0119,PR03,1,83.23,2026-01-10
CLI0119,PR04,9,3741.34,2025-10-13
CLI0119,PR10,9,5937.61,2025-04-29
CLI0120,PR02,6,1635.92,2025-12-18
CLI0120,PR07,1,516.47,2025-03-14
CLI0121,PR04,3,965.62,2025-05-23
CLI0121,PR05,2,411.03,2025-04-05
CLI0122,PR01,2,1056.39,2025-09-26
CLI0122,PR07,8,792.98,2025-01-29
CLI0123,PR01,6,2511.88,2026-01-16
CLI0123,PR03,4,1829.02,2025-06-01
CLI0123,PR08,9,784.66,2025-02-13
CLI0124,PR01,8,6083.86,2025-07-19
CLI0124,PR05,3,1884.14,2025-01-11
CLI0124,PR08,8,2938.29,2025-03-18
CLI0125,PR04,7,4139.89,2025-08-03
CLI0125,PR05,2,1038.79,2025-10-25
CLI0126,PR02,1,383.3,2026-02-21
CLI0126,PR06,1,715.51,2025-10-25
CLI0127,PR02,1,609.24,2025-06-29
CLI0127,PR07,6,3352.82,2025-06-15
CLI0127,PR08,4,1995.18,2025-09-16
CLI0128,PR08,3,1135.12,2025-01-13
CLI0128,PR09,6,2531.99,2025-06-05
CLI0129,PR04,1,737.73,2025-08-27
CLI0129,PR10,9,5906.73,2026-02-22
CLI0130,PR03,3,792.08,2025-03-10
CLI0130,PR06,9,1847.9,2025-08-09
CLI0131,PR01,9,2471.3,2025-08-24
CLI0131,PR03,5,1342.86,2025-11-17
CLI0132,PR03,12,1212.26,2025-08-27
CLI0133,PR03,8,3008.99,2025-07-10
CLI0134,PR03,7,1948.06,2025-11-19
CLI0135,PR01,4,1165.82,2025-11-04
CLI0135,PR10,6,1615.95,2025-12-04
CLI0136,PR02,12,2954.67,2025-09-25
CLI0136,PR04,12,9509.74,2026-02-01
CLI0136,PR06,12,4249.72,2025-05-19
CLI0136,PR08,7,3653.12,2025-08-22
CLI0137,PR04,4,3170.19,2025-06-29
CLI0138,PR02,8,1270.58,2025-09-01
CLI0138,PR08,6,4188.07,2025-05-15
CLI0139,PR05,6,4193.64,2025-03-14
CLI0139,PR06,6,4729.65,2025-01-08
CLI0139,PR10,9,3625.2,2025-03-29
CLI0140,PR03,3,722.18,2025-02-01
CLI0140,PR07,2,684.76,2025-11-20
CLI0141,PR04,5,627.9,2025-12-20
CLI0141,PR05,11,1806.03,2025-10-13
CLI0142,PR04,6,1252.29,2026-01-17
CLI0142,PR08,11,7796.61,2025-12-13
CLI0143,PR02,2,655.29,2025-01-15
CLI0143,PR05,8,952.75,2025-06-15
CLI0144,PR04,1,629.34,2025-01-22
CLI0144,PR05,11,7834.08,2025-01-29
CLI0144,PR07,8,4575.63,2025-11-03
CLI0145,PR08,7,1301.96,2025-11-04
CLI0146,PR08,2,346.94,2025-08-30
CLI0147,PR01,6,4019.31,2026-02-01
CLI0147,PR08,6,2894.76,2025-04-07
CLI0147,PR09,4,328.14,2025-12-04
CLI0148,PR03,9,3306.08,2025-07-26
CLI0149,PR02,8,1132.36,2025-08-20
CLI0149,PR07,3,2409.25,2025-10-23
CLI0149,PR10,7,2710.64,2025-05-21
CLI0150,PR01,1,657.37,2025-01-09
CLI0150,PR05,1,790.93,2025-11-26
CLI0151,PR08,4,1018.98,2025-01-23
CLI0152,PR03,8,1279.86,2026-01-06
CLI0152,PR06,9,7505.8,2025-12-21
CLI0152,PR09,4,354.6,2025-07-09
CLI0153,PR02,12,10562.2,2025-03-13
CLI0153,PR09,8,7041.46,2025-06-01
CLI0154,PR01,5,1498.89,2025-11-04
CLI0154,PR05,8,979.25,2025-02-25
CLI0155,PR02,2,1387.24,2026-01-19
CLI0155,PR03,8,6075.93,2025-02-12
CLI0156,PR02,8,3249.9,2026-01-27
CLI0156,PR03,2,1260.73,2025-11-23
CLI0156,PR04,3,527.31,2025-10-28
CLI0157,PR06,5,1542.08,2025-04-25
CLI0157,PR10,10,5432.65,2025-07-29
CLI0158,PR02,1,384.21,2025-12-18
CLI0158,PR06,4,3245.58,2025-03-20
CLI0159,PR03,3,1396.31,2026-01-09
CLI0159,PR06,2,429.21,2025-03-31
CLI0160,PR03,7,4774.1,2025-04-12
CLI0160,PR10,4,2450.11,2025-02-26
CLI0161,PR04,4,759.63,2025-04-28
CLI0161,PR07,12,9026.06,2025-03-12
CLI0162,PR06,1,467.76,2025-04-26
CLI0162,PR08,5,3320.25,2025-06-08
CLI0163,PR03,11,1040.96,2025-09-21
CLI0163,PR05,12,1234.24,2025-06-13
CLI0164,PR03,1,370.18,2025-04-21
CLI0164,PR10,11,4317.69,2025-09-29
CLI0165,PR03,3,1702.25,2025-10-23
CLI0165,PR10,9,2406.02,2025-10-11
CLI0166,PR10,8,5439.74,2025-04-06
CLI0167,PR05,2,1149.8,2025-05-22
CLI0168,PR08,11,1455.66,2025-09-28
CLI0169,PR03,8,868.53,2026-01-29
CLI0169,PR10,5,2293.24,2025-04-19
CLI0170,PR01,3,631.06,2025-01-27
CLI0170,PR05,2,1396.68,2025-04-09
CLI0171,PR01,3,2621.07,2025-08-28
CLI0171,PR06,5,4351.32,2026-02-23
CLI0172,PR04,12,10623.38,2025-12-02
CLI0172,PR08,3,1925.1,2025-10-04
CLI0173,PR10,9,3627.24,2025-01-21
CLI0174,PR03,11,3683.31,2025-02-26
CLI0175,PR04,6,4452.86,2025-07-25
CLI0175,PR10,9,6417.17,2025-03-21
CLI0176,PR05,8,4138.27,2025-02-15
CLI0177,PR06,4,3152.78,2025-05-07
CLI0177,PR08,9,4319.92,2025-04-13
CLI0178,PR01,4,3137.26,2025-01-02
CLI0178,PR05,2,1142.57,2025-03-26
CLI0178,PR10,8,2661.67,2025-04-07
CLI0179,PR02,1,371.17,2025-10-22
CLI0179,PR04,2,1071.41,2025-06-19
CLI0180,PR02,6,4271.42,2025-02-15
CLI0180,PR07,5,759.22,2026-01-10
CLI0180,PR08,4,2286.6,2025-05-16
CLI0181,PR01,1,109.59,2025-12-08
CLI0181,PR08,6,4456.96,2025-03-05
CLI0182,PR01,9,2659.51,2025-12-23
CLI0182,PR10,3,1341.69,2025-01-21
CLI0183,PR02,7,1298.87,2025-09-16
CLI0183,PR03,6,1639.36,2025-03-24
CLI0184,PR06,11,3359.45,2026-01-05
CLI0184,PR09,5,686.53,2025-07-15
CLI0184,PR10,4,563.88,2025-10-08
CLI0185,PR02,8,3039.51,2025-04-03
CLI0185,PR03,4,2538.95,2025-09-23
CLI0186,PR10,11,2303.53,2025-01-14
CLI0187,PR03,10,5629.74,2025-12-06
CLI0187,PR05,12,9382.3,2025-09-20
CLI0187,PR07,3,2237.54,2025-03-24
CLI0188,PR01,7,2439.41,2025-11-18
CLI0189,PR08,3,2417.26,2025-03-20
CLI0189,PR10,4,1024.16,2026-02-11
CLI0190,PR04,2,720.8,2026-01-04
CLI0190,PR06,4,1985.67,2025-12-10
CLI0191,PR08,3,2403.69,2025-04-07
CLI0191,PR09,7,697.14,2026-01-01
CLI0192,PR02,2,1123.66,2026-01-12
CLI0192,PR05,6,5227.28,2026-01-13
CLI0192,PR06,5,3319.06,2025-12-04
CLI0193,PR02,8,3237.54,2025-08-11
CLI0193,PR06,11,3230.07,2025-12-24
CLI0194,PR03,3,2111.29,2025-06-30
CLI0195,PR05,7,1200.4,2026-02-26
CLI0195,PR06,5,2695.09,2025-12-13
CLI0196,PR06,8,2000.73,2025-05-14
CLI0196,PR08,1,347.0,2025-01-05
CLI0197,PR01,5,1404.32,2026-02-20
CLI0197,PR10,3,1146.43,2026-02-22
CLI0198,PR08,2,999.97,2025-05-23
CLI0199,PR02,6,4940.87,2026-02-21
CLI0199,PR07,5,3963.3,2025-07-17
CLI0200,PR03,12,10663.51,2026-01-06
CLI0200,PR07,10,2425.0,2026-01-08
CLI0200,PR10,6,4503.72,2026-01-20
CLI0201,PR07,4,1670.88,2025-11-28
CLI0201,PR08,9,4321.97,2025-10-28
CLI0201,PR10,8,6389.12,2025-12-22
CLI0202,PR01,11,8592.65,2025-08-09
CLI0202,PR05,5,1809.84,2025-03-08
CLI0203,PR06,12,5706.35,2025-10-02
CLI0203,PR08,12,6239.44,2025-12-08
CLI0204,PR05,6,2566.38,2025-12-23
CLI0204,PR09,8,3169.62,2026-01-26
CLI0205,PR03,3,1449.66,2025-06-17
CLI0205,PR06,7,5110.57,2025-01-06
CLI0206,PR03,10,5378.3,2025-05-24
CLI0206,PR05,8,6143.98,2025-07-06
CLI0206,PR10,10,2921.05,2026-01-19
CLI0207,PR03,7,2586.8,2026-02-19
CLI0208,PR05,9,7429.15,2026-01-25
CLI0208,PR06,11,3226.97,2025-05-01
CLI0208,PR10,7,564.7,2026-01-13
CLI0209,PR02,6,4104.39,2025-08-16
CLI0209,PR05,5,2790.83,2025-02-03
CLI0210,PR05,12,10398.73,2025-06-06
CLI0210,PR09,9,6012.23,2025-07-03
CLI0211,PR01,10,6456.36,2025-08-07
CLI0211,PR02,4,2910.63,2025-08-01
CLI0211,PR08,12,3319.12,2025-12-17
CLI0211,PR09,3,1096.78,2025-10-18
CLI0212,PR02,2,1760.31,2025-03-25
CLI0213,PR02,2,663.94,2025-03-05
CLI0214,PR01,5,4431.91,2025-11-08
CLI0214,PR06,12,10337.1,2026-01-02
CLI0214,PR10,7,1299.96,2025-05-25
CLI0215,PR01,10,5965.34,2025-07-23
CLI0215,PR09,10,3925.2,2025-08-20
CLI0216,PR01,3,2368.06,2025-10-19
CLI0216,PR02,4,3501.37,2026-03-01
CLI0216,PR06,8,7009.79,2025-07-22
CLI0217,PR02,5,2924.16,2025-06-28
CLI0217,PR09,10,4272.2,2025-06-24
CLI0218,PR04,11,6686.13,2025-11-26
CLI0218,PR05,3,1872.21,2025-03-27
CLI0219,PR01,9,1789.06,2025-10-02
CLI0219,PR03,4,974.52,2025-11-09
CLI0219,PR10,10,8408.48,2026-01-13
CLI0220,PR02,10,7686.91,2025-08-20
CLI0221,PR03,7,4203.24,2025-10-28
CLI0221,PR05,10,1149.54,2025-09-29
CLI0221,PR08,11,4548.06,2025-01-31
CLI0222,PR03,7,1504.76,2025-02-03
CLI0222,PR07,3,2379.25,2025-09-26
CLI0223,PR03,9,3499.56,2026-02-18
CLI0223,PR07,7,1333.22,2025-12-10
CLI0223,PR10,4,394.35,2025-11-10
CLI0224,PR02,1,599.13,2025-12-09
CLI0225,PR01,1,540.93,2025-05-30
CLI0225,PR06,1,149.44,2025-01-19
CLI0225,PR09,4,3578.2,2025-05-25
CLI0226,PR03,4,2302.44,2025-12-14
CLI0226,PR05,12,8239.61,2025-12-15
CLI0226,PR07,8,4317.21,2025-08-03
CLI0227,PR02,3,1957.81,2025-05-16
CLI0228,PR02,12,2794.0,2026-02-05
CLI0228,PR06,8,2177.99,2026-02-28
CLI0229,PR03,8,6017.2,2025-09-27
CLI0229,PR04,2,864.7,2025-06-22
CLI0229,PR05,8,1496.51,2025-01-20
CLI0230,PR05,2,1581.97,2025-03-10
CLI0230,PR08,2,727.26,2025-11-09
CLI0230,PR09,2,1587.18,2026-01-08
CLI0231,PR10,10,2050.04,2025-11-02
CLI0232,PR03,10,3337.03,2025-06-18
CLI0232,PR04,8,5866.25,2025-10-06
CLI0232,PR05,1,712.87,2026-01-19
CLI0233,PR06,8,6453.81,2025-05-21
CLI0233,PR07,7,4130.1,2026-01-05
CLI0233,PR10,2,780.25,2025-04-27
CLI0234,PR01,7,2098.06,2025-02-24
CLI0234,PR03,1,191.78,2025-12-30
CLI0234,PR04,3,435.71,2025-09-03
CLI0235,PR04,3,1490.25,2025-05-05
CLI0235,PR06,12,1578.85,2025-03-23
CLI0236,PR03,10,3165.58,2026-02-06
CLI0236,PR07,6,2106.64,2025-03-30
CLI0237,PR01,7,5976.58,2025-03-04
CLI0237,PR09,10,4576.2,2026-01-07
CLI0238,PR03,3,2435.69,2026-01-03
CLI0238,PR04,8,682.99,2025-01-25
CLI0239,PR05,5,2355.86,2025-04-12
CLI0239,PR06,5,1936.82,2025-01-26
CLI0239,PR08,2,726.18,2025-07-29
CLI0240,PR03,1,771.13,2025-10-28
CLI0240,PR04,5,997.57,2025-02-21
CLI0240,PR07,7,2763.26,2025-09-02
CLI0241,PR01,11,3884.64,2025-09-20
CLI0241,PR05,10,5576.51,2025-02-04
CLI0241,PR09,8,3185.99,2025-04-08
CLI0242,PR07,3,1894.61,2025-06-08
CLI0242,PR08,9,3913.77,2025-12-22
CLI0243,PR04,2,1668.06,2025-11-25
CLI0243,PR08,12,4792.34,2026-01-26
CLI0244,PR03,10,3763.25,2025-05-23
CLI0244,PR10,8,3104.58,2025-06-27
CLI0245,PR08,4,514.0,2025-09-01
CLI0245,PR10,2,613.52,2025-07-13
CLI0246,PR02,5,1743.67,2026-02-08
CLI0246,PR06,3,889.85,2025-06-20
CLI0246,PR07,12,6159.83,2026-02-18
CLI0247,PR02,1,127.09,2025-08-27
CLI0247,PR08,4,1162.59,2025-07-13
CLI0248,PR03,1,417.68,2025-10-21
CLI0248,PR04,6,1562.87,2025-07-04
CLI0249,PR01,3,2397.63,2025-10-11
CLI0249,PR08,6,2775.03,2025-12-21
CLI0250,PR03,1,794.07,2025-08-23
CLI0250,PR07,7,4621.08,2025-10-15
CLI0251,PR01,7,4385.67,2025-10-06
CLI0251,PR04,4,1673.91,2025-08-11
CLI0251,PR09,3,2095.41,2026-01-17
CLI0252,PR06,12,10035.94,2025-04-23
CLI0253,PR06,2,1627.02,2025-05-22
CLI0253,PR08,1,451.7,2025-05-17
CLI0254,PR02,7,617.28,2025-01-26
CLI0254,PR10,11,3419.88,2025-11-27
CLI0255,PR07,8,4352.12,2025-08-02
CLI0255,PR10,8,3930.94,2025-08-13
CLI0256,PR10,6,3896.3,2025-06-15
CLI0257,PR01,5,679.06,2025-12-22
CLI0257,PR02,10,1048.44,2025-07-09
CLI0257,PR08,5,3083.76,2025-07-30
CLI0258,PR02,3,1932.93,2025-03-18
CLI0258,PR03,11,1948.77,2026-01-07
CLI0258,PR08,11,6935.95,2025-06-01
CLI0259,PR04,12,5920.83,2026-01-10
CLI0259,PR08,10,6581.76,2025-03-29
CLI0260,PR01,7,3793.64,2025-07-22
CLI0260,PR03,11,6246.15,2025-10-18
CLI0261,PR03,8,3866.24,2025-09-20
CLI0262,PR01,4,1482.42,2025-01-08
CLI0262,PR02,12,7303.47,2025-01-05
CLI0263,PR06,12,8751.33,2025-08-05
CLI0263,PR08,4,1097.47,2026-02-03
CLI0263,PR09,2,619.85,2025-01-10
CLI0264,PR07,7,3024.75,2025-04-10
CLI0264,PR09,3,390.43,2026-02-14
CLI0264,PR10,4,3092.98,2025-02-26
CLI0265,PR02,2,743.59,2026-02-05
CLI0265,PR08,9,2750.86,2025-09-13
CLI0266,PR08,1,313.71,2025-06-18
CLI0267,PR03,10,8294.74,2025-01-11
CLI0267,PR07,11,3161.52,2025-01-18
CLI0268,PR06,5,4098.14,2025-05-10
CLI0268,PR10,12,8203.69,2025-03-16
CLI0269,PR04,7,3686.79,2025-01-09
CLI0269,PR08,9,1667.49,2025-08-14
CLI0269,PR09,11,2767.78,2025-01-01
CLI0270,PR01,4,1551.29,2025-04-29
CLI0271,PR04,4,2266.4,2025-12-05
CLI0271,PR08,1,134.58,2025-07-18
CLI0272,PR02,1,618.45,2025-10-08
CLI0272,PR09,7,5759.9,2025-10-22
CLI0273,PR05,2,548.72,2025-05-29
CLI0273,PR07,2,1688.53,2025-02-04
CLI0273,PR10,7,1947.18,2025-07-24
CLI0274,PR08,8,2090.54,2025-02-28
CLI0275,PR02,10,6706.72,2025-07-08
CLI0275,PR03,11,7303.76,2025-04-26
CLI0275,PR09,10,3677.66,2025-10-30
CLI0276,PR04,7,2915.9,2025-12-01
CLI0276,PR10,3,1959.35,2025-03-26
CLI0277,PR06,5,4297.35,2025-09-18
CLI0277,PR07,6,1887.66,2025-08-31
CLI0277,PR09,4,2341.49,2025-03-22
CLI0278,PR02,8,990.06,2025-02-25
CLI0279,PR05,7,4347.76,2025-06-16
CLI0279,PR06,1,792.99,2025-10-01
CLI0280,PR02,2,724.07,2026-02-16
CLI0280,PR03,1,896.28,2025-04-09
CLI0281,PR05,10,1467.0,2025-03-07
CLI0281,PR10,1,600.49,2026-02-16
CLI0282,PR03,1,403.71,2025-10-24
CLI0282,PR08,11,6186.9,2025-05-07
CLI0283,PR02,12,3976.17,2025-04-24
CLI0283,PR04,10,4719.93,2025-07-02
CLI0283,PR10,5,4425.1,2026-01-25
CLI0284,PR02,5,2337.42,2025-09-16
CLI0284,PR04,5,1450.85,2026-01-18
CLI0285,PR07,9,3368.63,2025-12-20
CLI0286,PR01,1,664.49,2025-03-21
CLI0286,PR05,1,842.9,2026-01-11
CLI0286,PR06,7,5361.43,2026-02-04
CLI0287,PR02,11,7651.13,2025-02-03
CLI0287,PR06,9,3428.86,2025-01-30
CLI0288,PR02,1,109.68,2025-04-22
CLI0288,PR07,9,8094.98,2025-02-17
CLI0288,PR10,8,1196.55,2025-04-09
CLI0289,PR02,12,6551.92,2025-06-05
CLI0289,PR07,8,881.6,2025-12-03
CLI0290,PR04,3,1059.36,2025-09-25
CLI0290,PR05,12,3023.25,2025-05-08
CLI0290,PR07,10,8002.85,2025-08-02
CLI0290,PR08,12,4664.85,2025-10-13
CLI0291,PR03,8,6932.94,2026-01-05
CLI0291,PR05,9,2303.39,2025-06-05
CLI0292,PR05,11,3690.44,2025-10-06
CLI0293,PR02,8,5670.59,2026-01-28
CLI0293,PR06,3,2412.45,2025-12-30
CLI0294,PR03,5,408.17,2025-07-05
CLI0294,PR04,8,4297.91,2025-05-04
CLI0295,PR02,5,3795.73,2025-12-27
CLI0295,PR09,11,2117.57,2025-09-24
CLI0295,PR10,5,2118.03,2025-04-05
CLI0296,PR05,8,1401.79,2025-07-30
CLI0296,PR06,10,5307.1,2025-10-19
CLI0296,PR08,12,8288.77,2025-03-16
CLI0297,PR02,5,3415.04,2025-05-19
CLI0298,PR02,10,6562.09,2025-07-08
CLI0298,PR04,5,2687.66,2025-07-09
CLI0298,PR05,8,3117.05,2025-08-07
CLI0299,PR03,9,2187.51,2025-06-22
CLI0300,PR01,9,7014.81,2025-01-26
CLI0300,PR04,5,3114.19,2025-10-22
CLI0300,PR09,6,2914.5,2026-02-28
CLI0301,PR04,7,702.23,2025-12-15
CLI0301,PR05,10,6800.08,2025-02-06
CLI0301,PR08,5,3535.65,2025-08-17
CLI0302,PR01,4,1718.19,2025-07-17
CLI0303,PR07,7,1177.81,2025-01-04
CLI0304,PR03,1,604.95,2025-05-21
CLI0304,PR07,10,2096.04,2026-01-18
CLI0304,PR10,2,352.97,2025-06-26
CLI0305,PR02,12,2079.02,2025-08-09
CLI0305,PR09,1,271.86,2025-03-30
CLI0306,PR03,8,976.94,2025-10-13
CLI0306,PR04,10,2160.17,2025-01-04
CLI0306,PR08,6,4135.64,2025-06-29
CLI0307,PR01,12,4367.37,2025-07-13
CLI0307,PR03,5,1248.52,2026-02-03
CLI0307,PR05,5,2550.13,2025-07-19
CLI0308,PR04,2,346.34,2025-06-20
CLI0309,PR10,11,9442.95,2025-08-26
CLI0310,PR05,12,6961.08,2025-09-10
CLI0311,PR01,12,7622.05,2025-01-07
CLI0311,PR05,6,1523.73,2025-09-08
CLI0311,PR08,4,1136.79,2025-02-03
CLI0312,PR04,6,4643.27,2025-10-13
CLI0313,PR07,12,4028.58,2025-09-10
CLI0314,PR02,3,641.28,2025-11-24
CLI0314,PR03,9,7754.0,2025-11-10
CLI0314,PR07,6,1697.97,2025-01-22
CLI0314,PR08,12,1367.84,2025-07-03
CLI0315,PR03,11,4248.83,2025-02-18
CLI0315,PR04,6,3749.58,2025-11-10
CLI0315,PR05,10,2845.81,2025-09-18
CLI0316,PR01,9,5673.79,2025-01-14
CLI0317,PR05,4,566.37,2025-10-04
CLI0317,PR06,1,103.55,2025-09-18
CLI0317,PR08,7,5030.37,2025-07-20
CLI0318,PR05,9,4756.29,2025-03-26
CLI0319,PR03,6,2944.06,2025-10-18
CLI0319,PR04,7,1417.31,2025-07-12
CLI0319,PR09,2,1788.42,2026-01-24
CLI0320,PR05,1,328.34,2025-08-10
CLI0320,PR09,5,2425.02,2025-07-11
CLI0321,PR01,9,4192.45,2026-01-29
CLI0321,PR05,6,4627.69,2025-10-29
CLI0322,PR09,6,1796.5,2025-11-24
CLI0322,PR10,12,5918.78,2025-03-26
CLI0323,PR05,10,3077.87,2025-01-30
CLI0324,PR01,5,2656.93,2025-10-08
CLI0324,PR08,10,2345.6,2025-05-07
CLI0325,PR02,5,1532.24,2025-04-02
CLI0326,PR02,2,1035.25,2025-07-04
CLI0327,PR01,6,1488.31,2025-07-31
CLI0328,PR01,3,1723.59,2025-05-27
CLI0328,PR03,8,2057.32,2025-10-26
CLI0328,PR10,5,2094.43,2025-05-25
CLI0329,PR02,11,7639.85,2025-05-03
CLI0329,PR06,1,173.34,2026-01-31
CLI0329,PR10,8,4208.37,2025-08-17
CLI0330,PR02,9,4058.05,2025-11-15
CLI0330,PR05,7,3159.59,2025-02-28
CLI0330,PR06,1,377.61,2025-02-03
CLI0331,PR06,6,571.48,2025-07-27
CLI0331,PR08,1,423.87,2025-12-24
CLI0332,PR01,5,3458.49,2025-04-02
CLI0332,PR08,1,515.0,2025-08-06
CLI0333,PR02,8,1301.48,2025-09-11
CLI0333,PR06,10,1414.99,2025-05-16
CLI0334,PR01,12,3753.61,2025-01-18
CLI0334,PR09,7,3174.54,2025-11-17
CLI0335,PR05,8,721.29,2025-10-07
CLI0335,PR09,3,2341.36,2025-11-10
CLI0335,PR10,2,662.16,2025-05-17
CLI0336,PR01,12,9093.65,2025-12-29
CLI0336,PR03,5,2319.75,2026-01-21
CLI0336,PR08,10,6950.85,2025-09-27
CLI0336,PR09,4,567.55,2025-06-23
CLI0337,PR04,10,6761.22,2025-04-08
CLI0337,PR10,2,682.21,2025-05-31
CLI0338,PR02,6,4929.85,2025-07-22
CLI0338,PR05,10,5933.44,2025-06-06
CLI0339,PR01,7,2873.76,2025-11-08
CLI0339,PR10,7,5334.39,2025-09-22
CLI0340,PR01,9,7439.07,2026-01-31
CLI0340,PR02,3,2161.97,2026-01-08
CLI0341,PR03,8,3198.43,2025-08-31
CLI0341,PR04,7,6251.79,2025-08-15
CLI0342,PR01,5,2836.22,2025-11-15
CLI0342,PR08,6,5250.41,2025-04-01
CLI0343,PR01,2,633.46,2026-02-26
CLI0344,PR08,5,3613.79,2026-02-17
CLI0345,PR05,11,5281.43,2025-04-23
CLI0345,PR08,8,5253.01,2025-04-18
CLI0346,PR08,12,8178.45,2025-01-01
CLI0347,PR03,6,1211.03,2025-01-31
CLI0347,PR07,10,1861.16,2026-01-11
CLI0348,PR02,1,196.37,2025-07-08
CLI0348,PR04,4,3107.34,2025-09-07
CLI0348,PR09,6,4411.67,2025-08-27
CLI0349,PR06,1,892.24,2025-10-20
CLI0350,PR07,1,412.23,2025-03-20
CLI0350,PR08,1,534.8,2025-05-31
CLI0350,PR09,9,5009.11,2025-03-25
CLI0351,PR05,7,4329.92,2025-07-19
CLI0352,PR03,8,1175.64,2025-10-29
CLI0352,PR06,12,9917.91,2026-01-31
CLI0352,PR08,2,262.73,2025-03-23
CLI0352,PR09,11,4896.06,2025-06-02
CLI0353,PR05,4,439.07,2025-12-22
CLI0354,PR04,1,394.24,2025-07-07
CLI0354,PR07,2,581.39,2025-11-27
CLI0354,PR09,2,770.14,2025-12-07
CLI0355,PR02,11,7498.59,2025-01-31
CLI0355,PR04,12,3841.65,2025-08-04
CLI0356,PR06,6,3936.04,2025-11-08
CLI0356,PR08,5,4421.26,2025-04-04
CLI0357,PR03,9,5733.93,2025-12-03
CLI0357,PR04,2,1256.62,2025-11-02
CLI0357,PR09,12,7112.95,2025-03-25
CLI0358,PR02,7,574.08,2025-12-29
CLI0358,PR10,1,732.14,2025-05-03
CLI0359,PR01,9,3344.65,2025-10-06
CLI0360,PR01,10,1505.01,2025-03-15
CLI0360,PR10,2,753.24,2025-08-20
CLI0361,PR01,7,1604.22,2025-01-26
CLI0361,PR05,11,2293.47,2025-02-18
CLI0362,PR05,2,204.1,2025-03-31
CLI0363,PR04,8,6827.39,2025-09-27
CLI0363,PR09,11,1163.14,2025-10-19
CLI0364,PR02,11,4115.77,2025-09-23
CLI0364,PR05,6,2662.43,2025-03-03
CLI0365,PR02,2,1306.86,2025-12-23
CLI0365,PR08,1,120.2,2026-01-13
CLI0366,PR02,9,6991.56,2025-01-22
CLI0366,PR04,9,5803.2,2025-10-15
CLI0366,PR06,1,337.92,2025-02-24
CLI0367,PR06,2,1609.06,2025-09-09
CLI0367,PR08,1,528.83,2025-06-12
CLI0367,PR09,11,5637.55,2025-10-27
CLI0368,PR02,11,4062.62,2025-04-27
CLI0368,PR04,4,2572.66,2025-01-01
CLI0369,PR08,12,6244.65,2025-06-14
CLI0370,PR01,11,8347.79,2025-05-15
CLI0370,PR07,9,7125.92,2026-01-31
CLI0370,PR10,1,819.55,2025-06-03
CLI0371,PR01,10,1167.22,2025-08-29
CLI0372,PR01,11,8878.57,2025-12-20
CLI0372,PR05,11,6227.8,2025-10-23
CLI0373,PR06,4,2730.68,2025-05-28
CLI0373,PR07,7,4297.46,2025-05-22
CLI0374,PR07,11,5927.68,2025-03-23
CLI0375,PR01,6,3850.44,2025-09-23
CLI0375,PR05,6,2535.24,2025-03-05
CLI0376,PR01,12,9528.06,2025-10-29
CLI0376,PR04,11,5502.97,2025-12-22
CLI0376,PR08,6,1678.48,2025-04-13
CLI0377,PR07,9,2763.96,2026-02-02
CLI0377,PR10,9,5418.17,2026-03-01
CLI0378,PR03,12,9035.7,2025-01-20
CLI0378,PR08,7,2622.33,2026-01-07
CLI0379,PR01,7,1831.81,2026-02-01
CLI0379,PR05,12,3483.02,2025-01-05
CLI0380,PR07,5,3478.17,2026-02-03
CLI0380,PR10,3,2650.54,2025-10-09
CLI0381,PR01,2,1657.59,2025-03-31
CLI0381,PR03,5,3312.63,2025-01-19
CLI0381,PR04,9,6781.36,2025-01-16
CLI0381,PR05,1,727.36,2025-06-09
CLI0382,PR06,9,2731.19,2026-01-29
CLI0382,PR08,6,3512.36,2025-10-19
CLI0383,PR02,7,2504.32,2025-04-20
CLI0384,PR07,8,1972.13,2025-04-12
CLI0385,PR04,10,1621.98,2025-05-13
CLI0385,PR05,2,1551.76,2025-12-15
CLI0386,PR02,2,1601.69,2025-01-07
CLI0386,PR03,2,1556.27,2025-11-09
CLI0386,PR10,7,3008.45,2026-02-18
CLI0387,PR02,5,1054.87,2025-07-20
CLI0387,PR03,11,1887.01,2026-02-09
CLI0388,PR02,5,1781.4,2026-01-24
CLI0389,PR03,4,1146.37,2025-11-19
CLI0390,PR01,10,3012.42,2025-05-21
CLI0391,PR04,12,10185.4,2025-01-17
CLI0391,PR06,5,3184.98,2025-05-21
CLI0392,PR01,7,1855.74,2025-02-27
CLI0392,PR03,1,368.58,2025-06-21
CLI0393,PR08,11,5459.0,2025-01-15
CLI0393,PR10,1,708.64,2026-01-24
CLI0394,PR01,7,1049.38,2025-09-18
CLI0394,PR04,4,2613.17,2025-03-09
CLI0394,PR05,4,2211.7,2026-01-06
CLI0395,PR07,6,3829.22,2026-01-02
CLI0395,PR08,11,7388.2,2025-02-10
CLI0396,PR03,5,3433.39,2026-01-30
CLI0397,PR09,11,9795.34,2025-09-06
CLI0398,PR05,3,1435.25,2025-05-04
CLI0399,PR03,1,536.05,2025-01-15
CLI0399,PR07,8,7172.98,2025-03-07
CLI0400,PR09,1,526.29,2025-04-02
CLI0401,PR02,6,2186.85,2025-07-26
CLI0401,PR07,9,1215.73,2025-09-21
CLI0401,PR08,4,2064.49,2026-02-07
CLI0402,PR01,11,5321.74,2025-12-14
CLI0402,PR06,4,3312.47,2025-11-15
CLI0402,PR09,1,627.73,2025-04-22
CLI0403,PR02,8,4247.73,2026-01-18
CLI0403,PR08,5,1325.65,2025-09-18
CLI0403,PR10,2,185.64,2025-05-09
CLI0404,PR05,8,5832.5,2025-03-28
CLI0404,PR08,9,7306.4,2025-05-18
CLI0404,PR09,9,2519.62,2025-10-05
CLI0405,PR07,8,3494.57,2025-07-21
CLI0405,PR10,7,2223.5,2025-07-09
CLI0406,PR07,11,2507.35,2025-02-07
CLI0407,PR03,2,438.35,2025-07-01
CLI0408,PR01,11,7362.48,2025-08-18
CLI0408,PR05,2,966.55,2025-05-04
CLI0408,PR06,1,116.52,2025-05-04
CLI0409,PR02,10,6456.21,2025-10-14
CLI0409,PR05,8,4816.1,2025-12-26
CLI0409,PR06,1,237.42,2025-09-16
CLI0410,PR10,3,2592.48,2025-08-19
CLI0411,PR06,7,2153.19,2025-10-18
CLI0411,PR08,3,1440.07,2025-04-26
CLI0412,PR02,6,1049.03,2025-08-01
CLI0412,PR04,12,3321.48,2025-04-14
CLI0413,PR03,12,8943.69,2025-08-03
CLI0413,PR05,6,811.93,2025-12-25
CLI0413,PR07,1,788.29,2025-01-09
CLI0414,PR02,1,399.96,2025-11-26
CLI0414,PR08,7,5958.14,2025-06-27
CLI0415,PR01,5,3557.91,2026-01-31
CLI0415,PR05,12,4241.32,2025-01-06
CLI0416,PR01,2,1570.92,2025-07-23
CLI0417,PR01,10,7029.06,2026-01-23
CLI0417,PR05,2,1618.8,2025-12-24
CLI0418,PR05,1,431.12,2025-03-18
CLI0419,PR01,10,8889.74,2025-08-12
CLI0419,PR05,4,2187.78,2025-03-07
CLI0419,PR10,6,1662.0,2025-10-18
CLI0420,PR08,4,3170.87,2025-01-02
CLI0421,PR04,10,2499.1,2025-01-29
CLI0421,PR06,2,482.84,2025-06-06
CLI0422,PR03,4,1747.5,2025-01-11
CLI0422,PR10,7,1882.95,2025-08-21
CLI0423,PR01,7,4554.89,2025-03-08
CLI0423,PR05,12,8833.69,2025-02-19
CLI0424,PR04,8,6044.51,2026-02-03
CLI0424,PR08,12,8548.26,2025-07-28
CLI0425,PR02,1,543.46,2025-02-10
CLI0425,PR04,6,593.64,2025-06-08
CLI0426,PR04,8,6786.06,2025-05-03
CLI0426,PR07,11,3984.9,2025-11-04
CLI0426,PR10,10,7306.94,2025-06-12
CLI0427,PR01,9,5120.61,2025-07-10
CLI0427,PR05,5,917.91,2025-01-03
CLI0428,PR01,10,7920.48,2025-10-01
CLI0428,PR08,5,918.16,2026-02-02
CLI0428,PR09,7,2186.84,2025-08-08
CLI0429,PR02,12,10597.37,2025-03-21
CLI0429,PR05,7,4586.48,2025-10-08
CLI0430,PR06,6,4372.23,2026-01-23
CLI0431,PR03,1,636.62,2025-08-23
CLI0431,PR04,7,1098.84,2025-02-26
CLI0432,PR06,5,1661.48,2025-04-30
CLI0432,PR08,5,1694.7,2025-01-31
CLI0433,PR02,2,333.71,2025-10-15
CLI0433,PR03,3,961.14,2026-02-26
CLI0433,PR04,8,6063.39,2025-01-09
CLI0434,PR04,11,7684.86,2025-07-03
CLI0435,PR03,8,3931.01,2025-02-25
CLI0435,PR04,9,6249.05,2026-02-02
CLI0436,PR05,4,3263.89,2025-08-25
CLI0437,PR06,5,1868.72,2025-05-30
CLI0438,PR01,6,2877.08,2025-07-01
CLI0439,PR01,10,7756.98,2025-12-23
CLI0439,PR07,12,4246.75,2026-02-28
CLI0439,PR10,12,9707.81,2025-03-20
CLI0440,PR02,9,3139.15,2025-06-06
CLI0440,PR09,4,2245.83,2025-02-12
CLI0441,PR06,12,10312.25,2025-10-03
CLI0441,PR08,11,5626.82,2026-01-04
CLI0442,PR01,2,1593.32,2025-12-04
CLI0442,PR05,1,769.92,2025-02-27
CLI0443,PR01,2,821.98,2025-01-06
CLI0443,PR02,12,2756.75,2025-09-27
CLI0444,PR03,6,1177.23,2025-12-24
CLI0444,PR05,5,1373.72,2025-09-22
CLI0444,PR06,4,840.4,2025-11-14
CLI0445,PR01,5,2107.34,2025-01-29
CLI0445,PR05,3,1146.71,2025-12-04
CLI0446,PR02,2,227.98,2025-03-30
CLI0446,PR05,11,6725.18,2025-12-01
CLI0447,PR09,7,668.67,2026-02-10
CLI0447,PR10,9,5556.42,2025-04-23
CLI0448,PR03,1,359.52,2025-11-08
CLI0448,PR04,8,2698.51,2025-05-27
CLI0448,PR09,5,2703.77,2025-11-13
CLI0449,PR09,3,1917.55,2025-12-04
CLI0450,PR02,5,2554.84,2025-09-15
CLI0450,PR08,6,677.91,2025-02-25
CLI0451,PR04,12,9745.6,2025-07-03
CLI0452,PR01,9,2835.98,2025-05-16
CLI0452,PR08,10,8383.78,2025-08-10
CLI0453,PR05,5,3526.0,2025-09-16
CLI0453,PR08,12,3473.26,2025-12-27
CLI0453,PR10,2,741.31,2025-12-23
CLI0454,PR06,5,680.6,2025-03-23
CLI0454,PR08,2,618.06,2025-07-25
CLI0455,PR08,11,4682.73,2025-06-11
CLI0456,PR01,5,1376.44,2025-04-20
CLI0456,PR10,2,818.06,2025-09-19
CLI0457,PR02,4,1130.04,2025-12-19
CLI0457,PR03,11,2488.21,2025-03-21
CLI0457,PR07,5,1116.28,2025-06-08
CLI0458,PR08,3,2357.36,2025-02-11
CLI0459,PR01,9,1983.83,2025-08-03
CLI0460,PR03,7,4892.88,2025-07-12
CLI0460,PR04,1,106.4,2025-04-04
CLI0461,PR07,12,1571.73,2025-10-13
CLI0461,PR10,3,2558.97,2025-07-13
CLI0462,PR02,6,957.37,2025-10-19
CLI0462,PR10,5,3265.24,2025-05-17
CLI0463,PR06,11,7997.87,2025-07-19
CLI0463,PR09,8,4993.16,2025-07-16
CLI0463,PR10,1,93.16,2025-01-12
CLI0464,PR10,1,178.71,2025-11-17
CLI0465,PR01,2,1178.02,2025-05-26
CLI0465,PR02,2,1113.3,2025-02-12
CLI0465,PR09,12,4497.15,2025-08-27
CLI0466,PR02,5,2008.37,2025-01-06
CLI0466,PR06,9,7575.84,2026-02-24
CLI0467,PR02,3,2398.3,2025-09-11
CLI0467,PR04,4,3267.45,2025-01-22
CLI0467,PR07,11,6513.41,2025-04-27
CLI0468,PR10,1,649.02,2025-07-03
CLI0469,PR08,3,1895.57,2025-11-13
CLI0470,PR03,9,5849.73,2026-01-21
CLI0470,PR06,1,424.72,2025-09-04
CLI0470,PR07,5,2299.86,2025-06-10
CLI0471,PR02,8,2252.11,2025-11-02
CLI0472,PR07,9,3985.51,2025-02-17
CLI0473,PR10,6,2568.26,2025-06-20
CLI0474,PR02,9,7121.35,2025-04-04
CLI0474,PR03,1,204.4,2025-07-12
CLI0474,PR04,5,4286.21,2025-05-30
CLI0474,PR09,8,3318.07,2025-05-24
CLI0475,PR02,6,4366.79,2025-12-26
CLI0475,PR08,8,6275.74,2026-01-24
CLI0476,PR05,5,1541.04,2025-01-05
CLI0476,PR08,4,3210.11,2025-08-07
CLI0477,PR03,1,451.52,2026-01-19
CLI0477,PR04,7,4828.13,2025-03-29
CLI0477,PR05,4,3418.95,2025-09-08
CLI0477,PR09,12,2389.31,2025-07-22
CLI0478,PR02,12,9150.34,2025-01-10
CLI0478,PR10,10,3689.76,2025-12-09
CLI0479,PR03,8,2361.74,2025-03-19
CLI0479,PR07,9,3408.18,2025-02-12
CLI0479,PR10,4,1487.92,2025-01-24
CLI0480,PR10,10,7413.73,2025-07-23
CLI0481,PR01,3,2059.66,2025-04-03
CLI0481,PR06,3,843.54,2025-05-16
CLI0482,PR01,11,1143.17,2025-07-05
CLI0482,PR05,5,643.34,2025-01-14
CLI0483,PR02,11,1908.9,2025-05-23
CLI0483,PR06,9,7671.84,2025-07-26
CLI0484,PR01,9,3874.03,2025-12-08
CLI0484,PR08,5,1102.47,2025-09-01
CLI0484,PR09,11,2935.62,2025-04-04
CLI0485,PR09,12,4325.04,2025-04-13
CLI0485,PR10,11,9511.3,2025-07-11
CLI0486,PR03,2,1682.3,2025-07-23
CLI0486,PR08,11,2430.31,2025-10-17
CLI0487,PR03,12,7187.52,2026-02-23
CLI0487,PR07,2,1277.76,2025-11-20
CLI0488,PR03,4,519.32,2025-11-26
CLI0488,PR07,1,869.95,2025-05-16
CLI0488,PR10,6,2925.08,2025-12-06
CLI0489,PR07,1,575.88,2025-05-17
CLI0490,PR01,8,5385.48,2025-09-27
CLI0490,PR04,5,3528.75,2025-03-16
CLI0490,PR05,2,315.68,2025-06-20
CLI0490,PR09,7,1071.52,2025-08-23
CLI0491,PR07,8,4673.47,2025-05-29
CLI0491,PR09,4,1739.12,2026-01-26
CLI0492,PR03,7,775.92,2025-06-09
CLI0492,PR06,2,1547.78,2025-12-18
CLI0493,PR01,3,2150.73,2026-02-09
CLI0493,PR05,8,3182.63,2025-01-03
CLI0493,PR08,10,6180.32,2025-07-17
CLI0494,PR07,5,1293.58,2025-06-12
CLI0494,PR10,10,6987.24,2025-07-18
CLI0495,PR05,7,2370.37,2025-08-31
CLI0495,PR10,7,4637.59,2025-11-27
CLI0496,PR02,7,1001.43,2025-03-10
CLI0496,PR08,8,1225.37,2026-01-07
CLI0496,PR10,10,6355.28,2025-06-16
CLI0497,PR03,8,4778.0,2025-02-21
CLI0497,PR07,11,3399.06,2025-11-28
CLI0498,PR02,4,468.89,2025-08-30
CLI0499,PR01,11,7886.09,2025-06-23
CLI0499,PR03,7,4443.57,2025-08-02
CLI0500,PR01,8,2190.01,2026-02-11
CLI0500,PR05,5,817.7,2025-04-14
CLI0501,PR03,1,755.23,2025-12-30
CLI0501,PR04,5,3436.54,2025-09-25
CLI0501,PR07,2,448.47,2025-12-24
CLI0502,PR04,10,6213.51,2025-03-31
CLI0503,PR02,1,236.3,2025-05-20
CLI0503,PR06,9,1983.08,2025-10-09
CLI0504,PR03,3,518.03,2025-04-15
CLI0504,PR07,9,3485.42,2026-01-07
CLI0505,PR02,3,594.67,2025-11-21
CLI0505,PR06,3,2207.38,2025-05-04
CLI0505,PR08,9,5218.35,2025-10-01
CLI0506,PR01,1,177.46,2026-01-22
CLI0507,PR03,10,3997.86,2026-01-21
CLI0507,PR08,6,5163.37,2025-09-10
CLI0507,PR10,1,787.18,2026-01-16
CLI0508,PR08,2,1429.52,2025-02-22
CLI0509,PR06,5,1062.65,2025-10-27
CLI0510,PR04,2,484.72,2025-07-29
CLI0510,PR07,1,734.36,2025-10-24
CLI0511,PR07,5,988.23,2026-01-25
CLI0511,PR10,8,3468.33,2025-05-22
CLI0512,PR03,3,353.14,2025-08-28
CLI0513,PR05,5,870.25,2025-11-20
CLI0513,PR07,7,5104.44,2025-03-09
CLI0513,PR10,12,8045.64,2025-11-15
CLI0514,PR03,8,4805.27,2025-07-29
CLI0514,PR04,2,1521.13,2025-07-14
CLI0515,PR09,11,8006.68,2025-04-28
CLI0515,PR10,7,3952.97,2025-05-12
CLI0516,PR02,4,1158.68,2026-01-14
CLI0516,PR04,9,8051.51,2025-04-19
CLI0517,PR04,5,1169.17,2025-03-02
CLI0517,PR05,10,4756.93,2025-08-11
CLI0518,PR01,12,3135.7,2025-10-10
CLI0518,PR03,10,4948.05,2025-07-27
CLI0518,PR05,1,177.38,2025-09-27
CLI0519,PR01,7,913.82,2025-02-24
CLI0519,PR05,8,2351.88,2025-03-19
CLI0520,PR04,10,7602.27,2025-02-20
CLI0520,PR08,6,5017.72,2025-03-22
CLI0520,PR09,4,1885.21,2025-01-17
CLI0521,PR01,6,916.41,2025-08-15
CLI0521,PR05,9,7639.17,2025-04-30
CLI0522,PR01,5,1011.41,2025-09-18
CLI0522,PR03,8,2627.14,2025-06-09
CLI0522,PR06,7,5644.11,2025-12-07
CLI0523,PR07,8,5387.37,2026-01-12
CLI0523,PR09,3,1591.33,2025-09-04
CLI0523,PR10,9,6112.13,2025-03-02
CLI0524,PR10,9,6121.66,2025-06-05
CLI0525,PR08,3,2304.99,2025-06-04
CLI0526,PR03,1,507.09,2025-07-26
CLI0526,PR10,1,726.24,2026-02-28
CLI0527,PR02,7,3453.99,2026-02-26
CLI0527,PR03,7,4916.86,2025-12-07
CLI0527,PR04,6,1607.61,2025-02-01
CLI0528,PR05,1,154.01,2026-02-09
CLI0528,PR06,6,4534.88,2025-08-31
CLI0529,PR02,12,2373.68,2025-11-13
CLI0529,PR06,8,6912.03,2025-08-22
CLI0530,PR09,3,358.43,2025-01-22
CLI0531,PR03,7,2897.25,2025-03-09
CLI0531,PR07,9,4474.76,2025-11-05
CLI0532,PR01,12,1645.21,2026-01-08
CLI0532,PR03,5,1662.3,2025-05-28
CLI0532,PR05,10,3516.86,2025-03-04
CLI0533,PR05,10,8404.38,2025-06-11
CLI0533,PR07,1,718.52,2025-05-09
CLI0533,PR09,3,2096.61,2025-04-03
CLI0534,PR04,1,646.32,2025-09-04
CLI0535,PR01,7,952.23,2025-11-24
CLI0535,PR08,8,3653.91,2025-06-13
CLI0536,PR05,4,2951.07,2025-08-07
CLI0536,PR07,1,350.56,2025-04-14
CLI0536,PR10,1,478.02,2025-03-10
CLI0537,PR01,10,8147.88,2025-06-19
CLI0537,PR07,5,2265.9,2025-08-01
CLI0537,PR08,10,1711.84,2025-10-04
CLI0538,PR01,10,7578.19,2025-05-20
CLI0538,PR09,2,429.22,2025-07-26
CLI0539,PR10,8,3520.64,2025-09-06
CLI0540,PR03,3,659.71,2025-09-18
CLI0540,PR04,7,4609.27,2025-08-07
CLI0540,PR09,9,2646.34,2025-06-15
CLI0540,PR10,8,5687.62,2025-10-06
CLI0541,PR03,7,1037.02,2025-04-22
CLI0541,PR06,10,3504.91,2025-08-16
CLI0541,PR09,8,4834.61,2025-01-14
CLI0542,PR01,6,3168.04,2025-05-11
CLI0543,PR01,11,5756.95,2025-10-13
CLI0544,PR02,8,703.42,2025-08-29
CLI0544,PR06,3,2438.77,2026-01-14
CLI0544,PR08,5,4298.84,2025-10-06
CLI0545,PR06,3,1862.51,2026-02-24
CLI0545,PR09,3,2148.75,2025-03-29
CLI0545,PR10,5,3694.55,2025-08-13
CLI0546,PR07,2,1240.65,2026-02-28
CLI0546,PR08,9,7898.35,2025-03-16
CLI0547,PR02,11,5386.79,2025-05-27
CLI0547,PR06,7,1391.35,2025-04-03
CLI0547,PR08,4,456.86,2025-10-15
CLI0548,PR02,9,6981.48,2026-01-24
CLI0548,PR08,6,1224.6,2026-01-13
CLI0549,PR03,10,8595.69,2025-04-23
CLI0549,PR08,11,7412.29,2025-03-31
CLI0549,PR10,8,1020.98,2025-05-03
CLI0550,PR01,6,4872.05,2025-09-30
CLI0550,PR02,2,1126.47,2025-11-13
CLI0550,PR09,6,4767.21,2025-07-22
CLI0551,PR03,6,2722.49,2025-04-04
CLI0552,PR02,2,751.88,2026-02-06
CLI0552,PR03,1,279.01,2026-02-11
CLI0553,PR02,5,1365.68,2025-11-07
CLI0554,PR06,1,551.28,2025-05-30
CLI0554,PR10,4,2264.61,2026-02-22
CLI0555,PR10,7,2617.41,2025-03-02
CLI0556,PR01,4,3337.18,2025-08-28
CLI0556,PR08,1,424.24,2025-08-02
CLI0557,PR02,10,5657.84,2026-01-03
CLI0558,PR05,2,1072.5,2025-09-28
CLI0558,PR06,11,4952.52,2026-01-04
CLI0559,PR02,9,7562.92,2025-09-08
CLI0560,PR05,11,3241.51,2025-07-31
CLI0561,PR02,2,186.24,2025-08-13
CLI0561,PR06,5,547.69,2025-03-18
CLI0561,PR08,2,1792.66,2025-09-16
CLI0562,PR09,5,2138.32,2026-02-26
CLI0563,PR02,1,474.19,2025-10-08
CLI0563,PR08,7,6056.97,2025-02-20
CLI0564,PR06,12,10244.44,2025-08-31
CLI0565,PR01,1,411.57,2025-03-29
CLI0565,PR05,5,2724.18,2025-10-10
CLI0566,PR01,1,863.34,2026-02-22
CLI0566,PR05,7,5639.43,2025-09-03
CLI0566,PR08,6,3208.42,2025-10-07
CLI0567,PR01,1,380.62,2025-07-09
CLI0567,PR08,10,5852.55,2025-05-13
CLI0568,PR02,10,7492.84,2025-07-22
CLI0568,PR03,4,730.72,2025-10-12
CLI0568,PR04,4,2485.4,2025-03-18
CLI0569,PR02,12,4277.53,2025-08-26
CLI0569,PR06,5,1070.56,2025-08-10
CLI0570,PR02,2,907.41,2025-08-22
CLI0570,PR04,1,434.89,2025-03-03
CLI0570,PR08,8,6169.43,2025-12-29
CLI0571,PR08,4,3348.02,2025-03-06
CLI0572,PR01,12,3755.24,2025-10-31
CLI0572,PR05,10,2283.0,2025-11-26
CLI0573,PR02,4,1179.19,2025-02-25
CLI0573,PR07,5,3465.72,2025-08-14
CLI0574,PR07,4,1250.45,2025-04-12
CLI0575,PR03,2,1665.09,2025-07-04
CLI0575,PR07,3,1246.27,2025-04-13
CLI0575,PR10,6,5222.28,2025-10-12
CLI0576,PR04,5,3666.85,2025-05-06
CLI0576,PR08,9,3060.51,2025-07-30
CLI0577,PR02,7,3582.46,2025-02-05
CLI0577,PR06,10,2996.81,2025-07-03
CLI0577,PR08,11,4635.3,2025-03-25
CLI0578,PR01,2,1503.76,2025-02-24
CLI0578,PR05,11,3288.68,2026-02-26
CLI0578,PR08,6,561.9,2025-07-29
CLI0579,PR08,5,2943.76,2025-01-23
CLI0579,PR09,2,932.55,2025-05-29
CLI0580,PR09,6,3368.92,2026-01-16
CLI0581,PR01,10,7817.55,2025-05-01
CLI0582,PR01,1,444.34,2025-07-14
CLI0582,PR09,8,1173.51,2025-11-03
CLI0583,PR02,9,3259.52,2025-06-06
CLI0583,PR03,10,2552.62,2025-10-17
CLI0584,PR02,3,2414.19,2025-04-27
CLI0584,PR04,11,9093.25,2025-04-19
CLI0585,PR01,1,763.05,2025-06-11
CLI0585,PR02,3,1765.14,2025-11-18
CLI0585,PR08,8,4074.21,2025-07-13
CLI0586,PR06,5,3100.36,2025-06-18
CLI0587,PR02,11,8200.86,2025-04-14
CLI0588,PR06,11,5999.76,2025-06-14
CLI0588,PR07,1,653.58,2026-03-01
CLI0588,PR10,1,637.66,2026-01-17
CLI0589,PR02,12,9667.04,2025-08-07
CLI0589,PR08,4,2249.8,2025-06-19
CLI0590,PR03,2,1510.28,2025-06-06
CLI0590,PR08,2,495.15,2026-02-28
CLI0591,PR03,7,3862.1,2025-04-26
CLI0591,PR10,6,2270.86,2025-02-20
CLI0592,PR01,4,1368.46,2026-01-14
CLI0592,PR02,4,3127.6,2025-04-25
CLI0592,PR04,6,3282.54,2025-05-28
CLI0593,PR04,4,575.42,2025-12-20
CLI0594,PR02,10,7581.55,2025-06-01
CLI0594,PR06,8,1987.18,2026-02-13
CLI0594,PR08,12,985.59,2025-12-11
CLI0595,PR08,8,1892.84,2025-11-26
CLI0595,PR09,8,6160.52,2025-07-29
CLI0596,PR08,12,5618.53,2025-04-21
CLI0596,PR10,9,2046.37,2025-09-17
CLI0597,PR02,8,5047.9,2025-11-21
CLI0597,PR08,6,4195.26,2025-07-02
CLI0598,PR03,10,2253.79,2026-02-25
CLI0598,PR07,11,8524.27,2025-02-11
CLI0598,PR10,5,3941.32,2025-07-20
CLI0599,PR01,5,2386.09,2025-03-12
CLI0599,PR08,2,922.37,2026-01-15
CLI0599,PR10,5,3517.04,2026-01-03
CLI0600,PR01,4,719.39,2025-08-08
CLI0600,PR06,12,10715.41,2025-03-13
CLI0600,PR08,4,714.98,2025-06-29
CLI0600,PR09,9,859.85,2026-02-19
CLI0601,PR02,4,1139.52,2025-04-24
CLI0601,PR04,4,1925.77,2025-05-17
CLI0601,PR08,8,4693.45,2026-01-05
CLI0602,PR01,1,682.11,2025-09-06
CLI0602,PR03,9,4352.22,2025-04-18
CLI0603,PR03,4,1991.32,2025-06-12
CLI0603,PR04,7,3252.3,2026-01-18
CLI0604,PR02,9,7207.44,2025-08-15
CLI0604,PR06,12,6827.82,2025-07-27
CLI0605,PR08,5,3398.64,2025-01-06
CLI0606,PR08,4,1434.31,2025-09-08
CLI0607,PR01,8,3634.66,2025-06-05
CLI0607,PR02,3,1222.15,2025-02-13
CLI0607,PR05,10,6835.36,2025-11-14
CLI0608,PR01,12,4141.14,2025-11-06
CLI0608,PR04,8,1094.66,2025-02-15
CLI0608,PR05,1,516.68,2025-03-13
CLI0609,PR03,3,783.69,2025-11-24
CLI0609,PR04,10,8093.98,2025-02-18
CLI0610,PR01,2,645.99,2025-09-13
CLI0610,PR07,7,5518.32,2025-01-28
CLI0611,PR08,7,5574.78,2026-02-20
CLI0612,PR04,6,4195.33,2025-04-18
CLI0613,PR04,1,280.35,2025-01-02
CLI0614,PR02,8,5236.53,2025-07-30
CLI0614,PR08,5,4215.43,2025-08-17
CLI0615,PR01,3,1581.24,2026-02-03
CLI0615,PR03,12,6021.91,2025-03-05
CLI0615,PR07,11,1172.16,2025-11-20
CLI0616,PR09,7,2593.86,2025-04-11
CLI0617,PR04,2,1486.89,2025-07-22
CLI0617,PR05,5,2969.18,2025-02-09
CLI0617,PR08,5,3750.12,2026-01-15
CLI0618,PR04,12,6832.45,2025-05-17
CLI0618,PR06,10,8199.38,2025-09-07
CLI0619,PR06,9,858.81,2025-10-04
CLI0619,PR09,6,3814.25,2025-11-06
CLI0619,PR10,6,2946.71,2025-08-08
CLI0620,PR07,12,8227.9,2025-02-10
CLI0620,PR09,2,1622.15,2025-07-22
CLI0621,PR04,4,2579.11,2025-11-04
CLI0622,PR02,1,756.2,2025-10-15
CLI0622,PR08,7,4861.33,2025-01-20
CLI0623,PR02,10,7764.15,2025-11-01
CLI0624,PR06,12,6202.2,2025-04-07
CLI0625,PR02,1,288.72,2025-01-06
CLI0625,PR05,3,1931.91,2025-11-16
CLI0626,PR03,12,6957.87,2025-08-21
CLI0626,PR04,4,2258.73,2025-02-03
CLI0626,PR09,11,3871.68,2025-09-03
CLI0627,PR02,2,717.73,2025-08-24
CLI0627,PR06,1,701.91,2025-04-15
CLI0627,PR08,2,1351.67,2025-10-04
CLI0628,PR02,2,1370.21,2025-07-01
CLI0628,PR03,6,3206.48,2025-04-09
CLI0629,PR03,12,3403.25,2025-04-11
CLI0630,PR02,2,439.91,2025-09-22
CLI0631,PR02,4,3153.79,2025-07-22
CLI0632,PR03,12,2147.68,2025-06-03
CLI0632,PR07,1,234.95,2025-05-22
CLI0632,PR10,3,2430.61,2025-11-12
CLI0633,PR01,10,7298.92,2026-01-20
CLI0634,PR06,3,1104.47,2025-05-12
CLI0635,PR08,7,4678.78,2026-01-14
CLI0635,PR09,5,4184.96,2026-01-15
CLI0636,PR03,1,408.41,2025-02-15
CLI0636,PR10,6,2899.47,2025-08-02
CLI0637,PR08,8,3106.74,2025-06-07
CLI0638,PR03,10,7016.68,2025-11-18
CLI0638,PR06,7,1666.65,2025-04-14
CLI0638,PR10,11,8866.23,2025-12-15
CLI0639,PR06,11,4081.0,2026-02-23
CLI0639,PR10,2,1716.39,2025-05-02
CLI0640,PR03,1,328.57,2025-11-10
CLI0640,PR06,3,2498.73,2025-06-13
CLI0640,PR07,5,3472.47,2025-11-14
CLI0640,PR08,1,244.13,2025-10-29
CLI0641,PR01,6,2749.4,2026-01-08
CLI0641,PR02,11,1438.12,2026-01-22
CLI0641,PR05,2,1611.05,2026-01-07
CLI0642,PR02,10,4700.24,2025-08-16
CLI0643,PR02,2,1286.04,2025-08-13
CLI0643,PR03,2,933.08,2025-03-31
CLI0644,PR05,5,4178.91,2025-10-01
CLI0644,PR09,8,820.7,2025-03-28
CLI0645,PR01,6,3637.27,2025-01-12
CLI0645,PR04,11,1976.87,2025-09-05
CLI0646,PR06,1,271.9,2025-01-31
CLI0646,PR08,1,572.13,2025-06-20
CLI0646,PR09,1,228.72,2025-06-28
CLI0647,PR02,2,954.98,2025-05-21
CLI0647,PR06,6,744.05,2025-11-09
CLI0647,PR09,5,4273.31,2026-02-20
CLI0648,PR01,5,4279.68,2025-07-07
CLI0648,PR07,9,5172.3,2025-10-31
CLI0648,PR09,5,847.19,2025-01-11
CLI0649,PR02,12,6591.74,2025-07-29
CLI0649,PR03,5,775.38,2026-02-22
CLI0649,PR10,12,8336.33,2025-04-12
CLI0650,PR03,3,700.3,2025-08-17
CLI0651,PR04,5,3582.74,2025-02-02
CLI0651,PR05,5,3532.31,2025-07-09
CLI0652,PR01,4,2649.36,2025-03-26
CLI0652,PR03,7,1271.38,2025-04-30
CLI0652,PR10,1,573.96,2025-07-24
CLI0653,PR05,1,658.4,2025-06-25
CLI0653,PR09,6,528.73,2025-04-04
CLI0654,PR04,5,3602.11,2025-03-17
CLI0654,PR08,2,1085.37,2025-03-05
CLI0654,PR10,2,1291.66,2026-01-04
CLI0655,PR04,7,4615.57,2025-10-02
CLI0656,PR02,3,1271.95,2025-11-29
CLI0656,PR03,6,953.52,2025-10-02
CLI0657,PR10,9,7386.04,2025-04-14
CLI0658,PR06,9,2765.36,2025-02-12
CLI0658,PR08,2,161.97,2025-03-28
CLI0659,PR09,8,653.76,2025-11-17
CLI0660,PR04,6,2310.37,2025-04-05
CLI0660,PR05,3,400.24,2025-01-31
CLI0661,PR08,8,2670.97,2026-02-06
CLI0662,PR08,8,4857.53,2025-06-19
CLI0663,PR04,1,352.88,2025-12-05
CLI0664,PR04,1,251.24,2025-01-06
CLI0664,PR05,6,1131.94,2025-08-01
CLI0664,PR10,9,6881.73,2025-11-21
CLI0665,PR05,11,6743.79,2025-09-23
CLI0665,PR10,9,7778.99,2025-11-15
CLI0666,PR01,5,1440.05,2025-11-07
CLI0666,PR05,10,2987.53,2025-08-05
CLI0667,PR01,9,1780.42,2025-04-22
CLI0667,PR07,3,2102.63,2025-11-13
CLI0668,PR07,8,4136.87,2025-11-12
CLI0668,PR10,3,2269.01,2025-03-16
CLI0669,PR01,5,3932.47,2025-04-18
CLI0669,PR08,11,1566.12,2025-12-22
CLI0669,PR10,10,3585.84,2025-09-28
CLI0670,PR02,6,5102.34,2026-02-21
CLI0670,PR03,10,3122.03,2025-01-26
CLI0671,PR06,6,1078.88,2025-05-09
CLI0671,PR08,7,5368.65,2026-02-21
CLI0672,PR05,4,3484.22,2026-02-02
CLI0672,PR07,10,3312.83,2025-04-21
CLI0672,PR10,5,1768.91,2026-02-13
CLI0673,PR10,4,1164.26,2025-08-11
CLI0674,PR02,10,6012.61,2025-02-05
CLI0675,PR03,6,4662.06,2025-02-18
CLI0675,PR04,6,2409.36,2025-01-12
CLI0676,PR04,12,6328.33,2026-02-23
CLI0676,PR07,4,2088.19,2025-11-23
CLI0676,PR09,2,187.76,2025-04-03
CLI0676,PR10,2,1117.07,2025-08-28
CLI0677,PR03,4,2701.9,2025-01-22
CLI0678,PR07,9,3999.64,2025-09-11
CLI0678,PR10,4,1551.44,2025-03-25
CLI0679,PR06,12,6058.5,2025-08-20
CLI0680,PR04,1,591.85,2025-12-23
CLI0680,PR07,4,1434.34,2025-08-25
CLI0681,PR01,6,1703.96,2025-07-13
CLI0681,PR05,2,1492.7,2025-12-27
CLI0681,PR08,7,6145.3,2025-03-27
CLI0682,PR03,6,3398.54,2025-07-18
CLI0682,PR08,12,10116.68,2025-03-08
CLI0683,PR05,11,1224.81,2025-09-26
CLI0684,PR01,7,4443.31,2025-04-25
CLI0684,PR02,10,3590.97,2025-11-19
CLI0684,PR04,10,2518.68,2025-11-30
CLI0684,PR07,2,800.76,2025-04-05
CLI0685,PR04,6,942.68,2025-11-04
CLI0686,PR02,6,3324.55,2025-03-19
CLI0686,PR03,10,3054.45,2025-08-26
CLI0686,PR04,8,652.78,2025-06-22
CLI0686,PR07,9,1843.04,2025-01-06
CLI0687,PR02,5,2917.29,2025-06-11
CLI0687,PR04,4,2636.38,2025-06-21
CLI0687,PR07,5,2194.02,2025-11-26
CLI0688,PR03,8,3322.7,2025-06-20
CLI0688,PR07,11,5088.1,2025-02-04
CLI0689,PR01,3,2495.39,2025-01-27
CLI0690,PR03,3,973.99,2025-08-11
CLI0690,PR04,7,3073.27,2026-01-06
CLI0691,PR10,8,6645.78,2025-07-30
CLI0692,PR02,6,3157.22,2025-07-04
CLI0692,PR08,8,5611.18,2025-04-18
CLI0693,PR01,9,6678.36,2025-04-12
CLI0693,PR02,3,1138.77,2025-05-11
CLI0693,PR05,1,125.13,2025-01-30
CLI0694,PR02,3,575.74,2025-10-19
CLI0694,PR08,7,1237.08,2025-02-09
CLI0695,PR02,8,1813.82,2026-01-20
CLI0695,PR06,11,5605.59,2025-11-28
CLI0696,PR08,4,726.18,2025-09-25
CLI0697,PR03,8,4249.61,2025-03-17
CLI0698,PR04,8,2831.97,2025-05-27
CLI0699,PR02,5,3764.03,2025-03-27
CLI0699,PR03,1,803.61,2025-04-19
CLI0699,PR04,12,6388.7,2025-02-23
CLI0699,PR08,10,8123.14,2025-10-27
CLI0700,PR02,9,5890.3,2026-02-26
CLI0701,PR03,3,503.15,2025-04-08
CLI0702,PR06,4,2625.7,2026-01-07
CLI0702,PR07,11,9212.13,2025-04-15
CLI0702,PR08,12,7309.39,2025-08-26
CLI0703,PR01,3,597.49,2025-11-09
CLI0703,PR03,1,893.76,2025-12-09
CLI0704,PR06,12,6859.88,2025-10-08
CLI0704,PR08,6,743.79,2025-08-16
CLI0705,PR02,3,1648.66,2025-04-11
CLI0705,PR03,2,1290.49,2025-07-05
CLI0706,PR04,8,5427.29,2025-03-03
CLI0706,PR08,8,1919.77,2025-03-29
CLI0707,PR03,9,4204.48,2026-02-25
CLI0707,PR10,11,7355.26,2026-02-21
CLI0708,PR07,3,377.16,2025-01-14
CLI0708,PR08,8,1093.12,2025-06-16
CLI0708,PR09,12,9524.45,2025-12-31
CLI0709,PR03,9,2947.65,2025-07-05
CLI0709,PR07,8,787.02,2025-05-09
CLI0710,PR01,11,8315.58,2026-02-03
CLI0710,PR05,10,5202.27,2025-05-14
CLI0711,PR05,5,3399.09,2025-03-02
CLI0712,PR03,11,2328.73,2026-02-06
CLI0712,PR10,6,585.32,2025-04-27
CLI0713,PR01,7,4475.96,2026-02-06
CLI0713,PR03,11,2455.9,2025-08-14
CLI0713,PR08,12,4911.65,2025-10-12
CLI0713,PR09,7,3780.46,2025-11-11
CLI0714,PR04,8,6478.13,2025-08-02
CLI0714,PR09,4,748.12,2025-07-10
CLI0715,PR02,10,7675.78,2026-01-04
CLI0715,PR08,6,3176.72,2025-06-22
CLI0716,PR02,1,696.5,2025-05-15
CLI0716,PR03,12,4483.88,2025-03-21
CLI0716,PR04,10,4468.81,2026-03-01
CLI0717,PR06,8,899.7,2025-01-03
CLI0717,PR07,6,2801.77,2025-08-06
CLI0718,PR08,1,101.82,2025-01-19
CLI0719,PR01,3,1744.76,2025-12-26
CLI0719,PR05,8,5995.33,2026-01-29
CLI0720,PR06,8,5849.27,2026-02-22
CLI0720,PR08,6,2910.41,2025-12-12
CLI0720,PR09,12,3792.02,2025-08-27
CLI0721,PR01,7,3436.34,2025-01-17
CLI0721,PR03,6,3411.12,2025-03-25
CLI0722,PR01,11,3093.61,2025-08-06
CLI0723,PR02,3,2077.04,2026-02-21
CLI0723,PR03,12,9893.43,2025-04-25
CLI0723,PR09,5,3527.93,2025-05-26
CLI0724,PR02,7,1761.65,2025-08-03
CLI0724,PR06,7,2811.34,2026-01-14
CLI0724,PR08,3,1228.22,2025-02-05
CLI0725,PR09,11,8074.52,2025-06-09
CLI0726,PR03,1,215.84,2025-12-21
CLI0726,PR06,2,269.5,2025-04-30
CLI0726,PR08,4,1350.27,2025-12-25
CLI0727,PR02,10,4799.19,2025-09-01
CLI0727,PR09,3,2447.61,2025-09-13
CLI0728,PR03,12,7367.16,2025-10-13
CLI0728,PR07,2,348.74,2025-04-04
CLI0728,PR09,12,10016.86,2025-08-09
CLI0729,PR02,6,5262.96,2026-02-07
CLI0730,PR09,5,4437.28,2025-10-03
CLI0730,PR10,8,7006.24,2025-11-02
CLI0731,PR08,7,1111.85,2025-01-05
CLI0731,PR09,10,5214.89,2025-04-20
CLI0732,PR01,1,744.44,2025-05-02
CLI0733,PR05,7,5629.78,2025-11-21
CLI0734,PR01,4,3331.33,2025-04-09
CLI0734,PR09,1,540.31,2025-10-15
CLI0734,PR10,10,4926.62,2025-11-26
CLI0735,PR02,6,610.5,2025-04-26
CLI0735,PR06,7,989.15,2025-05-26
CLI0736,PR03,11,1487.37,2025-08-16
CLI0736,PR10,7,4519.34,2025-07-28
CLI0737,PR05,3,463.84,2026-01-04
CLI0737,PR06,7,1329.26,2025-12-15
CLI0738,PR01,3,1881.86,2025-08-13
CLI0739,PR04,7,5313.71,2025-08-25
CLI0739,PR05,7,2886.56,2025-05-02
CLI0739,PR10,3,2072.02,2025-05-07
CLI0740,PR05,2,730.02,2026-01-02
CLI0740,PR07,5,1246.93,2025-05-14
CLI0741,PR02,9,5625.24,2025-10-28
CLI0742,PR03,7,3982.26,2025-03-30
CLI0742,PR04,4,986.65,2025-01-21
CLI0743,PR01,5,1141.3,2025-12-23
CLI0743,PR06,1,661.59,2025-04-13
CLI0744,PR05,4,1683.55,2025-08-08
CLI0745,PR09,1,641.91,2025-10-01
CLI0746,PR02,10,1923.63,2025-07-18
CLI0746,PR04,7,5882.16,2025-09-11
CLI0746,PR08,9,7692.82,2025-10-01
CLI0747,PR01,4,608.5,2025-04-04
CLI0747,PR06,9,3015.03,2025-06-22
CLI0747,PR10,5,808.03,2025-08-05
CLI0748,PR10,6,2585.55,2025-11-08
CLI0749,PR01,10,2938.07,2025-04-17
CLI0749,PR08,1,635.65,2025-05-11
CLI0750,PR07,2,215.41,2026-02-14
CLI0751,PR08,6,1914.27,2025-12-07
CLI0751,PR10,2,755.26,2025-09-29
CLI0752,PR02,1,889.79,2025-09-22
CLI0752,PR06,6,3745.19,2025-10-16
CLI0752,PR08,10,8302.03,2025-01-20
CLI0753,PR03,12,4465.35,2025-10-27
CLI0754,PR02,6,2475.22,2025-03-14
CLI0755,PR03,3,683.16,2025-07-18
CLI0755,PR10,8,5056.08,2025-10-25
CLI0756,PR02,9,4148.39,2025-05-22
CLI0756,PR06,11,902.76,2025-09-20
CLI0756,PR08,11,9168.74,2025-08-25
CLI0757,PR04,9,4158.23,2025-06-16
CLI0758,PR02,1,575.05,2026-01-09
CLI0758,PR09,12,7267.99,2025-09-03
CLI0759,PR01,7,2133.27,2025-01-24
CLI0759,PR05,10,4154.45,2025-03-03
CLI0760,PR02,7,5303.87,2025-08-28
CLI0760,PR08,7,6167.13,2025-12-03
CLI0761,PR02,11,6708.34,2025-12-26
CLI0761,PR03,7,3174.17,2025-10-19
CLI0761,PR06,3,2033.11,2025-10-01
CLI0761,PR09,1,398.73,2025-12-17
CLI0762,PR01,11,4463.4,2026-01-23
CLI0762,PR03,2,925.67,2025-03-09
CLI0762,PR07,6,1786.85,2025-01-12
CLI0763,PR01,6,529.2,2025-06-26
CLI0763,PR02,3,1690.32,2026-01-23
CLI0763,PR07,9,2169.13,2025-11-16
CLI0764,PR02,12,8467.21,2025-02-26
CLI0765,PR02,1,357.49,2025-07-25
CLI0765,PR08,10,4541.13,2025-03-08
CLI0766,PR07,10,1844.6,2025-01-19
CLI0766,PR08,6,1402.04,2025-12-17
CLI0766,PR10,10,7861.63,2025-11-15
CLI0767,PR03,5,3560.96,2025-09-30
CLI0768,PR03,5,4225.07,2025-01-07
CLI0768,PR07,10,3540.13,2025-09-13
CLI0769,PR04,7,3250.21,2025-11-03
CLI0770,PR03,12,2742.57,2025-05-18
CLI0771,PR03,4,2919.3,2025-08-05
CLI0772,PR01,7,4276.68,2025-10-12
CLI0772,PR02,12,9805.41,2026-02-02
CLI0772,PR05,8,4153.85,2025-09-27
CLI0772,PR08,4,922.18,2025-02-03
CLI0773,PR01,7,2267.8,2025-08-26
CLI0774,PR09,7,6176.28,2025-02-08
CLI0775,PR01,3,268.43,2025-03-25
CLI0775,PR04,11,8533.65,2025-02-23
CLI0775,PR08,9,6051.75,2025-10-11
CLI0776,PR05,2,859.63,2025-12-29
CLI0776,PR08,1,584.33,2025-02-18
CLI0777,PR05,5,2394.76,2025-12-26
CLI0777,PR08,4,2015.79,2025-02-03
CLI0777,PR09,10,882.51,2025-07-11
CLI0778,PR03,11,1053.45,2025-01-09
CLI0778,PR04,7,2316.06,2025-11-02
CLI0778,PR05,3,1666.2,2025-06-30
CLI0779,PR05,5,2263.97,2025-09-28
CLI0780,PR02,11,3853.46,2025-12-21
CLI0780,PR03,1,127.3,2025-11-11
CLI0780,PR08,9,3482.48,2025-05-14
CLI0781,PR03,2,553.37,2025-08-27
CLI0781,PR10,1,102.36,2025-08-26
CLI0782,PR01,12,4988.36,2025-07-13
CLI0782,PR06,6,987.05,2025-03-03
CLI0783,PR06,5,3249.85,2025-08-27
CLI0783,PR07,8,5416.56,2025-08-07
CLI0783,PR08,2,1591.43,2025-06-21
CLI0784,PR08,3,1759.82,2025-06-03
CLI0785,PR02,9,7203.75,2025-09-17
CLI0786,PR01,12,2394.03,2026-01-08
CLI0786,PR09,10,8654.89,2025-06-19
CLI0787,PR01,3,1598.53,2025-12-29
CLI0787,PR08,1,460.85,2025-01-04
CLI0788,PR09,10,1135.75,2026-01-05
CLI0789,PR03,7,5947.85,2025-10-09
CLI0789,PR05,6,4487.77,2025-05-26
CLI0790,PR01,1,116.72,2025-06-16
CLI0790,PR06,8,2467.73,2026-01-14
CLI0790,PR07,9,2321.25,2025-08-22
CLI0790,PR09,4,2073.65,2025-05-15
CLI0791,PR01,6,4095.47,2025-08-26
CLI0792,PR06,11,1660.41,2026-01-09
CLI0792,PR09,3,2473.47,2025-07-10
CLI0793,PR04,10,1193.9,2025-03-27
CLI0793,PR09,12,5065.74,2025-11-24
CLI0794,PR01,6,2425.78,2025-01-23
CLI0794,PR05,10,8937.19,2025-02-13
CLI0795,PR01,10,2602.75,2025-03-01
CLI0795,PR05,7,5619.13,2025-09-15
CLI0795,PR07,2,978.69,2025-12-12
CLI0796,PR01,2,1413.04,2026-01-02
CLI0796,PR08,1,771.6,2025-04-21
CLI0796,PR09,9,1154.16,2025-01-04
CLI0797,PR03,10,8173.02,2026-01-30
CLI0797,PR05,1,266.07,2025-07-24
CLI0797,PR08,4,3317.55,2025-12-17
CLI0798,PR01,4,3455.74,2026-01-08
CLI0798,PR07,10,4200.85,2025-08-18
CLI0798,PR10,11,6508.03,2025-01-30
CLI0799,PR01,7,5789.68,2025-08-06
CLI0799,PR07,2,1628.44,2025-07-25
CLI0800,PR01,4,972.12,2025-04-29
CLI0800,PR05,4,897.96,2026-01-26
CLI0800,PR06,6,843.91,2025-05-12
CLI0801,PR02,1,818.09,2025-09-18
CLI0801,PR04,7,2327.59,2025-09-24
CLI0802,PR02,10,6338.09,2025-07-20
CLI0802,PR04,1,97.64,2025-07-08
CLI0803,PR01,1,568.22,2025-01-01
CLI0803,PR05,4,3549.6,2025-08-03
CLI0804,PR02,9,2304.19,2025-05-31
CLI0804,PR05,12,9120.54,2025-11-23
CLI0804,PR08,3,1330.65,2025-03-10
CLI0805,PR06,9,4682.76,2025-05-17
CLI0805,PR10,10,4253.7,2026-01-31
CLI0806,PR02,10,5366.07,2025-12-12
CLI0806,PR06,3,1223.7,2025-04-18
CLI0807,PR01,10,8596.98,2025-04-20
CLI0807,PR10,12,5714.59,2025-10-13
CLI0808,PR01,1,800.7,2026-02-05
CLI0808,PR02,3,345.16,2025-01-13
CLI0808,PR09,5,1679.47,2025-06-17
CLI0808,PR10,11,3454.38,2025-06-27
CLI0809,PR01,1,653.02,2026-01-19
CLI0809,PR02,7,4504.78,2025-09-08
CLI0809,PR10,9,2372.98,2025-01-12
CLI0810,PR02,3,1640.88,2025-09-20
CLI0810,PR07,10,5069.61,2025-01-14
CLI0810,PR10,2,938.03,2025-09-19
CLI0811,PR06,2,160.93,2025-02-15
CLI0811,PR07,5,1411.85,2025-03-02
CLI0811,PR08,10,6974.74,2025-04-28
CLI0812,PR06,8,2091.88,2025-01-18
CLI0812,PR07,10,1403.87,2025-04-13
CLI0813,PR01,12,10508.85,2025-08-12
CLI0813,PR07,12,3681.74,2025-05-17
CLI0814,PR01,10,2097.46,2025-05-30
CLI0814,PR08,4,1870.52,2025-06-24
CLI0814,PR09,3,1541.53,2026-02-08
CLI0815,PR05,5,3770.04,2025-08-24
CLI0816,PR05,9,3879.02,2025-08-08
CLI0816,PR10,10,5770.04,2025-04-28
CLI0817,PR02,12,9114.76,2025-12-26
CLI0817,PR03,4,1530.45,2025-10-21
CLI0817,PR08,11,7132.31,2025-04-03
CLI0818,PR01,1,842.94,2025-03-14
CLI0819,PR01,10,8964.33,2025-04-26
CLI0820,PR01,8,2068.05,2025-04-06
CLI0820,PR04,6,3789.82,2025-06-20
CLI0820,PR06,2,183.34,2025-02-06
CLI0821,PR01,7,5122.59,2025-07-24
CLI0821,PR03,1,515.19,2025-06-19
CLI0821,PR05,12,8406.63,2025-01-16
CLI0821,PR06,9,7374.44,2026-01-08
CLI0822,PR02,4,2065.93,2025-11-10
CLI0822,PR03,4,1876.03,2025-02-24
CLI0823,PR07,12,9800.17,2025-01-03
CLI0823,PR10,8,5661.56,2025-02-26
CLI0824,PR07,9,3349.78,2025-09-20
CLI0824,PR09,8,1048.61,2025-05-23
CLI0825,PR09,9,4770.67,2025-03-01
CLI0826,PR03,8,6505.2,2025-05-26
CLI0827,PR05,1,730.72,2025-06-16
CLI0827,PR09,2,1020.09,2025-09-01
CLI0828,PR08,9,1035.67,2025-07-01
CLI0829,PR03,9,7801.2,2025-06-05
CLI0829,PR10,11,5031.88,2025-03-31
CLI0830,PR01,3,1381.85,2025-02-13
CLI0830,PR04,7,4379.83,2025-10-21
CLI0830,PR09,9,4299.98,2025-10-10
CLI0831,PR03,9,6721.52,2026-02-11
CLI0831,PR05,9,4121.13,2025-12-02
CLI0831,PR07,9,3060.28,2025-03-18
CLI0831,PR10,10,1635.18,2025-03-18
CLI0832,PR07,2,321.17,2025-03-14
CLI0832,PR09,8,6692.9,2025-10-11
CLI0833,PR03,2,324.57,2025-03-04
CLI0833,PR04,7,5979.09,2026-01-16
CLI0834,PR08,10,1470.76,2026-01-01
CLI0834,PR09,4,1073.57,2025-11-23
CLI0835,PR02,8,2591.63,2025-12-12
CLI0835,PR07,4,3053.26,2025-08-29
CLI0835,PR08,7,2772.33,2025-12-14
CLI0836,PR05,3,2485.87,2025-06-07
CLI0836,PR07,10,2155.05,2025-05-25
CLI0837,PR03,9,1114.54,2026-02-23
CLI0838,PR05,8,6964.97,2025-11-01
CLI0839,PR01,9,6576.37,2025-01-09
CLI0839,PR09,4,1772.61,2025-06-28
CLI0840,PR01,7,2250.19,2026-01-22
CLI0840,PR05,6,3699.34,2025-03-05
CLI0841,PR01,9,1629.67,2025-05-09
CLI0841,PR10,12,5745.66,2026-02-10
CLI0842,PR01,1,899.39,2026-02-03
CLI0842,PR03,3,935.45,2025-12-19
CLI0843,PR05,5,2828.15,2025-08-27
CLI0843,PR09,3,1427.12,2026-02-03
CLI0844,PR05,2,1392.48,2025-08-20
CLI0844,PR09,4,2733.08,2025-12-17
CLI0845,PR01,12,2368.29,2025-09-26
CLI0845,PR05,6,2390.26,2025-12-19
CLI0845,PR09,3,1779.85,2025-11-24
CLI0846,PR02,11,1314.92,2026-01-27
CLI0846,PR03,1,889.43,2025-08-16
CLI0846,PR04,10,8658.57,2025-09-20
CLI0847,PR02,4,2092.5,2025-07-28
CLI0848,PR05,1,818.47,2025-04-24
CLI0849,PR01,7,5332.6,2026-01-24
CLI0849,PR09,7,1202.23,2025-03-01
CLI0850,PR08,3,1942.93,2025-02-19
CLI0851,PR02,10,3530.35,2025-09-26
CLI0851,PR06,9,7736.14,2025-01-21
CLI0851,PR10,11,5979.66,2025-10-25
CLI0852,PR04,5,498.51,2025-04-07
CLI0852,PR09,5,2475.08,2025-08-24
CLI0853,PR03,7,5957.89,2025-06-11
CLI0853,PR09,5,2305.05,2025-08-15
CLI0854,PR02,1,662.27,2025-06-07
CLI0854,PR08,4,492.14,2025-04-22
CLI0855,PR02,9,2118.09,2025-02-24
CLI0856,PR02,11,2126.53,2025-11-10
CLI0856,PR08,5,853.05,2025-11-02
CLI0857,PR02,7,2356.85,2025-08-16
CLI0858,PR02,11,8868.53,2026-02-02
CLI0859,PR02,8,5926.92,2025-01-02
CLI0859,PR03,10,3494.87,2025-11-13
CLI0860,PR01,5,1850.96,2025-02-12
CLI0860,PR05,12,8590.12,2026-02-04
CLI0860,PR09,1,577.36,2025-07-21
CLI0861,PR03,3,2467.47,2025-01-09
CLI0861,PR10,2,1351.96,2025-09-28
CLI0862,PR03,9,2178.14,2026-02-26
CLI0863,PR04,10,1194.71,2025-10-13
CLI0863,PR10,6,2609.81,2026-01-26
CLI0864,PR01,8,1481.84,2025-02-07
CLI0864,PR04,4,2565.94,2026-02-16
CLI0864,PR08,1,503.55,2025-03-22
CLI0865,PR01,9,3593.17,2025-06-16
CLI0865,PR05,2,1353.22,2025-06-17
CLI0866,PR02,10,8995.44,2025-01-24
CLI0866,PR05,5,3660.57,2025-04-30
CLI0867,PR02,2,536.22,2025-04-27
CLI0867,PR03,3,476.83,2025-05-11
CLI0867,PR06,6,2912.81,2025-10-03
CLI0868,PR03,9,1787.76,2025-08-11
CLI0868,PR07,4,1642.43,2025-03-10
CLI0868,PR08,6,3242.04,2025-02-03
CLI0868,PR10,12,9742.58,2025-05-05
CLI0869,PR01,8,2657.4,2026-01-22
CLI0869,PR02,5,3035.37,2025-09-10
CLI0869,PR06,8,3399.56,2025-05-01
CLI0869,PR08,9,4906.91,2025-01-25
CLI0870,PR03,8,4172.35,2025-03-14
CLI0870,PR09,3,1095.26,2025-12-07
CLI0870,PR10,11,8066.6,2025-05-21
CLI0871,PR02,4,1107.77,2025-08-30
CLI0871,PR08,10,3321.82,2026-02-14
CLI0872,PR01,10,6706.82,2025-04-28
CLI0872,PR09,7,2024.96,2025-04-26
CLI0873,PR02,5,1317.23,2025-09-20
CLI0873,PR08,5,555.86,2025-08-03
CLI0874,PR04,12,9507.05,2025-12-20
CLI0874,PR09,3,2518.53,2025-01-19
CLI0875,PR01,11,3989.96,2025-01-05
CLI0876,PR03,3,2620.07,2025-07-23
CLI0876,PR05,9,5826.62,2025-03-11
CLI0876,PR06,2,873.5,2025-10-07
CLI0877,PR06,4,717.16,2026-01-17
CLI0877,PR07,5,2033.84,2025-08-22
CLI0877,PR08,9,2567.87,2025-04-24
CLI0878,PR01,11,2190.85,2025-04-29
CLI0878,PR03,6,3789.57,2025-04-01
CLI0878,PR08,9,3626.52,2025-03-22
CLI0879,PR02,10,1086.17,2025-01-11
CLI0879,PR06,2,760.05,2025-03-17
CLI0880,PR03,10,5808.47,2025-03-10
CLI0880,PR04,2,1144.8,2025-06-05
CLI0881,PR01,6,5146.62,2025-04-20
CLI0881,PR02,4,1062.66,2025-08-05
CLI0881,PR05,6,1669.75,2025-09-25
CLI0882,PR01,1,790.69,2025-06-11
CLI0882,PR03,12,5010.87,2025-02-07
CLI0883,PR02,11,6649.06,2025-04-01
CLI0884,PR01,12,1021.18,2025-03-21
CLI0884,PR05,10,4075.46,2025-10-17
CLI0885,PR01,11,9856.36,2025-11-11
CLI0885,PR09,9,6983.34,2026-02-12
CLI0886,PR03,4,1931.98,2025-09-22
CLI0886,PR10,11,5170.37,2025-11-02
CLI0887,PR01,9,2881.69,2026-02-17
CLI0888,PR04,8,6512.42,2025-10-31
CLI0888,PR10,3,878.6,2026-01-19
CLI0889,PR01,10,7022.27,2025-08-01
CLI0889,PR08,7,1753.23,2025-06-09
CLI0890,PR01,5,2965.67,2025-07-31
CLI0890,PR07,3,1247.5,2025-02-12
CLI0890,PR10,12,2102.18,2025-10-12
CLI0891,PR03,6,5182.94,2026-02-13
CLI0891,PR04,8,4684.02,2025-07-28
CLI0891,PR08,1,228.09,2025-02-03
CLI0891,PR09,10,1011.15,2025-02-12
CLI0892,PR07,12,9315.41,2025-07-22
CLI0893,PR04,4,795.54,2025-04-27
CLI0893,PR08,3,568.03,2025-08-24
CLI0893,PR09,9,2131.62,2026-02-22
CLI0894,PR03,7,1989.42,2025-08-23
CLI0894,PR06,6,4050.16,2025-06-15
CLI0894,PR07,11,4291.36,2025-11-02
CLI0894,PR08,7,3273.3,2025-09-14
CLI0895,PR10,1,546.19,2025-01-25
CLI0896,PR08,6,5374.86,2025-08-02
CLI0897,PR01,10,2969.63,2025-06-18
CLI0897,PR09,1,293.0,2025-02-05
CLI0898,PR01,5,1401.45,2025-09-15
CLI0898,PR03,11,3487.72,2025-04-14
CLI0898,PR05,9,2353.7,2025-06-26
CLI0899,PR01,3,2218.75,2025-02-07
CLI0899,PR02,8,4909.62,2026-02-16
CLI0899,PR04,4,2731.39,2025-07-05
CLI0899,PR06,12,2419.64,2026-02-24
CLI0900,PR02,1,157.83,2026-01-18
CLI0900,PR04,3,1449.3,2025-11-01
CLI0901,PR01,10,4713.5,2025-02-12
CLI0901,PR10,5,3022.92,2025-02-12
CLI0902,PR03,10,6272.88,2025-10-23
CLI0902,PR04,2,470.84,2025-07-22
CLI0903,PR01,4,2739.57,2025-11-04
CLI0903,PR02,11,8196.79,2025-01-13
CLI0903,PR07,9,6071.66,2026-01-08
CLI0904,PR04,3,2684.39,2025-03-18
CLI0904,PR05,3,2220.85,2026-02-12
CLI0904,PR08,8,6628.37,2025-05-21
CLI0905,PR06,10,8612.19,2025-11-13
CLI0906,PR03,3,1120.19,2025-10-03
CLI0906,PR06,5,4134.03,2025-11-16
CLI0907,PR05,4,3251.8,2025-05-02
CLI0907,PR07,11,4747.05,2025-01-17
CLI0908,PR02,8,4708.72,2025-10-17
CLI0908,PR03,9,7725.95,2025-06-05
CLI0908,PR04,12,2106.87,2025-06-23
CLI0909,PR03,12,1768.62,2025-04-07
CLI0909,PR06,1,619.02,2025-02-08
CLI0909,PR08,8,2705.0,2025-07-04
CLI0910,PR02,12,9777.72,2025-02-19
CLI0910,PR05,9,2412.49,2025-09-28
CLI0910,PR08,7,1587.39,2025-03-14
CLI0911,PR06,10,2766.02,2025-02-05
CLI0912,PR04,1,611.16,2025-08-06
CLI0912,PR07,1,95.15,2025-12-30
CLI0912,PR10,11,1808.71,2025-04-25
CLI0913,PR04,3,1289.15,2025-08-17
CLI0914,PR01,1,130.14,2025-06-02
CLI0914,PR05,7,5037.21,2026-01-06
CLI0915,PR08,10,3999.28,2025-11-27
CLI0915,PR10,12,6735.72,2025-07-18
CLI0916,PR03,9,3638.91,2025-12-27
CLI0916,PR05,12,2509.56,2025-06-09
CLI0916,PR08,4,3395.2,2026-01-30
CLI0917,PR08,10,3438.8,2025-11-17
CLI0918,PR08,3,287.87,2025-03-01
CLI0918,PR09,11,7764.4,2025-09-30
CLI0919,PR01,9,5505.47,2025-07-17
CLI0919,PR06,6,3304.48,2025-09-23
CLI0919,PR08,10,5517.56,2025-11-21
CLI0920,PR03,8,5034.9,2025-04-29
CLI0920,PR08,7,663.34,2026-02-09
CLI0920,PR09,9,2639.44,2025-06-17
CLI0921,PR02,2,1089.62,2025-08-06
CLI0922,PR04,5,2402.43,2025-08-23
CLI0922,PR07,9,800.91,2025-10-26
CLI0923,PR01,4,3574.65,2025-12-18
CLI0923,PR03,4,1057.42,2025-11-09
CLI0923,PR09,10,1309.67,2025-01-01
CLI0924,PR07,1,178.18,2025-04-29
CLI0925,PR06,12,10448.86,2025-10-06
CLI0926,PR01,10,7362.68,2025-05-28
CLI0926,PR05,9,6259.29,2025-08-18
CLI0927,PR04,12,2900.93,2025-01-31
CLI0927,PR08,4,724.33,2025-01-04
CLI0928,PR03,6,2769.69,2025-11-12
CLI0928,PR05,6,2864.36,2025-12-23
CLI0928,PR09,3,409.0,2026-01-13
CLI0929,PR02,10,8024.74,2025-10-09
CLI0929,PR07,3,1876.01,2026-02-12
CLI0929,PR08,10,2601.37,2025-10-30
CLI0930,PR06,1,223.97,2025-10-20
CLI0931,PR02,10,4634.92,2025-02-27
CLI0931,PR06,8,1346.98,2025-12-22
CLI0932,PR02,6,5171.75,2025-09-17
CLI0932,PR07,10,6231.78,2025-04-10
CLI0932,PR08,5,1354.46,2026-01-19
CLI0933,PR01,6,2107.5,2025-07-07
CLI0933,PR08,3,682.87,2026-01-24
CLI0934,PR01,9,5256.83,2026-01-25
CLI0934,PR08,7,2375.74,2025-08-04
CLI0935,PR01,11,1755.31,2025-02-04
CLI0936,PR03,5,2684.1,2025-04-29
CLI0936,PR08,10,8486.06,2025-04-19
CLI0937,PR01,11,4458.16,2025-05-17
CLI0937,PR08,12,8632.65,2025-10-29
CLI0938,PR01,8,3881.42,2026-01-20
CLI0938,PR02,5,2432.03,2025-07-19
CLI0938,PR09,4,1487.04,2025-08-16
CLI0939,PR07,4,732.22,2025-05-28
CLI0939,PR08,6,1882.82,2025-12-17
CLI0940,PR01,1,343.21,2026-02-21
CLI0940,PR05,7,5740.55,2025-07-08
CLI0941,PR02,10,1975.56,2025-03-27
CLI0941,PR03,10,3310.75,2025-03-10
CLI0942,PR02,3,1277.05,2025-11-19
CLI0942,PR03,1,648.56,2025-12-10
CLI0942,PR07,12,8101.31,2025-02-16
CLI0943,PR01,2,921.03,2025-05-13
CLI0943,PR02,3,816.81,2025-07-31
CLI0943,PR06,11,8145.55,2025-04-03
CLI0944,PR08,7,6279.34,2025-08-04
CLI0945,PR09,9,761.09,2026-01-24
CLI0946,PR05,9,3917.48,2025-12-15
CLI0946,PR09,2,370.77,2025-01-20
CLI0947,PR01,4,1488.26,2025-09-07
CLI0947,PR08,4,2095.83,2025-05-17
CLI0947,PR09,12,8856.9,2025-11-24
CLI0948,PR08,4,727.79,2025-07-09
CLI0949,PR02,11,7973.55,2025-01-17
CLI0949,PR06,1,748.88,2025-12-10
CLI0949,PR09,7,2250.42,2025-10-20
CLI0950,PR03,2,622.01,2025-11-01
CLI0950,PR04,10,4966.71,2025-04-04
CLI0951,PR01,5,1927.78,2025-02-20
CLI0951,PR07,4,1527.38,2025-08-23
CLI0952,PR02,3,485.75,2025-09-28
CLI0952,PR04,5,3545.27,2025-04-24
CLI0953,PR02,8,3685.75,2025-05-27
CLI0953,PR04,9,1866.2,2025-01-23
CLI0953,PR09,6,1380.22,2025-06-22
CLI0954,PR04,3,2153.97,2025-07-27
CLI0954,PR07,4,934.56,2025-05-21
CLI0955,PR01,3,2266.22,2025-11-17
CLI0955,PR02,11,2287.17,2025-08-26
CLI0955,PR03,5,1622.85,2025-09-26
CLI0955,PR05,3,2226.62,2025-01-28
CLI0956,PR01,8,1172.85,2025-03-30
CLI0957,PR01,11,1181.13,2025-11-26
CLI0958,PR07,7,2979.56,2025-02-22
CLI0958,PR10,11,8001.62,2025-04-26
CLI0959,PR03,11,5977.65,2025-06-09
CLI0959,PR10,9,1166.49,2025-07-13
CLI0960,PR04,1,411.41,2025-10-09
CLI0961,PR06,2,415.87,2025-04-21
CLI0961,PR08,5,719.58,2026-01-26
CLI0962,PR01,7,2942.46,2025-06-10
CLI0962,PR05,7,4509.58,2026-02-11
CLI0963,PR02,8,5434.35,2025-10-01
CLI0963,PR04,3,300.37,2025-11-30
CLI0963,PR08,4,3145.62,2025-12-09
CLI0964,PR01,11,8259.48,2025-12-05
CLI0964,PR06,5,3367.21,2026-01-05
CLI0964,PR08,5,3775.27,2026-01-25
CLI0965,PR01,11,8671.5,2025-01-16
CLI0965,PR02,4,800.49,2025-01-09
CLI0965,PR03,4,3194.33,2025-04-05
CLI0966,PR02,7,1724.61,2025-09-24
CLI0966,PR03,2,510.64,2026-01-15
CLI0967,PR03,5,3549.97,2025-10-02
CLI0968,PR01,2,1793.48,2025-10-26
CLI0968,PR09,11,4334.54,2025-07-30
CLI0969,PR02,10,3576.22,2025-07-02
CLI0969,PR10,3,2163.04,2025-01-01
CLI0970,PR05,1,86.25,2025-09-18
CLI0970,PR10,3,2371.02,2025-09-17
CLI0971,PR09,9,6802.15,2025-03-21
CLI0972,PR07,8,7193.45,2025-10-02
CLI0973,PR07,9,7649.48,2025-05-24
CLI0973,PR08,1,678.28,2026-01-15
CLI0974,PR04,6,4272.6,2025-01-27
CLI0974,PR07,9,4130.4,2025-09-25
CLI0974,PR08,9,3742.04,2025-11-18
CLI0975,PR03,9,741.91,2026-01-12
CLI0975,PR10,1,378.89,2025-10-22
CLI0976,PR01,2,571.61,2025-06-27
CLI0976,PR10,2,1089.22,2025-10-25
CLI0977,PR01,12,6169.27,2025-02-24
CLI0977,PR03,3,1180.95,2025-12-18
CLI0977,PR05,10,3461.68,2025-02-03
CLI0978,PR03,10,1705.19,2025-04-02
CLI0978,PR06,1,713.5,2025-01-04
CLI0978,PR10,12,10521.77,2025-03-25
CLI0979,PR02,10,3486.48,2025-05-20
CLI0979,PR07,6,844.22,2025-10-25
CLI0979,PR09,2,278.23,2025-12-18
CLI0980,PR01,6,5202.64,2025-12-15
CLI0980,PR05,9,6314.27,2026-01-24
CLI0981,PR04,3,2037.05,2026-01-29
CLI0982,PR01,5,3969.9,2025-12-04
CLI0983,PR04,7,2886.5,2025-08-27
CLI0983,PR05,2,910.33,2026-02-11
CLI0984,PR09,12,7045.96,2026-01-19
CLI0985,PR02,1,479.6,2025-06-29
CLI0985,PR06,1,396.99,2025-12-11
CLI0986,PR03,7,4902.25,2025-06-27
CLI0986,PR05,8,1928.33,2025-04-04
CLI0986,PR08,2,1415.92,2025-10-28
CLI0987,PR02,1,198.9,2026-01-27
CLI0987,PR08,6,2097.69,2025-10-22
CLI0988,PR03,6,1412.85,2025-02-25
CLI0989,PR02,4,349.43,2025-04-23
CLI0990,PR04,3,2697.86,2025-02-04
CLI0990,PR09,3,2337.88,2025-09-10
CLI0991,PR03,4,1704.4,2025-05-02
CLI0991,PR04,11,1220.12,2025-01-29
CLI0991,PR10,10,3997.63,2026-01-15
CLI0992,PR05,2,237.58,2025-09-08
CLI0993,PR01,11,3862.58,2025-07-07
CLI0993,PR06,7,5319.53,2025-11-14
CLI0993,PR09,8,5241.54,2025-05-30
CLI0994,PR01,8,1838.31,2025-07-10
CLI0994,PR05,9,6268.33,2025-02-19
CLI0994,PR10,10,2782.72,2025-07-10
CLI0995,PR03,2,663.26,2025-10-05
CLI0995,PR04,8,3221.39,2025-03-24
CLI0995,PR06,3,2249.9,2025-06-27
CLI0996,PR04,8,1444.5,2025-06-26
CLI0997,PR02,5,1603.73,2025-01-08
CLI0997,PR08,7,5135.66,2025-01-21
CLI0998,PR03,12,6174.89,2025-03-22
CLI0998,PR04,2,966.73,2026-02-10
CLI0999,PR01,7,3530.69,2025-04-17
CLI0999,PR09,3,2037.34,2025-10-26
CLI1000,PR05,10,5573.17,2025-01-09
CLI1001,PR03,11,8803.03,2025-08-25
CLI1001,PR05,5,3745.95,2025-07-15
CLI1001,PR07,1,767.37,2025-03-16
CLI1002,PR05,10,5741.72,2026-02-12
CLI1002,PR09,3,2115.02,2026-02-08
CLI1003,PR04,9,7876.24,2025-07-15
CLI1003,PR05,2,1691.75,2025-12-24
CLI1004,PR01,7,2765.19,2025-04-16
CLI1004,PR02,12,4198.4,2025-09-04
CLI1004,PR07,4,409.69,2025-12-20
CLI1005,PR02,1,899.91,2026-02-24
CLI1005,PR03,3,1958.17,2025-08-12
CLI1005,PR06,11,7280.41,2025-04-28
CLI1006,PR04,5,3993.75,2025-05-08
CLI1006,PR05,1,638.33,2026-02-14
CLI1007,PR01,10,2503.38,2025-01-03
CLI1007,PR02,10,6788.04,2025-04-23
CLI1007,PR03,3,2474.58,2025-05-11
CLI1008,PR08,6,481.19,2025-08-10
CLI1008,PR09,12,8592.04,2025-10-27
CLI1009,PR03,5,2273.43,2026-02-01
CLI1009,PR04,11,4368.95,2025-11-03
CLI1010,PR02,4,1042.02,2025-08-31
CLI1010,PR03,8,3044.05,2025-07-19
CLI1010,PR04,10,7056.88,2025-04-29
CLI1011,PR03,4,955.62,2025-04-26
CLI1011,PR08,9,5965.16,2025-10-24
CLI1012,PR01,11,8845.13,2025-08-16
CLI1012,PR08,1,440.53,2025-09-09
CLI1013,PR02,6,1205.25,2025-07-26
CLI1014,PR02,3,1617.21,2026-01-27
CLI1014,PR06,11,4809.1,2025-03-23
CLI1015,PR03,4,3344.78,2025-03-19
CLI1015,PR06,8,1678.42,2025-10-13
CLI1016,PR01,2,374.85,2025-04-10
CLI1016,PR06,8,4523.18,2025-02-11
CLI1016,PR07,4,1748.47,2025-12-10
CLI1017,PR02,8,2061.1,2025-04-07
CLI1017,PR03,12,9256.04,2025-02-09
CLI1017,PR04,8,1934.56,2025-10-06
CLI1018,PR06,10,1123.97,2025-07-28
CLI1019,PR07,9,3777.03,2025-06-26
CLI1019,PR08,12,2941.46,2025-08-04
CLI1020,PR08,2,936.52,2025-12-07
CLI1021,PR03,11,3821.98,2025-05-29
CLI1021,PR06,8,3451.31,2025-02-11
CLI1021,PR10,12,3223.7,2025-05-16
CLI1022,PR03,2,1421.47,2025-03-26
CLI1022,PR10,11,5909.11,2025-03-17
CLI1023,PR09,6,3675.21,2025-02-23
CLI1024,PR04,5,2112.79,2025-01-07
CLI1025,PR01,2,217.6,2025-10-02
CLI1025,PR02,8,1530.41,2025-08-06
CLI1025,PR06,12,10204.59,2025-05-13
CLI1026,PR02,8,5441.82,2025-08-02
CLI1026,PR06,6,4197.32,2025-08-20
CLI1026,PR08,10,3017.54,2025-05-12
CLI1027,PR02,9,4554.79,2025-08-24
CLI1027,PR04,6,4539.33,2025-05-25
CLI1027,PR05,9,7030.57,2025-05-20
CLI1027,PR06,7,5046.69,2025-03-17
CLI1028,PR03,12,10704.78,2025-01-15
CLI1028,PR06,7,5931.78,2025-10-06
CLI1028,PR07,5,1810.79,2025-08-07
CLI1029,PR02,12,4731.98,2025-05-22
CLI1029,PR04,3,1196.45,2025-10-14
CLI1029,PR09,3,1368.72,2026-01-18
CLI1030,PR03,7,2727.96,2025-12-22
CLI1031,PR07,12,8517.11,2025-09-27
CLI1031,PR08,11,4865.19,2025-03-30
CLI1032,PR06,11,2829.92,2025-07-23
CLI1033,PR02,3,1577.27,2025-08-18
CLI1033,PR04,5,1765.79,2026-02-13
CLI1034,PR01,11,4080.23,2025-02-11
CLI1034,PR02,4,1566.54,2025-02-23
CLI1034,PR03,11,4211.38,2025-09-14
CLI1034,PR05,3,2094.53,2025-11-30
CLI1035,PR08,2,982.02,2025-03-14
CLI1035,PR09,5,2278.75,2025-11-14
CLI1035,PR10,10,4847.46,2025-03-05
CLI1036,PR01,3,620.88,2025-04-17
CLI1036,PR09,12,1602.07,2026-01-27
CLI1037,PR01,2,1476.74,2026-02-15
CLI1037,PR05,10,7716.98,2025-04-14
CLI1038,PR05,12,5030.11,2025-09-07
CLI1039,PR06,10,8332.04,2025-07-01
CLI1040,PR02,8,2070.43,2025-07-02
CLI1040,PR05,7,1932.55,2025-08-24
CLI1041,PR01,7,1275.15,2025-04-26
CLI1041,PR08,1,85.09,2025-02-09
CLI1042,PR02,5,1759.19,2025-04-14
CLI1042,PR03,4,2627.35,2025-10-03
CLI1043,PR06,1,592.84,2026-02-04
CLI1043,PR10,12,9224.97,2025-09-21
CLI1044,PR03,5,1606.15,2025-10-03
CLI1044,PR07,9,8036.46,2025-07-20
CLI1044,PR10,10,7725.58,2025-08-17
CLI1045,PR03,2,399.89,2025-03-31
CLI1046,PR04,12,6587.17,2025-07-27
CLI1047,PR01,10,2065.23,2025-12-25
CLI1047,PR02,5,1310.19,2025-09-01
CLI1047,PR10,9,5851.02,2025-12-14
CLI1048,PR02,11,7769.27,2025-02-16
CLI1048,PR08,11,7330.11,2025-01-19
CLI1049,PR01,8,3581.51,2025-06-15
CLI1049,PR02,7,5196.57,2025-10-19
CLI1049,PR03,12,4389.48,2026-02-24
CLI1050,PR02,4,832.92,2025-12-04
CLI1050,PR08,7,4944.53,2025-07-16
CLI1050,PR09,1,95.27,2025-11-02
CLI1051,PR04,10,1635.62,2025-01-05
CLI1051,PR06,1,389.53,2025-05-22
CLI1051,PR09,12,8273.23,2025-08-13
CLI1052,PR01,1,499.93,2025-01-07
CLI1052,PR08,11,7512.88,2025-06-12
CLI1053,PR02,12,9637.71,2025-11-15
CLI1053,PR07,4,1889.89,2025-06-16
CLI1054,PR02,2,1709.33,2025-08-09
CLI1054,PR05,3,1394.75,2025-07-29
CLI1054,PR08,1,466.49,2025-10-21
CLI1055,PR03,12,8299.68,2026-02-08
CLI1055,PR07,9,4686.9,2025-06-06
CLI1055,PR10,3,1736.85,2025-09-15
CLI1056,PR03,5,3886.44,2025-02-07
CLI1056,PR07,10,4567.39,2025-06-30
CLI1056,PR10,5,4181.13,2025-07-03
CLI1057,PR08,5,4455.58,2025-09-21
CLI1058,PR03,5,2207.9,2025-07-16
CLI1058,PR06,8,5427.24,2026-02-22
CLI1058,PR08,6,1391.11,2025-04-04
CLI1059,PR02,3,2578.5,2025-02-18
CLI1060,PR04,11,925.67,2025-10-24
CLI1060,PR05,1,173.88,2025-03-18
CLI1060,PR07,7,5456.81,2026-02-10
CLI1061,PR03,3,1253.12,2025-09-23
CLI1061,PR07,1,691.87,2026-02-04
CLI1061,PR08,4,3554.03,2025-08-28
CLI1061,PR10,7,5263.55,2025-09-22
CLI1062,PR01,2,1060.85,2025-02-16
CLI1062,PR05,8,7000.6,2025-12-21
CLI1063,PR01,7,6107.54,2025-08-28
CLI1063,PR05,2,1080.63,2025-12-27
CLI1063,PR07,7,5363.5,2025-09-20
CLI1064,PR03,8,3279.05,2025-01-14
CLI1064,PR10,9,7946.69,2025-09-13
CLI1065,PR05,4,3347.21,2025-01-14
CLI1065,PR08,8,1596.82,2025-02-21
CLI1065,PR09,1,579.27,2025-06-12
CLI1066,PR02,1,802.27,2025-12-14
CLI1066,PR04,8,3445.19,2025-10-10
CLI1067,PR01,3,1002.44,2025-08-01
CLI1067,PR05,11,9195.26,2025-04-29
CLI1068,PR07,10,6313.8,2025-06-27
CLI1069,PR01,12,979.94,2026-02-23
CLI1069,PR05,12,4220.79,2025-04-07
CLI1070,PR02,5,2727.13,2025-05-09
CLI1070,PR07,9,1707.25,2025-07-30
CLI1071,PR01,7,4092.38,2025-05-07
CLI1071,PR07,6,3173.31,2025-01-18
CLI1072,PR03,8,4150.53,2025-01-12
CLI1072,PR07,7,1503.86,2025-08-05
CLI1073,PR01,12,4411.94,2025-07-14
CLI1073,PR07,6,4243.01,2025-01-19
CLI1074,PR05,9,2070.19,2025-11-05
CLI1074,PR10,2,1385.54,2025-11-03
CLI1075,PR08,3,1241.7,2025-11-04
CLI1075,PR09,6,2805.38,2025-11-22
CLI1076,PR01,1,795.2,2025-05-27
CLI1076,PR08,3,2503.36,2025-05-07
CLI1076,PR09,7,6114.09,2025-01-29
CLI1077,PR01,9,3912.03,2026-02-26
CLI1077,PR02,8,4196.81,2025-10-05
CLI1077,PR07,7,1332.47,2026-02-18
CLI1077,PR09,8,5781.01,2025-12-22
CLI1078,PR06,10,4404.42,2025-02-19
CLI1079,PR03,3,1819.49,2025-05-03
CLI1079,PR04,5,1412.26,2025-05-20
CLI1080,PR04,12,10535.09,2025-10-06
CLI1080,PR08,8,1594.06,2025-10-16
CLI1081,PR02,6,2127.28,2025-09-23
CLI1081,PR03,11,5787.96,2025-03-05
CLI1081,PR04,12,8302.44,2025-02-14
CLI1082,PR02,5,3973.29,2025-10-06
CLI1082,PR08,4,1247.42,2025-08-21
CLI1083,PR01,6,516.6,2025-04-25
CLI1083,PR02,3,1052.42,2025-05-11
CLI1083,PR08,7,5325.99,2025-05-01
CLI1084,PR02,5,622.66,2026-02-14
CLI1084,PR03,6,2861.88,2025-07-02
CLI1085,PR03,5,1838.05,2025-03-29
CLI1085,PR07,8,7126.08,2025-06-22
CLI1086,PR08,5,4007.15,2025-02-07
CLI1087,PR02,12,5235.26,2025-05-10
CLI1087,PR09,4,3074.34,2025-06-09
CLI1088,PR03,7,4625.62,2025-06-25
CLI1088,PR04,1,846.77,2025-04-01
CLI1088,PR07,11,2159.76,2026-02-27
CLI1089,PR08,5,1536.65,2025-12-24
CLI1089,PR09,2,750.81,2025-02-14
CLI1090,PR05,12,5650.29,2025-10-22
CLI1090,PR07,4,1030.78,2025-09-10
CLI1091,PR03,7,2484.39,2025-09-11
CLI1091,PR08,10,2949.44,2025-08-30
CLI1092,PR07,5,3600.34,2025-06-26
CLI1092,PR08,9,3390.64,2025-07-29
CLI1092,PR09,4,3271.34,2025-10-04
CLI1093,PR08,11,5639.67,2025-05-11
CLI1094,PR06,1,434.99,2025-12-26
CLI1094,PR08,4,465.36,2025-07-02
CLI1095,PR08,2,1136.95,2025-12-30
CLI1096,PR03,3,1836.37,2025-03-10
CLI1096,PR04,6,4219.81,2025-02-07
CLI1096,PR10,10,1097.98,2025-11-14
CLI1097,PR06,6,4244.63,2026-02-01
CLI1097,PR08,6,2523.3,2025-02-10
CLI1098,PR02,4,3546.43,2025-06-24
CLI1099,PR02,12,6479.57,2025-06-23
CLI1099,PR03,12,9445.04,2025-03-25
CLI1100,PR02,3,1090.88,2026-01-16
CLI1100,PR06,1,322.43,2025-09-18
CLI1100,PR08,8,2979.47,2026-01-01
CLI1101,PR06,9,7774.3,2025-10-03
CLI1101,PR08,3,1420.69,2025-04-08
CLI1102,PR07,6,2823.02,2026-02-01
CLI1102,PR09,8,6745.11,2026-01-12
CLI1103,PR09,5,1110.84,2025-06-12
CLI1103,PR10,10,3623.25,2026-01-21
CLI1104,PR08,6,4213.24,2025-01-14
CLI1104,PR09,12,2169.02,2026-01-30
CLI1105,PR08,12,2955.98,2026-02-17
CLI1106,PR01,5,1459.39,2025-10-17
CLI1106,PR05,2,1545.42,2025-03-06
CLI1106,PR08,11,9195.4,2025-04-16
CLI1107,PR08,10,7001.17,2025-08-29
CLI1107,PR09,4,1219.11,2025-06-30
CLI1108,PR01,8,5865.73,2025-04-16
CLI1108,PR10,12,8278.34,2025-04-27
CLI1109,PR01,10,7815.82,2025-05-11
CLI1109,PR04,12,3257.67,2025-02-18
CLI1109,PR05,8,3667.43,2025-11-13
CLI1110,PR01,11,6806.53,2025-08-18
CLI1110,PR05,9,3632.51,2025-07-09
CLI1111,PR03,2,1083.93,2025-03-08
CLI1111,PR07,8,2314.19,2025-10-24
CLI1112,PR02,1,587.32,2025-06-13
CLI1113,PR03,3,512.88,2025-07-09
CLI1113,PR04,3,1874.53,2025-01-09
CLI1113,PR08,8,920.18,2025-11-16
CLI1114,PR02,11,6364.86,2025-11-11
CLI1114,PR03,11,4698.74,2025-06-24
CLI1114,PR10,10,7270.42,2025-09-13
CLI1115,PR03,10,6351.96,2025-07-01
CLI1116,PR01,4,1120.59,2025-03-10
CLI1116,PR02,10,7268.23,2025-07-24
CLI1117,PR05,7,701.52,2025-12-05
CLI1117,PR06,6,1503.57,2025-07-02
CLI1118,PR01,11,8255.06,2025-10-18
CLI1118,PR02,6,2503.59,2025-05-09
CLI1118,PR08,11,7363.08,2026-01-11
CLI1118,PR10,6,713.66,2025-02-14
CLI1119,PR01,4,3537.1,2026-01-19
CLI1119,PR05,7,5021.59,2025-12-29
CLI1119,PR09,3,1196.28,2025-06-26
CLI1120,PR01,9,5247.22,2025-05-13
CLI1120,PR02,8,2398.06,2025-10-23
CLI1121,PR01,9,3026.59,2026-02-03
CLI1121,PR05,4,1983.03,2025-03-15
CLI1122,PR03,2,635.57,2025-06-16
CLI1122,PR06,10,4292.15,2026-03-01
CLI1122,PR10,5,460.8,2025-04-28
CLI1123,PR06,12,2196.91,2026-01-14
CLI1123,PR08,9,1783.83,2025-11-24
CLI1124,PR02,3,395.13,2026-02-02
CLI1124,PR09,12,5186.75,2026-01-08
CLI1125,PR02,2,889.01,2025-01-24
CLI1125,PR03,5,690.06,2025-05-11
CLI1126,PR02,6,3422.24,2025-05-17
CLI1126,PR03,4,3080.64,2025-12-12
CLI1127,PR03,12,6516.97,2025-04-19
CLI1127,PR07,12,4166.45,2025-08-22
CLI1128,PR01,2,1133.52,2025-02-13
CLI1128,PR04,8,1836.25,2025-08-02
CLI1129,PR03,6,5136.67,2025-03-10
CLI1129,PR07,1,356.74,2025-05-08
CLI1130,PR08,6,5075.25,2025-02-13
CLI1131,PR03,4,3480.79,2025-02-17
CLI1131,PR04,4,2950.73,2025-07-13
CLI1132,PR03,6,1307.37,2025-02-10
CLI1132,PR04,4,1498.57,2025-01-06
CLI1133,PR02,3,1184.39,2025-04-03
CLI1133,PR03,6,3649.07,2025-08-11
CLI1134,PR01,1,436.32,2025-10-20
CLI1134,PR05,2,666.31,2025-08-30
CLI1135,PR03,4,1634.91,2025-11-26
CLI1135,PR06,11,7073.48,2025-04-25
CLI1135,PR07,7,2887.58,2025-03-15
CLI1136,PR05,3,2486.44,2025-08-22
CLI1136,PR08,11,1924.31,2025-07-08
CLI1137,PR02,7,5745.39,2025-10-14
CLI1137,PR06,10,1566.74,2025-04-06
CLI1138,PR01,12,10623.44,2025-03-11
CLI1138,PR06,7,6223.73,2025-01-01
CLI1139,PR03,3,2542.1,2025-11-12
CLI1139,PR07,9,3912.14,2025-10-15
CLI1139,PR08,7,2923.5,2025-07-02
CLI1140,PR03,11,7534.67,2025-05-17
CLI1140,PR04,2,1411.02,2025-12-30
CLI1140,PR08,9,2585.6,2025-08-09
CLI1140,PR09,5,499.04,2026-02-04
CLI1141,PR01,11,3010.97,2025-11-14
CLI1141,PR03,1,805.24,2025-11-13
CLI1141,PR09,4,477.68,2025-08-23
CLI1141,PR10,1,209.69,2026-02-15
CLI1142,PR01,2,980.54,2025-05-20
CLI1142,PR08,6,4841.72,2026-02-03
CLI1143,PR03,9,3154.97,2025-09-30
CLI1144,PR10,6,3165.46,2025-10-16
CLI1145,PR04,5,2514.36,2026-01-06
CLI1145,PR05,9,4715.47,2025-02-21
CLI1145,PR07,9,4151.62,2025-10-10
CLI1145,PR10,9,2679.5,2025-01-24
CLI1146,PR04,4,3139.22,2025-06-26
CLI1147,PR07,1,619.8,2025-09-07
CLI1147,PR10,12,4825.13,2025-08-21
CLI1148,PR03,12,8832.35,2025-04-18
CLI1148,PR10,5,3692.53,2025-11-23
CLI1149,PR02,11,5419.69,2026-02-12
CLI1149,PR03,4,2609.17,2025-11-15
CLI1149,PR10,5,4149.6,2025-05-13
CLI1150,PR02,8,4550.79,2026-02-07
CLI1151,PR03,5,2220.84,2025-05-24
CLI1151,PR04,1,617.84,2025-04-16
CLI1151,PR10,12,3545.02,2026-01-24
CLI1152,PR06,10,8299.35,2025-10-09
CLI1152,PR07,2,624.62,2025-07-15
CLI1152,PR09,11,2906.83,2025-12-01
CLI1153,PR03,1,461.28,2025-01-07
CLI1154,PR08,9,6814.34,2026-01-19
CLI1155,PR09,11,4164.12,2025-10-17
CLI1156,PR02,3,1244.97,2025-05-23
CLI1156,PR08,4,2967.71,2025-09-23
CLI1157,PR01,2,847.66,2025-06-11
CLI1157,PR05,5,3577.98,2025-07-14
CLI1158,PR02,1,352.63,2025-05-15
CLI1158,PR06,9,5022.96,2025-05-08
CLI1159,PR03,9,5331.1,2026-01-24
CLI1159,PR10,12,2852.84,2026-01-04
CLI1160,PR03,12,3302.99,2025-02-01
CLI1160,PR07,6,2197.53,2025-02-03
CLI1160,PR10,3,2226.62,2026-02-14
CLI1161,PR04,11,8614.85,2025-04-08
CLI1161,PR07,5,685.28,2025-02-13
CLI1161,PR09,11,2411.41,2026-01-20
CLI1162,PR02,7,5392.24,2025-09-07
CLI1162,PR04,6,1526.68,2025-09-22
CLI1162,PR08,1,392.94,2025-04-26
CLI1163,PR03,12,3509.61,2025-07-02
CLI1163,PR04,10,850.3,2025-02-26
CLI1163,PR06,10,4707.94,2025-06-10
CLI1164,PR02,1,148.81,2025-10-13
CLI1164,PR03,4,331.48,2025-04-08
CLI1164,PR10,6,2843.45,2025-11-05
CLI1165,PR01,7,5233.57,2025-09-14
CLI1165,PR02,12,8608.83,2025-04-18
CLI1166,PR09,2,1021.92,2026-01-22
CLI1167,PR01,9,7287.39,2025-12-28
CLI1167,PR06,6,1383.85,2025-11-03
CLI1168,PR02,12,6374.75,2026-01-06
CLI1169,PR04,12,1544.77,2025-07-09
CLI1169,PR07,8,4675.98,2025-06-28
CLI1170,PR02,5,2160.73,2025-01-13
CLI1170,PR03,3,2631.91,2025-09-19
CLI1170,PR04,7,925.95,2025-04-16
CLI1170,PR09,2,1492.89,2025-05-10
CLI1171,PR03,9,1740.39,2025-06-04
CLI1171,PR07,9,6961.66,2025-09-06
CLI1172,PR01,8,1788.85,2025-04-12
CLI1172,PR05,5,4452.07,2025-09-09
CLI1173,PR03,10,8519.55,2025-10-04
CLI1173,PR04,8,2539.77,2025-11-19
CLI1173,PR08,6,3111.72,2025-03-29
CLI1174,PR01,10,8475.38,2025-01-24
CLI1174,PR06,8,4401.03,2025-07-20
CLI1174,PR08,4,2096.6,2025-02-14
CLI1175,PR05,7,5129.86,2025-08-11
CLI1176,PR02,1,595.43,2025-08-26
CLI1176,PR04,2,611.17,2025-02-09
CLI1177,PR02,4,1500.32,2025-12-04
CLI1177,PR06,9,3168.63,2025-03-26
CLI1177,PR09,9,5734.87,2025-06-23
CLI1178,PR02,4,3529.04,2025-08-02
CLI1178,PR06,9,3303.17,2025-08-23
CLI1178,PR08,11,3151.7,2025-04-14
CLI1179,PR02,4,1998.64,2025-10-02
CLI1179,PR08,12,10414.91,2025-01-01
CLI1179,PR10,10,5633.47,2025-02-23
CLI1180,PR03,9,6207.62,2025-09-24
CLI1180,PR07,7,6214.28,2026-01-05
CLI1180,PR08,6,4767.15,2026-01-08
CLI1181,PR02,1,654.19,2025-04-12
CLI1181,PR05,10,6638.41,2025-01-12
CLI1181,PR10,5,1592.5,2025-12-21
CLI1182,PR03,9,3195.46,2025-10-16
CLI1182,PR04,3,2598.58,2025-03-27
CLI1182,PR09,7,2005.99,2025-10-18
CLI1183,PR04,2,1701.79,2025-11-29
CLI1183,PR06,8,2676.39,2025-01-07
CLI1184,PR01,2,1687.71,2025-02-23
CLI1184,PR05,7,1852.36,2025-10-22
CLI1185,PR03,8,2561.52,2025-12-17
CLI1185,PR05,9,7826.13,2025-07-10
CLI1185,PR09,9,1300.6,2025-04-05
CLI1185,PR10,6,3665.53,2025-09-15
CLI1186,PR04,6,993.38,2025-11-10
CLI1187,PR02,1,196.89,2025-01-17
CLI1187,PR08,8,3054.3,2025-12-16
CLI1187,PR10,4,2107.17,2025-03-06
CLI1188,PR01,10,1210.48,2025-05-26
CLI1188,PR05,10,4572.98,2025-04-20
CLI1189,PR02,8,2274.45,2025-03-19
CLI1189,PR06,11,9140.03,2025-01-13
CLI1189,PR08,2,1729.3,2025-07-07
CLI1190,PR02,10,3010.17,2025-02-14
CLI1190,PR08,5,3328.07,2026-02-12
CLI1191,PR01,1,118.32,2025-12-15
CLI1191,PR09,12,5567.23,2026-02-18
CLI1192,PR02,9,7793.72,2025-06-15
CLI1192,PR08,2,1280.95,2026-01-12
CLI1193,PR05,9,6139.37,2025-05-17
CLI1194,PR01,9,864.4,2025-05-20
CLI1194,PR08,12,3466.96,2026-02-22
CLI1194,PR09,5,3727.59,2025-06-17
CLI1195,PR02,6,3154.84,2025-08-17
CLI1196,PR06,11,3263.1,2025-04-07
CLI1196,PR08,7,4223.06,2025-06-03
CLI1197,PR02,3,2563.93,2025-11-19
CLI1197,PR06,7,3797.0,2025-03-04
CLI1198,PR01,4,2921.25,2025-02-21
CLI1198,PR05,8,2357.56,2025-01-20
CLI1198,PR09,1,390.0,2025-12-31
CLI1199,PR07,2,229.51,2025-07-21
CLI1199,PR10,2,1406.61,2025-12-13
CLI1200,PR02,10,6350.58,2025-09-29
CLI1200,PR04,9,8011.67,2025-02-27
CLI1201,PR05,3,1649.05,2026-02-07
CLI1202,PR02,1,721.67,2025-01-13
CLI1202,PR03,11,7437.13,2025-04-30
CLI1202,PR08,9,6250.86,2025-09-01
CLI1203,PR07,3,2424.42,2025-05-21
CLI1204,PR02,3,1089.81,2025-09-04
CLI1204,PR10,4,1745.31,2025-06-30
CLI1205,PR01,12,6354.96,2025-09-12
CLI1205,PR05,5,3932.57,2025-10-27
CLI1205,PR10,11,2327.18,2025-02-27
CLI1206,PR02,2,725.56,2025-02-25
CLI1206,PR07,9,6588.59,2025-06-01
CLI1207,PR03,12,4769.29,2025-02-19
CLI1207,PR04,1,706.33,2025-10-03
CLI1207,PR09,4,2553.04,2025-08-04
CLI1208,PR06,2,980.73,2025-03-26
CLI1208,PR08,11,6536.65,2025-10-25
CLI1208,PR09,7,2622.27,2026-01-19
CLI1209,PR03,5,1667.98,2025-04-17
CLI1209,PR07,12,8637.82,2025-03-04
CLI1210,PR02,2,160.04,2025-12-20
CLI1210,PR08,3,2221.39,2025-05-20
CLI1211,PR04,9,5503.03,2025-08-07
CLI1211,PR05,5,3590.76,2025-07-31
CLI1211,PR09,4,3449.37,2025-12-24
CLI1212,PR03,10,6936.61,2025-07-01
CLI1212,PR07,7,1049.93,2025-10-20
CLI1213,PR03,4,1549.84,2025-11-14
CLI1213,PR08,7,6217.76,2025-06-24
CLI1214,PR02,12,2247.15,2025-12-14
CLI1214,PR03,10,8691.16,2026-01-19
CLI1214,PR04,4,2356.94,2025-12-28
CLI1214,PR07,1,614.48,2025-09-17
CLI1215,PR01,7,3778.8,2025-01-21
CLI1215,PR02,10,2941.0,2025-08-04
CLI1215,PR06,11,1554.98,2025-04-05
CLI1216,PR06,11,6492.43,2025-07-24
CLI1216,PR09,11,3161.94,2025-05-11
CLI1217,PR07,3,774.93,2025-11-21
CLI1217,PR08,2,922.38,2025-12-12
CLI1217,PR10,6,4119.17,2025-10-22
CLI1218,PR04,1,601.72,2025-04-29
CLI1218,PR09,9,2457.68,2025-01-20
CLI1219,PR04,3,729.87,2025-09-03
CLI1219,PR06,7,4354.55,2025-11-07
CLI1220,PR05,3,423.19,2025-08-24
CLI1220,PR09,4,592.51,2025-09-23
CLI1221,PR01,6,1717.59,2025-10-19
CLI1222,PR03,5,3149.35,2025-09-27
CLI1222,PR06,11,9372.55,2025-02-03
CLI1222,PR10,7,5333.97,2025-11-06
CLI1223,PR04,2,637.4,2026-01-23
CLI1224,PR01,6,3912.78,2025-08-31
CLI1225,PR05,6,3546.09,2025-07-18
CLI1225,PR06,5,2854.53,2025-10-18
CLI1225,PR08,11,8289.29,2025-10-14
CLI1226,PR04,3,1185.96,2025-12-22
CLI1226,PR08,11,1923.43,2025-09-13
CLI1227,PR01,2,1078.82,2025-03-15
CLI1227,PR05,6,1032.45,2025-04-01
CLI1228,PR02,8,4472.7,2025-11-29
CLI1228,PR06,6,3654.59,2025-11-03
CLI1229,PR03,2,323.75,2025-06-17
CLI1229,PR05,8,3037.38,2025-03-11
CLI1229,PR10,5,4068.18,2025-02-14
CLI1230,PR02,4,3405.39,2025-11-30
CLI1230,PR04,9,2003.71,2025-04-23
CLI1230,PR06,3,1419.15,2025-05-29
CLI1231,PR01,6,3969.8,2025-01-07
CLI1231,PR05,1,867.54,2025-06-08
CLI1232,PR05,10,8893.59,2025-06-10
CLI1232,PR06,9,1094.56,2026-02-18
CLI1232,PR09,1,291.97,2025-04-25
CLI1233,PR01,4,2453.6,2025-06-04
CLI1233,PR09,7,5803.79,2026-02-18
CLI1234,PR05,8,6880.69,2026-02-23
CLI1234,PR09,10,6023.15,2025-07-24
CLI1235,PR01,8,4881.68,2025-08-05
CLI1236,PR06,1,385.43,2025-10-01
CLI1236,PR07,3,2290.67,2025-04-30
CLI1236,PR09,9,3524.01,2025-02-04
CLI1236,PR10,7,4661.55,2025-11-09
CLI1237,PR02,4,3094.37,2025-01-17
CLI1237,PR06,3,2171.31,2025-01-04
CLI1237,PR08,3,2368.42,2025-07-10
CLI1237,PR09,7,1799.62,2025-10-18
CLI1238,PR02,2,1772.08,2025-03-29
CLI1238,PR08,10,6084.73,2025-04-10
CLI1239,PR01,2,1798.2,2025-03-03
CLI1239,PR04,6,3790.72,2025-05-30
CLI1239,PR05,11,4509.17,2025-09-02
CLI1239,PR07,12,3392.07,2025-03-06
CLI1240,PR01,11,8196.88,2025-02-14
CLI1240,PR02,7,1063.87,2025-07-10
CLI1241,PR09,9,2465.93,2025-12-07
CLI1242,PR04,5,3133.85,2025-07-13
CLI1242,PR06,8,6114.05,2025-11-12
CLI1242,PR07,10,4011.06,2026-02-22
CLI1243,PR08,8,4070.32,2025-12-27
CLI1243,PR09,7,2007.35,2025-09-10
CLI1244,PR01,5,880.29,2025-03-01
CLI1245,PR04,11,1562.07,2025-06-27
CLI1246,PR01,9,1523.37,2025-04-07
CLI1246,PR04,11,6341.54,2025-07-19
CLI1247,PR07,4,2736.36,2026-01-24
CLI1247,PR10,12,10798.15,2025-07-06
CLI1248,PR03,8,1076.65,2025-09-17
CLI1248,PR07,9,3175.7,2026-02-07
CLI1248,PR10,4,2471.97,2025-12-18
CLI1249,PR03,10,8003.54,2025-12-18
CLI1249,PR05,6,2472.82,2025-10-24
CLI1250,PR10,4,825.94,2025-11-04
CLI1251,PR01,11,1131.48,2025-02-22
CLI1251,PR09,9,6257.84,2025-03-09
CLI1252,PR03,10,4179.12,2025-03-14
CLI1252,PR06,7,5926.97,2026-01-29
CLI1253,PR08,1,600.11,2025-07-16
CLI1253,PR09,3,2243.27,2025-12-10
CLI1254,PR04,12,3056.41,2025-06-09
CLI1254,PR10,2,553.99,2025-08-19
CLI1255,PR08,1,616.55,2025-01-11
CLI1256,PR02,3,1445.09,2025-03-30
CLI1257,PR01,5,3215.25,2025-04-05
CLI1258,PR06,8,2655.33,2025-03-12
CLI1258,PR07,5,4353.56,2025-03-06
CLI1258,PR10,7,1583.47,2025-06-09
CLI1259,PR06,11,9636.31,2025-02-09
CLI1259,PR08,10,2923.79,2025-09-20
CLI1260,PR03,11,6372.56,2025-09-04
CLI1260,PR04,1,129.86,2025-01-28
CLI1261,PR02,4,2136.26,2025-03-24
CLI1262,PR02,3,1779.29,2025-10-10
CLI1262,PR10,11,8737.91,2025-02-20
CLI1263,PR02,3,874.88,2025-12-29
CLI1264,PR01,9,864.02,2025-06-16
CLI1264,PR03,4,2574.05,2025-07-06
CLI1264,PR05,5,3650.98,2025-03-09
CLI1265,PR02,7,3313.56,2026-01-15
CLI1265,PR08,7,2391.58,2025-02-19
CLI1266,PR08,7,5955.92,2025-11-07
CLI1267,PR02,3,615.81,2025-02-19
CLI1268,PR02,7,2496.39,2026-01-29
CLI1268,PR08,11,9822.59,2025-08-06
CLI1269,PR08,12,3865.55,2025-11-06
CLI1270,PR01,6,4356.76,2025-08-08
CLI1271,PR05,10,3824.68,2025-07-01
CLI1271,PR10,7,5189.2,2025-02-25
CLI1272,PR03,5,2484.4,2025-07-28
CLI1272,PR07,10,6114.93,2026-02-25
CLI1273,PR03,10,5940.25,2025-08-18
CLI1273,PR07,7,2438.8,2025-05-22
CLI1274,PR02,5,1488.95,2025-09-20
CLI1274,PR03,4,3345.88,2026-01-05
CLI1274,PR04,3,2328.04,2025-08-04
CLI1274,PR09,6,4552.88,2025-02-26
CLI1275,PR02,10,5735.92,2025-06-10
CLI1275,PR07,5,2250.34,2025-08-31
CLI1275,PR08,7,4869.85,2026-01-02
CLI1276,PR01,6,1837.06,2025-10-16
CLI1277,PR06,3,286.22,2025-05-19
CLI1277,PR08,5,2070.2,2025-01-24
CLI1278,PR05,2,1636.91,2025-11-16
CLI1278,PR06,2,901.65,2025-08-22
CLI1278,PR08,6,5113.78,2025-11-23
CLI1279,PR01,11,4177.24,2025-05-12
CLI1279,PR03,6,1259.34,2026-01-04
CLI1279,PR04,1,644.82,2025-05-25
CLI1280,PR07,2,1535.18,2025-08-18
CLI1281,PR04,3,1842.87,2026-01-03
CLI1281,PR10,3,848.43,2025-09-12
CLI1282,PR02,6,1203.85,2025-03-31
CLI1282,PR03,4,2042.86,2026-01-06
CLI1282,PR06,12,4465.3,2025-07-21
CLI1283,PR05,12,6758.6,2026-02-06
CLI1283,PR06,6,1887.73,2025-11-12
CLI1284,PR02,9,2703.37,2025-05-29
CLI1284,PR03,4,784.45,2025-07-15
CLI1284,PR05,4,2714.98,2025-12-16
CLI1284,PR10,10,5948.26,2025-02-21
CLI1285,PR01,10,7812.9,2025-10-08
CLI1286,PR01,2,1286.36,2025-03-04
CLI1287,PR03,4,1894.57,2025-09-03
CLI1288,PR01,11,6572.6,2025-11-04
CLI1288,PR04,8,6441.31,2026-01-03
CLI1289,PR03,11,4427.05,2025-08-28
CLI1290,PR04,7,4584.56,2026-02-12
CLI1291,PR02,6,1823.12,2025-08-03
CLI1292,PR01,7,4690.58,2025-07-08
CLI1292,PR07,2,412.43,2025-06-04
CLI1293,PR02,7,1197.42,2025-08-12
CLI1293,PR03,2,975.27,2025-07-03
CLI1293,PR08,10,8609.25,2026-02-25
CLI1294,PR06,8,2125.41,2025-11-02
CLI1294,PR09,12,3594.53,2025-07-28
CLI1295,PR06,1,106.51,2025-08-28
CLI1295,PR10,11,5423.19,2025-12-24
CLI1296,PR03,3,516.23,2025-01-28
CLI1297,PR01,11,8953.2,2025-07-04
CLI1297,PR08,7,4570.83,2025-06-19
CLI1298,PR03,6,4257.75,2025-10-18
CLI1299,PR02,4,395.81,2025-02-13
CLI1299,PR04,11,3375.98,2025-02-19
CLI1299,PR08,7,4213.91,2025-06-15
CLI1300,PR03,5,712.2,2025-04-12
CLI1300,PR04,4,3358.91,2025-06-24
