cliente_id,device_id,modelo,sistemaOperacional,primeiroAcesso,ultimoAcesso
CLI0001,DEV0001,Redmi Note 12,Android 13,2022-08-06,2025-08-03
CLI0002,DEV0002,iPhone 14,iOS 17,2022-06-28,2025-05-15
CLI0003,DEV0003,iPhone 15,iOS 18,2022-09-05,2025-01-13
CLI0004,DEV0004,Redmi Note 12,Android 13,2024-02-04,2025-10-13
CLI0005,DEV0005,Moto G84,Android 14,2022-03-23,2025-04-29
CLI0006,DEV0006,Galaxy S23,Android 14,2022-05-03,2025-09-19
CLI0007,DEV0007,Galaxy S23,Android 14,2022-10-08,2025-06-13
CLI0008,DEV0008,Galaxy A54,Android 13,2024-09-07,2025-04-20
CLI0009,DEV0009,Redmi Note 12,Android 13,2022-09-18,2025-09-19
CLI0010,DEV0010,Moto G84,Android 14,2022-12-04,2025-05-07
CLI0011,DEV0011,Galaxy A54,Android 13,2022-05-03,2026-01-21
CLI0012,DEV0012,Redmi Note 12,Android 13,2024-02-05,2025-07-20
CLI0013,DEV0013,Galaxy A54,Android 13,2022-11-19,2025-05-04
CLI0014,DEV0014,Moto G84,Android 14,2022-03-05,2025-08-02
CLI0015,DEV0015,Galaxy S23,Android 14,2024-03-16,2025-05-24
CLI0016,DEV0061,Galaxy A54,Android 13,2023-06-02,2025-09-07
CLI0017,DEV0017,iPhone 14,iOS 17,2024-09-29,2025-06-25
CLI0018,DEV0018,Galaxy S23,Android 14,2023-08-15,2025-11-01
CLI0019,DEV0019,Galaxy S23,Android 14,2023-09-20,2025-04-09
CLI0020,DEV0020,Redmi Note 12,Android 13,2023-01-21,2026-01-29
CLI0021,DEV0021,Redmi Note 12,Android 13,2023-10-20,2025-04-15
CLI0022,DEV0022,Redmi Note 12,Android 13,2023-05-21,2025-04-16
CLI0023,DEV0023,iPhone 15,iOS 18,2024-03-13,2025-09-05
CLI0024,DEV0024,iPhone 15,iOS 18,2023-06-06,2025-11-07
CLI0025,DEV0025,iPhone 14,iOS 17,2023-01-22,2026-02-20
CLI0026,DEV0026,Moto G84,Android 14,2024-05-11,2025-04-12
CLI0027,DEV0027,Galaxy A54,Android 13,2024-03-03,2025-06-10
CLI0028,DEV0099,Pixel 8,Android 14,2022-12-03,2025-05-09
CLI0029,DEV0029,Redmi Note 12,Android 13,2024-05-16,2025-04-15
CLI0030,DEV0030,Galaxy S23,Android 14,2023-07-22,2025-05-26
CLI0031,DEV0031,Galaxy S23,Android 14,2023-04-30,2025-03-19
CLI0032,DEV0032,Pixel 8,Android 14,2024-02-24,2025-04-15
CLI0033,DEV0033,Pixel 8,Android 14,2024-09-22,2025-03-05
CLI0034,DEV0034,Moto G84,Android 14,2022-12-06,2025-03-30
CLI0035,DEV0035,Galaxy A54,Android 13,2024-03-02,2025-08-17
CLI0036,DEV0144,iPhone 14,iOS 17,2023-12-01,2025-04-16
CLI0037,DEV0037,Pixel 8,Android 14,2023-07-11,2025-04-16
CLI0038,DEV0038,Galaxy A54,Android 13,2024-11-05,2025-11-12
CLI0039,DEV0039,Redmi Note 12,Android 13,2022-06-08,2025-11-04
CLI0040,DEV0040,Galaxy S23,Android 14,2024-04-09,2025-05-21
CLI0041,DEV0041,iPhone 14,iOS 17,2023-05-15,2025-11-27
CLI0042,DEV0042,Galaxy A54,Android 13,2022-02-11,2025-09-09
CLI0043,DEV0136,iPhone 15,iOS 18,2023-01-15,2025-11-29
CLI0044,DEV0044,iPhone 15,iOS 18,2024-11-25,2025-11-03
CLI0045,DEV0045,iPhone 14,iOS 17,2023-04-14,2025-02-16
CLI0046,DEV0132,Moto G84,Android 14,2023-09-01,2025-10-10
CLI0047,DEV0047,iPhone 15,iOS 18,2024-04-18,2025-06-09
CLI0048,DEV0048,Moto G84,Android 14,2022-12-27,2025-05-28
CLI0049,DEV0049,Pixel 8,Android 14,2023-02-05,2025-11-05
CLI0050,DEV0049,Pixel 8,Android 14,2023-02-05,2025-11-05
CLI0051,DEV0051,iPhone 15,iOS 18,2022-01-18,2025-06-16
CLI0052,DEV0052,Moto G84,Android 14,2022-04-27,2025-07-21
CLI0053,DEV0053,iPhone 15,iOS 18,2024-01-23,2025-10-21
CLI0054,DEV0049,Pixel 8,Android 14,2023-02-05,2025-11-05
CLI0055,DEV0055,iPhone 14,iOS 17,2023-08-12,2025-08-24
CLI0056,DEV0056,Moto G84,Android 14,2024-08-13,2025-11-28
CLI0057,DEV0057,Galaxy A54,Android 13,2022-12-08,2025-09-15
CLI0058,DEV0058,Pixel 8,Android 14,2023-09-04,2025-03-01
CLI0059,DEV0059,Galaxy S23,Android 14,2022-02-18,2025-06-11
CLI0060,DEV0060,Galaxy A54,Android 13,2022-10-14,2025-11-29
CLI0061,DEV0061,Galaxy A54,Android 13,2023-06-02,2025-09-07
CLI0062,DEV0062,iPhone 15,iOS 18,2024-05-01,2025-01-27
CLI0063,DEV0063,iPhone 14,iOS 17,2023-12-19,2025-08-27
CLI0064,DEV0064,Pixel 8,Android 14,2024-11-15,2025-10-10
CLI0065,DEV0065,iPhone 15,iOS 18,2023-09-28,2025-09-17
CLI0066,DEV0066,iPhone 14,iOS 17,2024-11-09,2025-04-22
CLI0067,DEV0067,Galaxy S23,Android 14,2024-07-31,2025-06-27
CLI0068,DEV0068,Moto G84,Android 14,2022-09-10,2025-08-13
CLI0069,DEV0069,iPhone 14,iOS 17,2022-11-11,2026-02-27
CLI0070,DEV0144,iPhone 14,iOS 17,2023-12-01,2025-04-16
CLI0071,DEV0071,iPhone 14,iOS 17,2023-09-13,2025-01-07
CLI0072,DEV0072,Galaxy A54,Android 13,2023-06-07,2025-04-18
CLI0073,DEV0073,Pixel 8,Android 14,2022-05-16,2025-04-23
CLI0074,DEV0074,Redmi Note 12,Android 13,2024-07-30,2026-02-20
CLI0075,DEV0075,Moto G84,Android 14,2023-11-09,2025-11-20
CLI0076,DEV0076,Pixel 8,Android 14,2023-05-18,2025-04-26
CLI0077,DEV0132,Moto G84,Android 14,2023-09-01,2025-10-10
CLI0078,DEV0078,Pixel 8,Android 14,2022-10-31,2025-10-12
CLI0079,DEV0079,iPhone 14,iOS 17,2024-11-01,2025-07-05
CLI0080,DEV0080,iPhone 14,iOS 17,2023-05-12,2025-03-25
CLI0081,DEV0081,Galaxy A54,Android 13,2024-06-04,2025-03-20
CLI0082,DEV0082,Galaxy S23,Android 14,2023-04-28,2025-09-07
CLI0083,DEV0083,Pixel 8,Android 14,2023-04-27,2025-05-27
CLI0084,DEV0084,Moto G84,Android 14,2024-02-11,2025-02-12
CLI0085,DEV0085,Galaxy A54,Android 13,2024-10-05,2025-02-17
CLI0086,DEV0086,iPhone 14,iOS 17,2022-10-01,2025-05-30
CLI0087,DEV0087,Galaxy S23,Android 14,2023-11-08,2025-02-21
CLI0088,DEV0061,Galaxy A54,Android 13,2023-06-02,2025-09-07
CLI0089,DEV0132,Moto G84,Android 14,2023-09-01,2025-10-10
CLI0090,DEV0090,iPhone 14,iOS 17,2024-10-13,2025-11-07
CLI0091,DEV0091,Redmi Note 12,Android 13,2022-11-30,2025-12-22
CLI0092,DEV0092,Galaxy S23,Android 14,2024-04-01,2025-08-03
CLI0093,DEV0093,Galaxy A54,Android 13,2022-11-01,2025-12-27
CLI0094,DEV0094,iPhone 14,iOS 17,2024-07-08,2025-03-06
CLI0095,DEV0095,Moto G84,Android 14,2023-05-05,2026-01-03
CLI0096,DEV0096,Galaxy A54,Android 13,2022-03-11,2025-07-06
CLI0097,DEV0097,iPhone 14,iOS 17,2023-06-01,2025-07-19
CLI0098,DEV0098,Galaxy A54,Android 13,2022-09-30,2026-02-22
CLI0099,DEV0099,Pixel 8,Android 14,2022-12-03,2025-05-09
CLI0100,DEV0100,iPhone 15,iOS 18,2023-05-07,2025-09-20
CLI0101,DEV0101,iPhone 14,iOS 17,2022-01-19,2025-11-20
CLI0102,DEV0102,iPhone 14,iOS 17,2024-09-15,2026-01-31
CLI0103,DEV0103,Galaxy S23,Android 14,2024-12-23,2025-07-20
CLI0104,DEV0104,Galaxy A54,Android 13,2023-08-18,2025-10-03
CLI0105,DEV0105,Moto G84,Android 14,2022-05-09,2025-08-31
CLI0106,DEV0106,Galaxy A54,Android 13,2023-06-27,2025-06-03
CLI0107,DEV0107,Galaxy S23,Android 14,2022-01-09,2025-09-29
CLI0108,DEV0099,Pixel 8,Android 14,2022-12-03,2025-05-09
CLI0109,DEV0109,iPhone 14,iOS 17,2024-10-24,2026-01-11
CLI0110,DEV0110,Moto G84,Android 14,2023-08-12,2026-02-04
CLI0111,DEV0111,Moto G84,Android 14,2023-02-15,2025-01-08
CLI0112,DEV0112,iPhone 14,iOS 17,2022-09-23,2026-01-19
CLI0113,DEV0132,Moto G84,Android 14,2023-09-01,2025-10-10
CLI0114,DEV0132,Moto G84,Android 14,2023-09-01,2025-10-10
CLI0115,DEV0061,Galaxy A54,Android 13,2023-06-02,2025-09-07
CLI0116,DEV0116,Pixel 8,Android 14,2024-12-30,2025-08-27
CLI0117,DEV0117,Pixel 8,Android 14,2022-07-08,2025-06-30
CLI0118,DEV0118,Moto G84,Android 14,2022-06-26,2025-02-02
CLI0119,DEV0119,iPhone 15,iOS 18,2024-09-07,2026-01-23
CLI0120,DEV0120,iPhone 14,iOS 17,2024-11-15,2026-02-02
CLI0121,DEV0121,Redmi Note 12,Android 13,2023-04-10,2025-12-03
CLI0122,DEV0122,iPhone 15,iOS 18,2022-03-27,2025-01-19
CLI0123,DEV0123,Redmi Note 12,Android 13,2023-11-25,2025-08-01
CLI0124,DEV0124,Pixel 8,Android 14,2022-07-16,2025-11-01
CLI0125,DEV0125,Moto G84,Android 14,2023-11-29,2025-03-03
CLI0126,DEV0049,Pixel 8,Android 14,2023-02-05,2025-11-05
CLI0127,DEV0127,Redmi Note 12,Android 13,2023-06-13,2026-02-22
CLI0128,DEV0128,Moto G84,Android 14,2024-01-16,2025-02-08
CLI0129,DEV0129,Galaxy S23,Android 14,2023-11-03,2025-04-05
CLI0130,DEV0049,Pixel 8,Android 14,2023-02-05,2025-11-05
CLI0131,DEV0131,iPhone 15,iOS 18,2022-04-11,2025-05-22
CLI0132,DEV0132,Moto G84,Android 14,2023-09-01,2025-10-10
CLI0133,DEV0133,Galaxy A54,Android 13,2022-07-10,2025-12-03
CLI0134,DEV0136,iPhone 15,iOS 18,2023-01-15,2025-11-29
CLI0135,DEV0135,iPhone 14,iOS 17,2023-06-26,2025-03-23
CLI0136,DEV0136,iPhone 15,iOS 18,2023-01-15,2025-11-29
CLI0137,DEV0061,Galaxy A54,Android 13,2023-06-02,2025-09-07
CLI0138,DEV0144,iPhone 14,iOS 17,2023-12-01,2025-04-16
CLI0139,DEV0139,iPhone 15,iOS 18,2024-12-16,2025-05-30
CLI0140,DEV0140,iPhone 15,iOS 18,2022-09-13,2025-12-28
CLI0141,DEV0144,iPhone 14,iOS 17,2023-12-01,2025-04-16
CLI0142,DEV0142,iPhone 15,iOS 18,2022-03-24,2025-04-29
CLI0143,DEV0143,iPhone 15,iOS 18,2023-07-21,2025-02-27
CLI0144,DEV0144,iPhone 14,iOS 17,2023-12-01,2025-04-16
CLI0145,DEV0136,iPhone 15,iOS 18,2023-01-15,2025-11-29
CLI0146,DEV0146,iPhone 15,iOS 18,2024-03-08,2025-06-30
CLI0147,DEV0147,Galaxy A54,Android 13,2022-04-11,2025-05-10
CLI0148,DEV0144,iPhone 14,iOS 17,2023-12-01,2025-04-16
CLI0149,DEV0099,Pixel 8,Android 14,2022-12-03,2025-05-09
CLI0150,DEV0150,Moto G84,Android 14,2024-07-19,2025-06-28
CLI0151,DEV0151,Pixel 8,Android 14,2024-09-03,2025-07-19
CLI0152,DEV0152,iPhone 14,iOS 17,2023-04-26,2025-11-27
CLI0153,DEV0153,Galaxy S23,Android 14,2024-01-30,2025-09-25
CLI0154,DEV0154,Redmi Note 12,Android 13,2024-04-06,2025-01-11
CLI0155,DEV0155,Pixel 8,Android 14,2023-05-16,2026-01-23
CLI0156,DEV0156,Moto G84,Android 14,2022-01-07,2025-03-18
CLI0157,DEV0157,Galaxy A54,Android 13,2023-02-01,2025-04-06
CLI0158,DEV0158,Moto G84,Android 14,2023-02-13,2025-11-18
CLI0159,DEV0159,Galaxy A54,Android 13,2023-02-06,2025-05-06
CLI0160,DEV0160,Moto G84,Android 14,2023-11-14,2025-09-10
CLI0161,DEV0161,Moto G84,Android 14,2022-10-08,2025-04-29
CLI0162,DEV0162,Moto G84,Android 14,2022-05-29,2025-02-22
CLI0163,DEV0163,Galaxy S23,Android 14,2022-07-18,2025-01-19
CLI0164,DEV0164,Redmi Note 12,Android 13,2024-07-10,2025-04-18
CLI0165,DEV0165,Pixel 8,Android 14,2023-05-09,2025-01-23
CLI0166,DEV0166,Pixel 8,Android 14,2024-09-29,2026-02-23
CLI0167,DEV0167,Moto G84,Android 14,2023-04-15,2025-10-22
CLI0168,DEV0168,Moto G84,Android 14,2022-12-03,2025-01-14
CLI0169,DEV0169,iPhone 15,iOS 18,2022-11-18,2025-04-30
CLI0170,DEV0170,iPhone 15,iOS 18,2023-08-28,2025-08-24
CLI0171,DEV0171,iPhone 14,iOS 17,2023-02-23,2025-07-07
CLI0172,DEV0172,Pixel 8,Android 14,2022-11-22,2025-08-31
CLI0173,DEV0173,iPhone 15,iOS 18,2024-05-10,2025-02-25
CLI0174,DEV0174,Galaxy A54,Android 13,2022-08-11,2025-08-11
CLI0175,DEV0175,Redmi Note 12,Android 13,2024-12-23,2025-10-30
CLI0176,DEV0176,Galaxy A54,Android 13,2024-05-20,2025-03-30
CLI0177,DEV0177,Moto G84,Android 14,2023-03-15,2026-01-11
CLI0178,DEV0178,Galaxy A54,Android 13,2022-07-06,2025-10-25
CLI0179,DEV0179,Pixel 8,Android 14,2022-08-20,2025-10-14
CLI0180,DEV0180,iPhone 15,iOS 18,2023-04-20,2026-02-14
CLI0181,DEV0181,iPhone 15,iOS 18,2022-06-21,2025-06-23
CLI0182,DEV0182,Moto G84,Android 14,2022-10-06,2026-02-28
CLI0183,DEV0183,Pixel 8,Android 14,2023-03-28,2025-12-24
CLI0184,DEV0184,Galaxy A54,Android 13,2022-06-14,2026-01-13
CLI0185,DEV0185,iPhone 14,iOS 17,2022-01-24,2026-02-04
CLI0186,DEV0186,iPhone 15,iOS 18,2022-06-16,2025-02-12
CLI0187,DEV0187,iPhone 14,iOS 17,2022-02-22,2026-01-04
CLI0188,DEV0188,Redmi Note 12,Android 13,2023-08-17,2026-01-21
CLI0189,DEV0189,Moto G84,Android 14,2024-09-03,2025-05-28
CLI0190,DEV0190,Moto G84,Android 14,2022-03-28,2025-06-10
CLI0191,DEV0191,iPhone 14,iOS 17,2022-04-01,2025-11-03
CLI0192,DEV0192,Redmi Note 12,Android 13,2023-12-01,2025-02-15
CLI0193,DEV0193,Galaxy A54,Android 13,2024-02-13,2025-10-16
CLI0194,DEV0194,iPhone 15,iOS 18,2023-10-21,2025-07-09
CLI0195,DEV0195,Redmi Note 12,Android 13,2022-03-27,2025-10-10
CLI0196,DEV0196,iPhone 15,iOS 18,2024-04-20,2025-11-05
CLI0197,DEV0197,iPhone 15,iOS 18,2022-09-15,2025-02-03
CLI0198,DEV0198,Pixel 8,Android 14,2024-12-18,2025-03-05
CLI0199,DEV0199,Pixel 8,Android 14,2022-12-30,2025-10-08
CLI0200,DEV0200,Redmi Note 12,Android 13,2023-01-20,2025-09-28
CLI0201,DEV0201,Redmi Note 12,Android 13,2022-05-15,2025-03-14
CLI0202,DEV0202,Galaxy A54,Android 13,2023-09-02,2025-03-23
CLI0203,DEV0203,Galaxy A54,Android 13,2023-03-15,2025-02-23
CLI0204,DEV0204,Pixel 8,Android 14,2024-03-10,2025-05-30
CLI0205,DEV0205,Pixel 8,Android 14,2022-03-28,2025-04-06
CLI0206,DEV0206,Redmi Note 12,Android 13,2023-01-18,2025-05-31
CLI0207,DEV0207,Galaxy S23,Android 14,2024-04-22,2026-02-10
CLI0208,DEV0208,iPhone 14,iOS 17,2023-04-08,2026-01-10
CLI0209,DEV0209,Pixel 8,Android 14,2023-07-19,2025-06-19
CLI0210,DEV0210,Galaxy S23,Android 14,2022-04-28,2025-05-30
CLI0211,DEV0211,Pixel 8,Android 14,2024-12-13,2025-05-12
CLI0212,DEV0212,Pixel 8,Android 14,2022-07-29,2025-02-16
CLI0213,DEV0213,Redmi Note 12,Android 13,2022-09-11,2025-10-06
CLI0214,DEV0214,Galaxy A54,Android 13,2023-03-20,2025-03-10
CLI0215,DEV0215,Pixel 8,Android 14,2022-03-13,2026-01-06
CLI0216,DEV0216,Galaxy A54,Android 13,2022-07-15,2025-08-25
CLI0217,DEV0217,iPhone 15,iOS 18,2023-03-04,2026-02-25
CLI0218,DEV0218,iPhone 14,iOS 17,2022-09-19,2025-11-02
CLI0219,DEV0219,Galaxy A54,Android 13,2024-10-15,2025-05-16
CLI0220,DEV0220,Moto G84,Android 14,2023-03-14,2025-07-20
CLI0221,DEV0221,Galaxy S23,Android 14,2022-05-26,2026-02-18
CLI0222,DEV0222,Galaxy S23,Android 14,2023-04-08,2025-04-29
CLI0223,DEV0223,Pixel 8,Android 14,2024-04-14,2025-04-10
CLI0224,DEV0224,iPhone 14,iOS 17,2023-05-07,2025-08-20
CLI0225,DEV0225,Galaxy S23,Android 14,2022-03-16,2025-12-23
CLI0226,DEV0226,Pixel 8,Android 14,2024-01-22,2025-11-19
CLI0227,DEV0227,Galaxy A54,Android 13,2024-06-10,2026-02-09
CLI0228,DEV0228,Pixel 8,Android 14,2022-02-06,2025-01-22
CLI0229,DEV0229,Galaxy A54,Android 13,2024-03-25,2025-11-08
CLI0230,DEV0230,iPhone 14,iOS 17,2023-10-19,2026-01-17
CLI0231,DEV0231,Galaxy S23,Android 14,2022-04-17,2026-02-23
CLI0232,DEV0232,Galaxy A54,Android 13,2024-09-20,2025-08-06
CLI0233,DEV0233,Galaxy S23,Android 14,2022-03-24,2025-03-01
CLI0234,DEV0234,Pixel 8,Android 14,2023-02-02,2025-06-25
CLI0235,DEV0235,iPhone 14,iOS 17,2023-03-11,2025-04-30
CLI0236,DEV0236,Redmi Note 12,Android 13,2024-01-29,2025-08-20
CLI0237,DEV0237,Pixel 8,Android 14,2023-08-16,2025-05-27
CLI0238,DEV0238,Galaxy A54,Android 13,2024-05-11,2026-01-28
CLI0239,DEV0239,Moto G84,Android 14,2023-08-29,2025-03-16
CLI0240,DEV0240,Galaxy S23,Android 14,2022-07-30,2025-05-31
CLI0241,DEV0241,iPhone 15,iOS 18,2022-08-10,2025-04-05
CLI0242,DEV0242,iPhone 14,iOS 17,2024-04-15,2025-11-15
CLI0243,DEV0243,Galaxy A54,Android 13,2024-05-05,2025-01-16
CLI0244,DEV0244,Redmi Note 12,Android 13,2023-04-13,2025-09-24
CLI0245,DEV0245,iPhone 15,iOS 18,2022-02-05,2026-02-24
CLI0246,DEV0246,iPhone 15,iOS 18,2024-06-08,2025-06-24
CLI0247,DEV0247,Redmi Note 12,Android 13,2022-10-28,2025-08-11
CLI0248,DEV0248,Galaxy A54,Android 13,2022-05-30,2026-03-01
CLI0249,DEV0249,Redmi Note 12,Android 13,2022-10-26,2026-01-28
CLI0250,DEV0250,Galaxy S23,Android 14,2023-01-29,2026-02-02
CLI0251,DEV0251,Pixel 8,Android 14,2024-11-08,2025-05-20
CLI0252,DEV0252,Pixel 8,Android 14,2023-04-04,2025-01-01
CLI0253,DEV0253,iPhone 14,iOS 17,2022-04-23,2025-03-01
CLI0254,DEV0254,Pixel 8,Android 14,2023-11-17,2026-02-26
CLI0255,DEV0255,Moto G84,Android 14,2023-07-26,2025-02-11
CLI0256,DEV0256,Galaxy A54,Android 13,2024-04-15,2026-02-01
CLI0257,DEV0257,Redmi Note 12,Android 13,2022-10-22,2025-01-26
CLI0258,DEV0258,Galaxy A54,Android 13,2024-06-25,2025-11-03
CLI0259,DEV0259,Redmi Note 12,Android 13,2024-04-05,2026-01-26
CLI0260,DEV0260,Moto G84,Android 14,2022-07-08,2026-01-17
CLI0261,DEV0261,Moto G84,Android 14,2022-05-17,2026-01-29
CLI0262,DEV0262,iPhone 14,iOS 17,2023-02-04,2025-04-12
CLI0263,DEV0263,Galaxy S23,Android 14,2022-12-17,2025-04-14
CLI0264,DEV0264,iPhone 14,iOS 17,2024-08-08,2025-01-06
CLI0265,DEV0265,iPhone 14,iOS 17,2024-02-17,2025-02-27
CLI0266,DEV0266,iPhone 15,iOS 18,2024-08-15,2025-09-11
CLI0267,DEV0267,iPhone 15,iOS 18,2024-07-05,2025-02-08
CLI0268,DEV0268,Redmi Note 12,Android 13,2022-12-12,2025-10-24
CLI0269,DEV0269,iPhone 14,iOS 17,2022-07-13,2025-08-09
CLI0270,DEV0270,Redmi Note 12,Android 13,2023-05-28,2025-02-22
CLI0271,DEV0271,Redmi Note 12,Android 13,2024-10-20,2025-12-08
CLI0272,DEV0272,Redmi Note 12,Android 13,2022-07-08,2025-09-09
CLI0273,DEV0273,Moto G84,Android 14,2024-05-09,2025-03-29
CLI0274,DEV0274,Pixel 8,Android 14,2024-05-22,2026-02-28
CLI0275,DEV0275,iPhone 15,iOS 18,2023-10-15,2025-07-29
CLI0276,DEV0276,Pixel 8,Android 14,2024-05-27,2025-07-26
CLI0277,DEV0277,iPhone 15,iOS 18,2024-04-09,2025-09-23
CLI0278,DEV0278,Moto G84,Android 14,2022-10-22,2025-02-13
CLI0279,DEV0279,Galaxy S23,Android 14,2022-11-23,2025-02-14
CLI0280,DEV0280,Galaxy A54,Android 13,2022-08-03,2025-12-18
CLI0281,DEV0281,Redmi Note 12,Android 13,2022-12-23,2025-02-07
CLI0282,DEV0282,Moto G84,Android 14,2024-12-30,2026-01-31
CLI0283,DEV0283,Pixel 8,Android 14,2022-02-03,2025-03-23
CLI0284,DEV0284,Redmi Note 12,Android 13,2024-06-06,2026-01-04
CLI0285,DEV0285,Galaxy S23,Android 14,2023-11-23,2026-01-12
CLI0286,DEV0286,Galaxy S23,Android 14,2024-07-14,2025-11-17
CLI0287,DEV0287,Galaxy S23,Android 14,2023-01-02,2025-05-01
CLI0288,DEV0288,Moto G84,Android 14,2023-01-18,2025-01-14
CLI0289,DEV0289,Redmi Note 12,Android 13,2024-08-02,2025-09-11
CLI0290,DEV0290,Pixel 8,Android 14,2024-06-12,2025-09-16
CLI0291,DEV0291,Moto G84,Android 14,2023-02-06,2025-09-10
CLI0292,DEV0292,Galaxy A54,Android 13,2023-01-17,2025-12-16
CLI0293,DEV0293,iPhone 14,iOS 17,2024-01-09,2026-01-22
CLI0294,DEV0294,iPhone 14,iOS 17,2022-09-13,2025-03-27
CLI0295,DEV0295,Galaxy S23,Android 14,2023-05-30,2025-04-04
CLI0296,DEV0296,Galaxy S23,Android 14,2023-08-26,2025-04-06
CLI0297,DEV0297,Pixel 8,Android 14,2023-04-01,2025-04-10
CLI0298,DEV0298,iPhone 15,iOS 18,2023-06-18,2025-02-10
CLI0299,DEV0299,Galaxy S23,Android 14,2024-03-07,2025-03-27
CLI0300,DEV0300,Moto G84,Android 14,2024-01-28,2025-02-22
CLI0301,DEV0301,Galaxy S23,Android 14,2022-02-22,2025-11-27
CLI0302,DEV0302,Moto G84,Android 14,2023-10-19,2026-01-23
CLI0303,DEV0303,iPhone 15,iOS 18,2023-09-20,2025-11-18
CLI0304,DEV0304,Moto G84,Android 14,2024-09-18,2025-03-26
CLI0305,DEV0305,Pixel 8,Android 14,2022-03-19,2025-02-14
CLI0306,DEV0306,Galaxy S23,Android 14,2024-07-18,2025-02-25
CLI0307,DEV0307,Redmi Note 12,Android 13,2022-12-22,2025-07-07
CLI0308,DEV0308,iPhone 14,iOS 17,2023-05-03,2026-02-13
CLI0309,DEV0309,Pixel 8,Android 14,2022-11-03,2025-12-23
CLI0310,DEV0310,Pixel 8,Android 14,2023-12-26,2025-04-01
CLI0311,DEV0311,Galaxy A54,Android 13,2022-05-04,2025-11-06
CLI0312,DEV0312,iPhone 15,iOS 18,2023-04-27,2025-09-21
CLI0313,DEV0313,Galaxy S23,Android 14,2024-05-26,2025-08-02
CLI0314,DEV0314,Moto G84,Android 14,2024-06-24,2025-05-24
CLI0315,DEV0315,Moto G84,Android 14,2023-11-22,2026-01-15
CLI0316,DEV0316,Pixel 8,Android 14,2023-10-12,2026-02-08
CLI0317,DEV0317,Moto G84,Android 14,2022-09-01,2025-02-12
CLI0318,DEV0318,iPhone 14,iOS 17,2022-11-16,2026-02-15
CLI0319,DEV0319,iPhone 15,iOS 18,2022-08-26,2026-02-14
CLI0320,DEV0320,Galaxy S23,Android 14,2023-11-28,2025-09-04
CLI0321,DEV0321,Galaxy S23,Android 14,2023-09-14,2025-05-26
CLI0322,DEV0322,iPhone 15,iOS 18,2024-10-20,2025-12-20
CLI0323,DEV0323,iPhone 15,iOS 18,2022-01-14,2025-03-08
CLI0324,DEV0324,iPhone 15,iOS 18,2022-05-23,2025-09-27
CLI0325,DEV0325,iPhone 15,iOS 18,2022-05-09,2025-03-06
CLI0326,DEV0326,iPhone 14,iOS 17,2024-02-12,2026-01-14
CLI0327,DEV0327,Galaxy S23,Android 14,2024-09-29,2025-03-23
CLI0328,DEV0328,Moto G84,Android 14,2022-12-05,2026-01-28
CLI0329,DEV0329,Pixel 8,Android 14,2023-01-06,2025-06-29
CLI0330,DEV0330,Redmi Note 12,Android 13,2023-06-29,2025-09-05
CLI0331,DEV0331,Moto G84,Android 14,2022-07-04,2025-09-19
CLI0332,DEV0332,Galaxy A54,Android 13,2022-04-19,2025-10-09
CLI0333,DEV0333,iPhone 14,iOS 17,2024-07-25,2025-12-18
CLI0334,DEV0334,Galaxy S23,Android 14,2023-01-08,2025-03-30
CLI0335,DEV0335,iPhone 14,iOS 17,2024-05-24,2026-02-14
CLI0336,DEV0336,Moto G84,Android 14,2022-10-22,2025-05-02
CLI0337,DEV0337,Galaxy S23,Android 14,2023-09-23,2025-05-17
CLI0338,DEV0338,iPhone 15,iOS 18,2024-03-16,2025-05-29
CLI0339,DEV0339,Moto G84,Android 14,2024-10-17,2025-11-09
CLI0340,DEV0340,Moto G84,Android 14,2022-12-24,2025-08-14
CLI0341,DEV0341,Pixel 8,Android 14,2024-12-15,2025-09-12
CLI0342,DEV0342,Moto G84,Android 14,2023-05-13,2025-03-08
CLI0343,DEV0343,Redmi Note 12,Android 13,2022-04-22,2025-10-08
CLI0344,DEV0344,Galaxy A54,Android 13,2024-08-11,2025-09-23
CLI0345,DEV0345,Redmi Note 12,Android 13,2024-02-02,2025-12-08
CLI0346,DEV0346,iPhone 14,iOS 17,2022-03-24,2025-04-14
CLI0347,DEV0347,Pixel 8,Android 14,2023-10-19,2025-02-26
CLI0348,DEV0348,iPhone 14,iOS 17,2022-11-02,2025-11-26
CLI0349,DEV0349,Galaxy S23,Android 14,2023-02-12,2025-09-02
CLI0350,DEV0350,iPhone 14,iOS 17,2024-05-01,2025-08-29
CLI0351,DEV0351,iPhone 15,iOS 18,2024-03-25,2025-01-25
CLI0352,DEV0352,iPhone 14,iOS 17,2024-07-31,2025-07-29
CLI0353,DEV0353,iPhone 14,iOS 17,2022-08-19,2025-07-15
CLI0354,DEV0354,Moto G84,Android 14,2022-03-07,2025-08-17
CLI0355,DEV0355,iPhone 15,iOS 18,2023-03-15,2025-01-19
CLI0356,DEV0356,iPhone 15,iOS 18,2022-01-28,2025-12-05
CLI0357,DEV0357,Pixel 8,Android 14,2023-08-01,2025-04-01
CLI0358,DEV0358,iPhone 15,iOS 18,2023-11-22,2025-01-05
CLI0359,DEV0359,Galaxy A54,Android 13,2022-09-21,2025-01-09
CLI0360,DEV0360,Pixel 8,Android 14,2022-01-03,2026-02-17
CLI0361,DEV0361,Pixel 8,Android 14,2022-02-04,2026-02-02
CLI0362,DEV0362,iPhone 15,iOS 18,2024-05-18,2025-07-03
CLI0363,DEV0363,Pixel 8,Android 14,2022-09-24,2025-04-19
CLI0364,DEV0364,Galaxy A54,Android 13,2022-04-21,2025-08-05
CLI0365,DEV0365,Moto G84,Android 14,2024-10-10,2025-05-23
CLI0366,DEV0366,Galaxy A54,Android 13,2024-05-22,2025-10-30
CLI0367,DEV0367,Moto G84,Android 14,2022-08-08,2025-06-25
CLI0368,DEV0368,iPhone 14,iOS 17,2023-05-27,2025-01-31
CLI0369,DEV0369,Moto G84,Android 14,2024-07-13,2025-07-08
CLI0370,DEV0370,Moto G84,Android 14,2023-12-14,2025-07-10
CLI0371,DEV0371,Pixel 8,Android 14,2022-08-06,2025-03-12
CLI0372,DEV0372,Moto G84,Android 14,2022-05-02,2026-01-29
CLI0373,DEV0373,iPhone 14,iOS 17,2024-04-24,2025-10-11
CLI0374,DEV0374,Galaxy A54,Android 13,2022-11-28,2025-08-05
CLI0375,DEV0375,Pixel 8,Android 14,2024-01-21,2025-08-18
CLI0376,DEV0376,Redmi Note 12,Android 13,2022-05-05,2025-08-26
CLI0377,DEV0377,iPhone 14,iOS 17,2023-05-20,2025-01-28
CLI0378,DEV0378,Pixel 8,Android 14,2023-08-13,2025-07-04
CLI0379,DEV0379,Pixel 8,Android 14,2024-03-31,2025-03-31
CLI0380,DEV0380,iPhone 15,iOS 18,2023-12-16,2025-09-30
CLI0381,DEV0381,Moto G84,Android 14,2023-06-04,2025-09-12
CLI0382,DEV0382,Redmi Note 12,Android 13,2023-02-15,2025-11-07
CLI0383,DEV0383,Galaxy A54,Android 13,2022-11-01,2025-02-10
CLI0384,DEV0384,Redmi Note 12,Android 13,2024-08-30,2025-01-10
CLI0385,DEV0385,iPhone 14,iOS 17,2023-09-29,2025-06-19
CLI0386,DEV0386,Galaxy A54,Android 13,2024-09-21,2025-12-08
CLI0387,DEV0387,Moto G84,Android 14,2023-04-29,2025-10-06
CLI0388,DEV0388,iPhone 15,iOS 18,2022-05-15,2025-06-12
CLI0389,DEV0389,Redmi Note 12,Android 13,2024-10-14,2025-07-22
CLI0390,DEV0390,Galaxy A54,Android 13,2024-06-18,2025-12-17
CLI0391,DEV0391,Galaxy A54,Android 13,2024-02-22,2025-02-20
CLI0392,DEV0392,Galaxy A54,Android 13,2023-06-30,2025-05-08
CLI0393,DEV0393,iPhone 15,iOS 18,2024-11-21,2025-12-09
CLI0394,DEV0394,iPhone 14,iOS 17,2023-06-25,2025-03-26
CLI0395,DEV0395,iPhone 14,iOS 17,2024-11-21,2025-08-24
CLI0396,DEV0396,iPhone 14,iOS 17,2022-11-21,2025-12-05
CLI0397,DEV0397,Pixel 8,Android 14,2022-06-21,2025-05-01
CLI0398,DEV0398,iPhone 15,iOS 18,2022-08-18,2025-02-12
CLI0399,DEV0399,Redmi Note 12,Android 13,2024-11-06,2025-01-16
CLI0400,DEV0400,Moto G84,Android 14,2022-10-11,2025-03-24
CLI0401,DEV0401,Moto G84,Android 14,2024-06-20,2025-09-17
CLI0402,DEV0402,Pixel 8,Android 14,2022-02-22,2025-05-13
CLI0403,DEV0403,Redmi Note 12,Android 13,2022-07-11,2026-03-01
CLI0404,DEV0404,Moto G84,Android 14,2024-04-05,2025-02-16
CLI0405,DEV0405,Redmi Note 12,Android 13,2023-07-08,2026-02-10
CLI0406,DEV0406,Redmi Note 12,Android 13,2024-03-14,2025-10-24
CLI0407,DEV0407,Moto G84,Android 14,2023-12-28,2025-04-28
CLI0408,DEV0408,Galaxy A54,Android 13,2022-04-01,2025-09-11
CLI0409,DEV0409,Redmi Note 12,Android 13,2023-04-05,2025-06-20
CLI0410,DEV0410,Galaxy S23,Android 14,2022-04-03,2025-11-06
CLI0411,DEV0411,iPhone 15,iOS 18,2023-06-27,2025-11-10
CLI0412,DEV0412,iPhone 15,iOS 18,2022-05-13,2025-08-16
CLI0413,DEV0413,iPhone 15,iOS 18,2022-11-24,2025-07-02
CLI0414,DEV0414,Moto G84,Android 14,2022-09-14,2025-01-01
CLI0415,DEV0415,Galaxy A54,Android 13,2024-12-26,2025-12-23
CLI0416,DEV0416,Galaxy S23,Android 14,2024-03-20,2025-09-03
CLI0417,DEV0417,iPhone 14,iOS 17,2022-05-10,2025-02-15
CLI0418,DEV0418,Redmi Note 12,Android 13,2022-12-01,2026-02-25
CLI0419,DEV0419,Galaxy A54,Android 13,2024-04-14,2025-01-01
CLI0420,DEV0420,Moto G84,Android 14,2024-11-12,2025-02-18
CLI0421,DEV0421,Pixel 8,Android 14,2023-09-11,2025-09-11
CLI0422,DEV0422,Redmi Note 12,Android 13,2022-03-06,2025-04-09
CLI0423,DEV0423,Galaxy A54,Android 13,2024-09-18,2026-01-18
CLI0424,DEV0424,Moto G84,Android 14,2022-03-27,2025-10-07
CLI0425,DEV0425,iPhone 15,iOS 18,2022-07-18,2025-05-20
CLI0426,DEV0426,Pixel 8,Android 14,2023-04-09,2025-06-17
CLI0427,DEV0427,Galaxy A54,Android 13,2023-05-25,2025-12-24
CLI0428,DEV0428,Galaxy A54,Android 13,2023-10-02,2025-12-19
CLI0429,DEV0429,iPhone 14,iOS 17,2022-09-12,2025-11-11
CLI0430,DEV0430,Galaxy S23,Android 14,2023-05-20,2025-12-23
CLI0431,DEV0431,Galaxy A54,Android 13,2022-06-10,2025-08-05
CLI0432,DEV0432,Galaxy A54,Android 13,2023-10-06,2025-05-08
CLI0433,DEV0433,Galaxy S23,Android 14,2024-02-02,2025-11-03
CLI0434,DEV0434,Moto G84,Android 14,2023-09-09,2026-02-18
CLI0435,DEV0435,Galaxy S23,Android 14,2024-02-10,2025-07-12
CLI0436,DEV0436,Galaxy A54,Android 13,2022-04-13,2025-06-17
CLI0437,DEV0437,Galaxy A54,Android 13,2024-01-16,2025-09-08
CLI0438,DEV0438,Pixel 8,Android 14,2023-10-16,2025-04-24
CLI0439,DEV0439,iPhone 15,iOS 18,2024-01-27,2025-05-13
CLI0440,DEV0440,Galaxy S23,Android 14,2023-08-16,2025-01-28
CLI0441,DEV0441,iPhone 14,iOS 17,2024-05-21,2025-03-24
CLI0442,DEV0442,Pixel 8,Android 14,2024-07-14,2025-08-08
CLI0443,DEV0443,Pixel 8,Android 14,2023-10-10,2025-11-10
CLI0444,DEV0444,Galaxy S23,Android 14,2022-07-24,2025-02-17
CLI0445,DEV0445,Redmi Note 12,Android 13,2024-03-06,2025-01-31
CLI0446,DEV0446,Moto G84,Android 14,2024-11-23,2025-07-22
CLI0447,DEV0447,iPhone 15,iOS 18,2024-01-04,2025-08-16
CLI0448,DEV0448,Pixel 8,Android 14,2023-06-23,2025-03-26
CLI0449,DEV0449,iPhone 15,iOS 18,2022-04-20,2025-04-15
CLI0450,DEV0450,Galaxy A54,Android 13,2023-12-10,2025-12-23
CLI0451,DEV0451,Moto G84,Android 14,2023-12-19,2026-02-24
CLI0452,DEV0452,Galaxy S23,Android 14,2022-09-19,2025-03-05
CLI0453,DEV0453,Galaxy S23,Android 14,2023-07-04,2025-01-25
CLI0454,DEV0454,Galaxy S23,Android 14,2024-08-14,2025-06-23
CLI0455,DEV0455,iPhone 15,iOS 18,2022-11-12,2026-01-01
CLI0456,DEV0456,Galaxy A54,Android 13,2024-03-26,2026-01-27
CLI0457,DEV0457,iPhone 14,iOS 17,2023-01-28,2025-10-12
CLI0458,DEV0458,Redmi Note 12,Android 13,2022-01-26,2025-12-02
CLI0459,DEV0459,Galaxy S23,Android 14,2023-11-05,2026-01-01
CLI0460,DEV0460,Redmi Note 12,Android 13,2024-10-27,2026-03-01
CLI0461,DEV0461,Galaxy S23,Android 14,2022-01-25,2025-01-19
CLI0462,DEV0462,Galaxy A54,Android 13,2024-08-29,2025-09-16
CLI0463,DEV0463,Galaxy S23,Android 14,2023-06-05,2025-05-11
CLI0464,DEV0464,iPhone 14,iOS 17,2024-12-24,2025-04-18
CLI0465,DEV0465,Galaxy A54,Android 13,2022-08-08,2025-01-08
CLI0466,DEV0466,Moto G84,Android 14,2024-07-23,2025-09-15
CLI0467,DEV0467,Moto G84,Android 14,2024-12-16,2025-09-21
CLI0468,DEV0468,Galaxy A54,Android 13,2022-09-30,2025-09-03
CLI0469,DEV0469,iPhone 15,iOS 18,2022-03-16,2026-02-19
CLI0470,DEV0470,iPhone 15,iOS 18,2023-07-03,2025-03-09
CLI0471,DEV0471,Moto G84,Android 14,2023-04-28,2025-05-02
CLI0472,DEV0472,Galaxy A54,Android 13,2022-03-03,2025-07-20
CLI0473,DEV0473,Pixel 8,Android 14,2024-11-20,2025-01-26
CLI0474,DEV0474,iPhone 14,iOS 17,2022-08-28,2025-01-08
CLI0475,DEV0475,Redmi Note 12,Android 13,2024-12-05,2025-07-17
CLI0476,DEV0476,Moto G84,Android 14,2024-09-11,2026-01-02
CLI0477,DEV0477,iPhone 15,iOS 18,2024-02-03,2025-07-16
CLI0478,DEV0478,Redmi Note 12,Android 13,2023-05-15,2025-11-25
CLI0479,DEV0479,Galaxy A54,Android 13,2022-10-11,2025-04-10
CLI0480,DEV0480,iPhone 14,iOS 17,2023-02-11,2026-01-11
CLI0481,DEV0481,Pixel 8,Android 14,2023-07-26,2025-06-18
CLI0482,DEV0482,Redmi Note 12,Android 13,2022-04-05,2025-08-12
CLI0483,DEV0483,iPhone 14,iOS 17,2022-01-27,2025-11-28
CLI0484,DEV0484,Redmi Note 12,Android 13,2023-04-06,2025-05-25
CLI0485,DEV0485,Galaxy A54,Android 13,2023-07-05,2026-01-31
CLI0486,DEV0486,Pixel 8,Android 14,2023-02-03,2025-08-09
CLI0487,DEV0487,Moto G84,Android 14,2024-04-09,2025-03-23
CLI0488,DEV0488,Moto G84,Android 14,2024-06-06,2025-10-13
CLI0489,DEV0489,Redmi Note 12,Android 13,2024-09-20,2026-02-05
CLI0490,DEV0490,iPhone 15,iOS 18,2024-01-14,2025-08-21
CLI0491,DEV0491,iPhone 15,iOS 18,2022-02-15,2025-02-14
CLI0492,DEV0492,Pixel 8,Android 14,2023-01-18,2025-07-14
CLI0493,DEV0493,iPhone 14,iOS 17,2024-08-02,2025-07-04
CLI0494,DEV0494,Galaxy A54,Android 13,2023-08-19,2025-12-28
CLI0495,DEV0495,Moto G84,Android 14,2023-01-14,2026-02-06
CLI0496,DEV0496,Moto G84,Android 14,2024-04-04,2025-03-12
CLI0497,DEV0497,Galaxy S23,Android 14,2024-11-15,2025-10-28
CLI0498,DEV0498,iPhone 15,iOS 18,2022-08-04,2026-02-26
CLI0499,DEV0499,Galaxy S23,Android 14,2024-06-10,2026-02-04
CLI0500,DEV0500,Galaxy A54,Android 13,2022-01-01,2025-12-30
CLI0501,DEV0501,Redmi Note 12,Android 13,2023-12-02,2025-07-29
CLI0502,DEV0502,Pixel 8,Android 14,2022-10-06,2025-05-23
CLI0503,DEV0503,iPhone 14,iOS 17,2022-04-30,2025-02-15
CLI0504,DEV0504,Redmi Note 12,Android 13,2024-07-15,2025-05-04
CLI0505,DEV0505,Pixel 8,Android 14,2024-02-04,2025-01-04
CLI0506,DEV0506,iPhone 14,iOS 17,2024-02-01,2025-01-01
CLI0507,DEV0507,iPhone 15,iOS 18,2024-05-25,2025-02-11
CLI0508,DEV0508,Pixel 8,Android 14,2022-10-06,2025-04-13
CLI0509,DEV0509,Redmi Note 12,Android 13,2022-01-31,2025-01-03
CLI0510,DEV0510,Redmi Note 12,Android 13,2023-11-02,2025-12-24
CLI0511,DEV0511,Moto G84,Android 14,2023-03-13,2025-07-31
CLI0512,DEV0512,Pixel 8,Android 14,2022-08-25,2025-07-31
CLI0513,DEV0513,iPhone 15,iOS 18,2023-09-29,2026-02-20
CLI0514,DEV0514,Galaxy S23,Android 14,2022-04-03,2025-03-20
CLI0515,DEV0515,iPhone 14,iOS 17,2024-08-17,2025-06-01
CLI0516,DEV0516,Pixel 8,Android 14,2023-05-11,2025-06-22
CLI0517,DEV0517,Moto G84,Android 14,2024-06-10,2025-01-20
CLI0518,DEV0518,Galaxy S23,Android 14,2024-10-27,2025-04-10
CLI0519,DEV0519,Pixel 8,Android 14,2023-09-03,2025-07-27
CLI0520,DEV0520,Galaxy A54,Android 13,2024-06-28,2025-05-22
CLI0521,DEV0521,iPhone 14,iOS 17,2024-01-16,2025-07-23
CLI0522,DEV0522,Moto G84,Android 14,2023-11-14,2026-01-28
CLI0523,DEV0523,Redmi Note 12,Android 13,2022-07-28,2025-04-30
CLI0524,DEV0524,Galaxy A54,Android 13,2022-07-14,2025-11-04
CLI0525,DEV0525,iPhone 14,iOS 17,2022-12-29,2025-03-28
CLI0526,DEV0526,Pixel 8,Android 14,2023-07-03,2025-12-24
CLI0527,DEV0527,iPhone 15,iOS 18,2024-06-15,2025-06-10
CLI0528,DEV0528,Pixel 8,Android 14,2022-04-14,2025-02-10
CLI0529,DEV0529,Pixel 8,Android 14,2023-06-16,2025-08-14
CLI0530,DEV0530,Galaxy S23,Android 14,2022-03-31,2025-09-10
CLI0531,DEV0531,Moto G84,Android 14,2022-04-12,2025-07-01
CLI0532,DEV0532,iPhone 14,iOS 17,2022-01-20,2025-07-21
CLI0533,DEV0533,iPhone 15,iOS 18,2022-08-31,2025-01-02
CLI0534,DEV0534,iPhone 14,iOS 17,2024-11-03,2025-11-10
CLI0535,DEV0535,iPhone 15,iOS 18,2023-11-21,2025-11-12
CLI0536,DEV0536,Pixel 8,Android 14,2023-05-14,2025-07-11
CLI0537,DEV0537,iPhone 14,iOS 17,2022-03-10,2025-01-31
CLI0538,DEV0538,Moto G84,Android 14,2024-05-27,2026-02-27
CLI0539,DEV0539,Galaxy A54,Android 13,2023-06-23,2025-01-23
CLI0540,DEV0540,Redmi Note 12,Android 13,2023-02-01,2025-10-19
CLI0541,DEV0541,iPhone 14,iOS 17,2024-03-15,2025-09-09
CLI0542,DEV0542,iPhone 15,iOS 18,2022-11-26,2025-11-21
CLI0543,DEV0543,Galaxy A54,Android 13,2023-10-04,2025-05-11
CLI0544,DEV0544,Galaxy A54,Android 13,2023-06-06,2025-04-05
CLI0545,DEV0545,Galaxy S23,Android 14,2023-11-09,2025-02-18
CLI0546,DEV0546,Galaxy S23,Android 14,2023-05-16,2025-01-03
CLI0547,DEV0547,iPhone 15,iOS 18,2022-01-29,2025-03-19
CLI0548,DEV0548,Pixel 8,Android 14,2022-10-06,2025-11-12
CLI0549,DEV0549,Pixel 8,Android 14,2024-07-12,2025-06-15
CLI0550,DEV0550,Galaxy S23,Android 14,2022-12-10,2025-07-22
CLI0551,DEV0551,Redmi Note 12,Android 13,2022-10-17,2025-08-23
CLI0552,DEV0552,Galaxy A54,Android 13,2024-08-06,2025-01-13
CLI0553,DEV0553,Pixel 8,Android 14,2023-12-07,2025-03-24
CLI0554,DEV0554,Galaxy A54,Android 13,2022-12-11,2025-02-20
CLI0555,DEV0555,Moto G84,Android 14,2022-09-12,2025-09-25
CLI0556,DEV0556,Galaxy A54,Android 13,2022-08-06,2026-01-31
CLI0557,DEV0557,Galaxy S23,Android 14,2022-06-17,2026-01-09
CLI0558,DEV0558,Redmi Note 12,Android 13,2022-07-12,2025-07-15
CLI0559,DEV0559,Galaxy A54,Android 13,2024-12-31,2026-01-27
CLI0560,DEV0560,Moto G84,Android 14,2022-11-13,2025-09-18
CLI0561,DEV0561,Galaxy S23,Android 14,2022-04-20,2025-12-03
CLI0562,DEV0562,iPhone 14,iOS 17,2022-04-21,2025-04-01
CLI0563,DEV0563,Redmi Note 12,Android 13,2023-04-14,2025-03-11
CLI0564,DEV0564,Galaxy S23,Android 14,2023-07-25,2025-09-07
CLI0565,DEV0565,iPhone 14,iOS 17,2024-05-13,2025-07-04
CLI0566,DEV0566,iPhone 15,iOS 18,2022-03-15,2025-11-21
CLI0567,DEV0567,iPhone 15,iOS 18,2024-06-17,2025-09-12
CLI0568,DEV0568,Redmi Note 12,Android 13,2023-02-02,2025-01-22
CLI0569,DEV0569,Galaxy A54,Android 13,2023-06-04,2025-07-22
CLI0570,DEV0570,Galaxy A54,Android 13,2024-07-30,2025-07-02
CLI0571,DEV0571,iPhone 15,iOS 18,2022-05-26,2025-12-17
CLI0572,DEV0572,Galaxy A54,Android 13,2023-09-04,2025-07-13
CLI0573,DEV0573,Pixel 8,Android 14,2022-03-01,2025-05-15
CLI0574,DEV0574,Galaxy A54,Android 13,2022-11-29,2025-03-19
CLI0575,DEV0575,iPhone 14,iOS 17,2024-10-23,2025-01-29
CLI0576,DEV0576,Galaxy A54,Android 13,2022-03-25,2025-07-16
CLI0577,DEV0577,Pixel 8,Android 14,2024-03-17,2025-07-05
CLI0578,DEV0578,Redmi Note 12,Android 13,2022-03-16,2025-08-14
CLI0579,DEV0579,Moto G84,Android 14,2024-05-03,2025-06-26
CLI0580,DEV0580,iPhone 15,iOS 18,2022-09-23,2025-03-28
CLI0581,DEV0581,iPhone 15,iOS 18,2023-06-08,2025-04-21
CLI0582,DEV0582,Redmi Note 12,Android 13,2022-11-06,2025-02-21
CLI0583,DEV0583,Moto G84,Android 14,2022-07-20,2026-01-14
CLI0584,DEV0584,Pixel 8,Android 14,2022-06-23,2025-12-03
CLI0585,DEV0585,Moto G84,Android 14,2023-11-25,2026-02-17
CLI0586,DEV0586,Galaxy S23,Android 14,2022-04-28,2025-07-06
CLI0587,DEV0587,Pixel 8,Android 14,2022-03-13,2026-02-19
CLI0588,DEV0588,Galaxy A54,Android 13,2022-02-27,2025-07-11
CLI0589,DEV0589,Galaxy S23,Android 14,2024-07-17,2025-07-25
CLI0590,DEV0590,iPhone 15,iOS 18,2024-06-13,2025-07-09
CLI0591,DEV0591,Galaxy A54,Android 13,2022-05-11,2025-08-09
CLI0592,DEV0592,Galaxy S23,Android 14,2023-08-08,2025-07-09
CLI0593,DEV0593,iPhone 14,iOS 17,2023-12-01,2025-04-05
CLI0594,DEV0594,Galaxy A54,Android 13,2023-09-11,2025-08-17
CLI0595,DEV0595,iPhone 15,iOS 18,2023-05-06,2025-07-08
CLI0596,DEV0596,Pixel 8,Android 14,2023-08-09,2025-01-27
CLI0597,DEV0597,Pixel 8,Android 14,2022-11-19,2025-08-01
CLI0598,DEV0598,Galaxy A54,Android 13,2024-04-25,2025-04-23
CLI0599,DEV0599,iPhone 14,iOS 17,2024-12-29,2025-11-27
CLI0600,DEV0600,iPhone 14,iOS 17,2022-06-12,2025-07-08
CLI0601,DEV0601,iPhone 15,iOS 18,2024-01-13,2026-02-22
CLI0602,DEV0602,Galaxy S23,Android 14,2023-07-01,2025-12-15
CLI0603,DEV0603,iPhone 15,iOS 18,2022-12-02,2025-11-28
CLI0604,DEV0604,iPhone 15,iOS 18,2024-06-29,2025-08-25
CLI0605,DEV0605,Galaxy A54,Android 13,2023-01-21,2025-04-10
CLI0606,DEV0606,Pixel 8,Android 14,2024-01-02,2026-02-22
CLI0607,DEV0607,Galaxy S23,Android 14,2023-10-29,2025-11-29
CLI0608,DEV0608,Galaxy A54,Android 13,2022-12-31,2026-01-09
CLI0609,DEV0609,Redmi Note 12,Android 13,2023-02-04,2025-03-03
CLI0610,DEV0610,Pixel 8,Android 14,2023-03-22,2026-01-26
CLI0611,DEV0611,iPhone 15,iOS 18,2022-09-07,2025-04-12
CLI0612,DEV0612,Pixel 8,Android 14,2024-03-11,2025-04-01
CLI0613,DEV0613,iPhone 15,iOS 18,2024-02-04,2025-11-12
CLI0614,DEV0614,iPhone 15,iOS 18,2024-06-25,2025-04-27
CLI0615,DEV0615,Galaxy S23,Android 14,2024-08-28,2025-12-20
CLI0616,DEV0616,Galaxy A54,Android 13,2024-05-24,2025-02-14
CLI0617,DEV0617,iPhone 14,iOS 17,2024-07-29,2025-01-24
CLI0618,DEV0618,Pixel 8,Android 14,2022-11-21,2026-03-01
CLI0619,DEV0619,iPhone 14,iOS 17,2022-11-16,2025-07-22
CLI0620,DEV0620,Pixel 8,Android 14,2024-10-06,2025-12-08
CLI0621,DEV0621,Galaxy A54,Android 13,2023-02-15,2025-06-16
CLI0622,DEV0622,iPhone 15,iOS 18,2022-11-09,2025-03-14
CLI0623,DEV0623,Galaxy S23,Android 14,2022-11-12,2025-06-27
CLI0624,DEV0624,Redmi Note 12,Android 13,2023-12-26,2025-07-27
CLI0625,DEV0625,Redmi Note 12,Android 13,2022-04-11,2025-07-19
CLI0626,DEV0626,Moto G84,Android 14,2022-04-24,2025-05-20
CLI0627,DEV0627,iPhone 14,iOS 17,2024-09-21,2025-12-09
CLI0628,DEV0628,Galaxy S23,Android 14,2022-11-01,2025-01-07
CLI0629,DEV0629,Redmi Note 12,Android 13,2022-04-28,2025-09-18
CLI0630,DEV0630,Galaxy A54,Android 13,2022-05-10,2025-06-10
CLI0631,DEV0631,Galaxy S23,Android 14,2022-05-29,2026-02-14
CLI0632,DEV0632,Redmi Note 12,Android 13,2023-07-03,2025-02-06
CLI0633,DEV0633,iPhone 14,iOS 17,2022-07-07,2025-10-23
CLI0634,DEV0634,Galaxy A54,Android 13,2024-01-03,2026-02-17
CLI0635,DEV0635,Galaxy S23,Android 14,2022-12-12,2025-08-11
CLI0636,DEV0636,iPhone 15,iOS 18,2022-07-03,2025-03-18
CLI0637,DEV0637,Galaxy A54,Android 13,2024-12-25,2025-10-18
CLI0638,DEV0638,iPhone 15,iOS 18,2022-06-01,2025-03-26
CLI0639,DEV0639,iPhone 15,iOS 18,2024-06-15,2025-11-30
CLI0640,DEV0640,Moto G84,Android 14,2024-08-31,2025-11-29
CLI0641,DEV0641,iPhone 15,iOS 18,2022-08-25,2025-11-05
CLI0642,DEV0642,iPhone 14,iOS 17,2024-11-15,2025-12-11
CLI0643,DEV0643,iPhone 15,iOS 18,2022-04-04,2025-03-23
CLI0644,DEV0644,Galaxy A54,Android 13,2024-02-14,2025-05-20
CLI0645,DEV0645,Redmi Note 12,Android 13,2022-04-13,2025-01-01
CLI0646,DEV0646,Galaxy S23,Android 14,2024-06-10,2025-09-12
CLI0647,DEV0647,iPhone 14,iOS 17,2024-05-09,2026-02-22
CLI0648,DEV0648,Pixel 8,Android 14,2023-11-09,2025-01-17
CLI0649,DEV0649,Galaxy A54,Android 13,2023-02-12,2025-01-20
CLI0650,DEV0650,Galaxy A54,Android 13,2024-06-22,2025-02-10
CLI0651,DEV0651,iPhone 15,iOS 18,2023-10-20,2025-04-16
CLI0652,DEV0652,Galaxy S23,Android 14,2023-12-18,2025-02-26
CLI0653,DEV0653,Galaxy A54,Android 13,2023-09-06,2025-05-01
CLI0654,DEV0654,Pixel 8,Android 14,2023-11-18,2025-11-10
CLI0655,DEV0655,Galaxy S23,Android 14,2023-11-08,2026-01-21
CLI0656,DEV0656,Pixel 8,Android 14,2022-05-30,2026-02-10
CLI0657,DEV0657,Pixel 8,Android 14,2023-06-14,2025-05-22
CLI0658,DEV0658,Galaxy S23,Android 14,2022-02-05,2025-09-27
CLI0659,DEV0659,iPhone 14,iOS 17,2023-11-04,2025-09-14
CLI0660,DEV0660,Redmi Note 12,Android 13,2024-12-05,2025-10-26
CLI0661,DEV0661,Pixel 8,Android 14,2024-07-01,2025-03-08
CLI0662,DEV0662,Galaxy A54,Android 13,2023-11-01,2025-06-04
CLI0663,DEV0663,Galaxy S23,Android 14,2024-08-25,2026-02-14
CLI0664,DEV0664,iPhone 14,iOS 17,2023-09-11,2025-05-23
CLI0665,DEV0665,Redmi Note 12,Android 13,2023-04-03,2025-10-18
CLI0666,DEV0666,iPhone 15,iOS 18,2022-08-24,2025-04-15
CLI0667,DEV0667,iPhone 15,iOS 18,2023-11-09,2025-10-26
CLI0668,DEV0668,Moto G84,Android 14,2023-03-24,2025-02-05
CLI0669,DEV0669,Redmi Note 12,Android 13,2023-11-02,2025-07-23
CLI0670,DEV0670,Moto G84,Android 14,2024-01-30,2025-01-25
CLI0671,DEV0671,Redmi Note 12,Android 13,2022-10-05,2025-01-18
CLI0672,DEV0672,Galaxy S23,Android 14,2024-04-12,2025-04-17
CLI0673,DEV0673,Redmi Note 12,Android 13,2024-05-01,2025-09-16
CLI0674,DEV0674,Pixel 8,Android 14,2023-10-05,2025-12-30
CLI0675,DEV0675,Pixel 8,Android 14,2022-07-03,2025-11-28
CLI0676,DEV0676,Galaxy A54,Android 13,2023-06-24,2025-04-07
CLI0677,DEV0677,iPhone 15,iOS 18,2024-01-21,2025-01-25
CLI0678,DEV0678,Galaxy S23,Android 14,2023-01-07,2025-08-18
CLI0679,DEV0679,Moto G84,Android 14,2022-11-10,2025-11-16
CLI0680,DEV0680,Galaxy A54,Android 13,2022-08-09,2025-04-21
CLI0681,DEV0681,iPhone 15,iOS 18,2023-06-04,2025-07-29
CLI0682,DEV0682,Galaxy S23,Android 14,2022-01-22,2025-08-13
CLI0683,DEV0683,Redmi Note 12,Android 13,2022-04-27,2025-03-30
CLI0684,DEV0684,iPhone 15,iOS 18,2023-04-18,2026-01-12
CLI0685,DEV0685,iPhone 14,iOS 17,2023-03-20,2025-05-19
CLI0686,DEV0686,iPhone 14,iOS 17,2022-02-03,2025-02-16
CLI0687,DEV0687,iPhone 14,iOS 17,2024-02-04,2025-01-30
CLI0688,DEV0688,Redmi Note 12,Android 13,2022-07-28,2025-09-01
CLI0689,DEV0689,iPhone 14,iOS 17,2023-01-10,2025-05-16
CLI0690,DEV0690,Pixel 8,Android 14,2024-06-21,2025-03-20
CLI0691,DEV0691,iPhone 15,iOS 18,2022-11-15,2025-06-12
CLI0692,DEV0692,Pixel 8,Android 14,2024-12-29,2025-05-25
CLI0693,DEV0693,iPhone 15,iOS 18,2023-01-20,2025-08-20
CLI0694,DEV0694,iPhone 14,iOS 17,2022-06-26,2025-01-25
CLI0695,DEV0695,Redmi Note 12,Android 13,2023-12-11,2025-12-19
CLI0696,DEV0696,Pixel 8,Android 14,2022-04-12,2026-02-27
CLI0697,DEV0697,iPhone 14,iOS 17,2023-05-31,2025-12-22
CLI0698,DEV0698,iPhone 14,iOS 17,2022-12-20,2025-03-31
CLI0699,DEV0699,iPhone 15,iOS 18,2024-07-19,2025-04-04
CLI0700,DEV0700,iPhone 14,iOS 17,2024-02-09,2025-04-01
CLI0701,DEV0701,iPhone 15,iOS 18,2022-01-04,2025-12-21
CLI0702,DEV0702,Galaxy S23,Android 14,2024-06-25,2025-01-10
CLI0703,DEV0703,iPhone 14,iOS 17,2023-07-09,2025-08-26
CLI0704,DEV0704,Pixel 8,Android 14,2024-11-05,2025-12-17
CLI0705,DEV0705,Galaxy A54,Android 13,2023-06-12,2025-11-16
CLI0706,DEV0706,Galaxy A54,Android 13,2023-04-23,2025-05-18
CLI0707,DEV0707,iPhone 15,iOS 18,2024-01-05,2025-10-18
CLI0708,DEV0708,Moto G84,Android 14,2022-06-21,2025-03-14
CLI0709,DEV0709,Moto G84,Android 14,2023-08-09,2025-03-01
CLI0710,DEV0710,Moto G84,Android 14,2023-10-13,2025-06-11
CLI0711,DEV0711,iPhone 15,iOS 18,2024-08-06,2025-12-09
CLI0712,DEV0712,iPhone 14,iOS 17,2024-06-02,2025-07-13
CLI0713,DEV0713,Galaxy S23,Android 14,2022-07-18,2025-04-10
CLI0714,DEV0714,iPhone 14,iOS 17,2023-07-13,2025-10-21
CLI0715,DEV0715,iPhone 15,iOS 18,2022-11-07,2025-02-18
CLI0716,DEV0716,Redmi Note 12,Android 13,2022-08-19,2025-12-31
CLI0717,DEV0717,Moto G84,Android 14,2024-10-19,2025-07-25
CLI0718,DEV0718,Galaxy S23,Android 14,2023-06-21,2025-10-12
CLI0719,DEV0719,Pixel 8,Android 14,2022-01-02,2025-01-22
CLI0720,DEV0720,Redmi Note 12,Android 13,2024-12-10,2025-09-03
CLI0721,DEV0721,Redmi Note 12,Android 13,2024-04-02,2025-05-25
CLI0722,DEV0722,iPhone 15,iOS 18,2023-08-30,2025-12-04
CLI0723,DEV0723,iPhone 15,iOS 18,2022-06-03,2025-04-09
CLI0724,DEV0724,iPhone 15,iOS 18,2023-06-03,2025-09-30
CLI0725,DEV0725,Moto G84,Android 14,2022-08-18,2025-02-16
CLI0726,DEV0726,Moto G84,Android 14,2023-07-23,2025-10-22
CLI0727,DEV0727,Redmi Note 12,Android 13,2022-02-10,2025-01-30
CLI0728,DEV0728,Redmi Note 12,Android 13,2022-12-11,2025-12-28
CLI0729,DEV0729,Moto G84,Android 14,2023-11-21,2025-04-10
CLI0730,DEV0730,Redmi Note 12,Android 13,2022-04-06,2025-06-17
CLI0731,DEV0731,Redmi Note 12,Android 13,2022-01-04,2025-07-01
CLI0732,DEV0732,iPhone 14,iOS 17,2024-07-12,2025-07-23
CLI0733,DEV0733,iPhone 15,iOS 18,2023-04-11,2025-04-01
CLI0734,DEV0734,iPhone 15,iOS 18,2024-09-17,2025-07-28
CLI0735,DEV0735,iPhone 15,iOS 18,2024-03-25,2025-08-21
CLI0736,DEV0736,iPhone 14,iOS 17,2023-01-24,2025-03-21
CLI0737,DEV0737,iPhone 14,iOS 17,2024-11-06,2026-01-10
CLI0738,DEV0738,Galaxy A54,Android 13,2023-10-29,2025-12-29
CLI0739,DEV0739,Redmi Note 12,Android 13,2022-03-30,2025-08-05
CLI0740,DEV0740,Moto G84,Android 14,2022-07-25,2025-12-01
CLI0741,DEV0741,Galaxy A54,Android 13,2022-08-28,2025-08-24
CLI0742,DEV0742,Redmi Note 12,Android 13,2023-05-21,2025-10-05
CLI0743,DEV0743,Redmi Note 12,Android 13,2024-03-11,2025-07-12
CLI0744,DEV0744,Moto G84,Android 14,2023-12-26,2025-10-22
CLI0745,DEV0745,Moto G84,Android 14,2024-11-04,2025-10-31
CLI0746,DEV0746,Moto G84,Android 14,2023-07-13,2025-12-10
CLI0747,DEV0747,Moto G84,Android 14,2022-02-16,2025-08-16
CLI0748,DEV0748,Moto G84,Android 14,2023-09-16,2025-02-02
CLI0749,DEV0749,Moto G84,Android 14,2022-01-08,2025-10-11
CLI0750,DEV0750,Galaxy S23,Android 14,2023-08-06,2025-07-27
CLI0751,DEV0751,iPhone 14,iOS 17,2024-04-21,2025-08-25
CLI0752,DEV0752,Galaxy A54,Android 13,2024-12-28,2025-02-24
CLI0753,DEV0753,Galaxy S23,Android 14,2023-10-10,2025-01-06
CLI0754,DEV0754,iPhone 15,iOS 18,2022-08-31,2025-01-17
CLI0755,DEV0755,Galaxy A54,Android 13,2023-08-17,2025-10-11
CLI0756,DEV0756,Galaxy S23,Android 14,2024-12-30,2025-05-10
CLI0757,DEV0757,Moto G84,Android 14,2023-01-25,2025-12-07
CLI0758,DEV0758,iPhone 15,iOS 18,2024-08-28,2025-05-15
CLI0759,DEV0759,iPhone 15,iOS 18,2024-07-04,2026-02-08
CLI0760,DEV0760,iPhone 14,iOS 17,2023-12-08,2026-01-04
CLI0761,DEV0761,iPhone 14,iOS 17,2024-01-03,2025-07-18
CLI0762,DEV0762,Moto G84,Android 14,2023-08-26,2025-08-10
CLI0763,DEV0763,Redmi Note 12,Android 13,2022-08-31,2025-09-29
CLI0764,DEV0764,Redmi Note 12,Android 13,2023-02-22,2025-08-07
CLI0765,DEV0765,Galaxy S23,Android 14,2023-09-13,2025-05-10
CLI0766,DEV0766,Galaxy S23,Android 14,2023-12-04,2025-08-05
CLI0767,DEV0767,iPhone 14,iOS 17,2024-02-13,2025-03-14
CLI0768,DEV0768,iPhone 15,iOS 18,2023-10-08,2025-08-06
CLI0769,DEV0769,iPhone 15,iOS 18,2023-03-18,2025-11-22
CLI0770,DEV0770,Galaxy A54,Android 13,2023-09-22,2025-09-03
CLI0771,DEV0771,Moto G84,Android 14,2023-04-02,2025-11-04
CLI0772,DEV0772,iPhone 15,iOS 18,2023-10-03,2025-01-04
CLI0773,DEV0773,Redmi Note 12,Android 13,2023-12-14,2025-04-22
CLI0774,DEV0774,Galaxy A54,Android 13,2022-09-19,2025-12-04
CLI0775,DEV0775,Pixel 8,Android 14,2022-10-21,2025-11-21
CLI0776,DEV0776,Redmi Note 12,Android 13,2023-05-20,2025-11-13
CLI0777,DEV0777,iPhone 15,iOS 18,2023-09-18,2025-03-29
CLI0778,DEV0778,Moto G84,Android 14,2023-11-03,2025-09-08
CLI0779,DEV0779,Galaxy S23,Android 14,2022-04-17,2025-09-28
CLI0780,DEV0780,Galaxy A54,Android 13,2024-07-19,2025-06-07
CLI0781,DEV0781,Pixel 8,Android 14,2022-10-17,2025-06-02
CLI0782,DEV0782,iPhone 14,iOS 17,2023-12-31,2025-10-25
CLI0783,DEV0783,Galaxy S23,Android 14,2023-02-21,2025-01-19
CLI0784,DEV0784,iPhone 15,iOS 18,2023-02-04,2025-03-05
CLI0785,DEV0785,iPhone 15,iOS 18,2024-12-03,2025-11-04
CLI0786,DEV0786,Moto G84,Android 14,2022-12-25,2026-02-20
CLI0787,DEV0787,Galaxy A54,Android 13,2023-02-07,2025-01-05
CLI0788,DEV0788,Redmi Note 12,Android 13,2022-05-09,2025-06-10
CLI0789,DEV0789,Pixel 8,Android 14,2023-03-12,2025-06-17
CLI0790,DEV0790,Moto G84,Android 14,2022-08-08,2025-07-02
CLI0791,DEV0791,Pixel 8,Android 14,2024-02-21,2025-09-12
CLI0792,DEV0792,Moto G84,Android 14,2024-03-25,2025-10-29
CLI0793,DEV0793,Moto G84,Android 14,2023-06-11,2025-07-12
CLI0794,DEV0794,Moto G84,Android 14,2022-03-01,2025-12-20
CLI0795,DEV0795,iPhone 15,iOS 18,2022-02-04,2025-09-30
CLI0796,DEV0796,Moto G84,Android 14,2024-04-18,2025-12-06
CLI0797,DEV0797,Galaxy S23,Android 14,2024-11-19,2026-02-02
CLI0798,DEV0798,iPhone 15,iOS 18,2024-01-30,2026-02-26
CLI0799,DEV0799,Moto G84,Android 14,2022-08-16,2025-10-31
CLI0800,DEV0800,Redmi Note 12,Android 13,2022-06-01,2026-02-24
CLI0801,DEV0801,iPhone 14,iOS 17,2024-08-04,2025-01-08
CLI0802,DEV0802,Galaxy S23,Android 14,2022-07-22,2026-02-09
CLI0803,DEV0803,Moto G84,Android 14,2024-03-12,2025-09-25
CLI0804,DEV0804,Moto G84,Android 14,2024-10-26,2025-06-24
CLI0805,DEV0805,Moto G84,Android 14,2024-10-03,2025-10-03
CLI0806,DEV0806,Pixel 8,Android 14,2022-08-04,2025-08-16
CLI0807,DEV0807,Moto G84,Android 14,2024-05-20,2025-08-05
CLI0808,DEV0808,Redmi Note 12,Android 13,2024-10-30,2025-10-03
CLI0809,DEV0809,iPhone 15,iOS 18,2024-03-19,2025-01-11
CLI0810,DEV0810,iPhone 15,iOS 18,2024-12-26,2025-03-06
CLI0811,DEV0811,iPhone 14,iOS 17,2023-05-14,2026-01-06
CLI0812,DEV0812,Pixel 8,Android 14,2024-12-31,2026-02-13
CLI0813,DEV0813,Galaxy S23,Android 14,2022-05-05,2025-03-11
CLI0814,DEV0814,Galaxy S23,Android 14,2024-12-23,2025-09-12
CLI0815,DEV0815,iPhone 15,iOS 18,2023-12-16,2025-09-18
CLI0816,DEV0816,iPhone 15,iOS 18,2022-05-04,2025-12-27
CLI0817,DEV0817,iPhone 14,iOS 17,2024-01-22,2025-11-21
CLI0818,DEV0818,Pixel 8,Android 14,2024-02-09,2025-05-03
CLI0819,DEV0819,Pixel 8,Android 14,2022-08-25,2025-02-21
CLI0820,DEV0820,Pixel 8,Android 14,2024-11-06,2025-05-03
CLI0821,DEV0821,Moto G84,Android 14,2024-05-13,2026-01-28
CLI0822,DEV0822,Galaxy S23,Android 14,2022-12-29,2025-09-24
CLI0823,DEV0823,iPhone 14,iOS 17,2022-03-13,2025-02-23
CLI0824,DEV0824,Moto G84,Android 14,2023-09-06,2025-07-29
CLI0825,DEV0825,Redmi Note 12,Android 13,2022-01-03,2025-03-11
CLI0826,DEV0826,Galaxy A54,Android 13,2023-03-04,2025-08-05
CLI0827,DEV0827,Redmi Note 12,Android 13,2023-07-09,2025-08-21
CLI0828,DEV0828,iPhone 14,iOS 17,2024-04-23,2025-10-22
CLI0829,DEV0829,Moto G84,Android 14,2022-12-22,2025-03-30
CLI0830,DEV0830,Pixel 8,Android 14,2023-10-18,2026-01-22
CLI0831,DEV0831,iPhone 15,iOS 18,2024-10-02,2025-03-05
CLI0832,DEV0832,Moto G84,Android 14,2022-09-03,2026-02-08
CLI0833,DEV0833,Galaxy S23,Android 14,2023-03-03,2025-10-30
CLI0834,DEV0834,iPhone 15,iOS 18,2024-08-20,2025-08-15
CLI0835,DEV0835,iPhone 15,iOS 18,2024-04-08,2025-05-26
CLI0836,DEV0836,Redmi Note 12,Android 13,2022-01-18,2025-11-06
CLI0837,DEV0837,Pixel 8,Android 14,2024-05-08,2025-01-12
CLI0838,DEV0838,Galaxy S23,Android 14,2022-12-08,2025-01-21
CLI0839,DEV0839,Redmi Note 12,Android 13,2023-12-31,2025-08-19
CLI0840,DEV0840,iPhone 14,iOS 17,2022-04-26,2025-12-29
CLI0841,DEV0841,iPhone 15,iOS 18,2023-07-09,2025-07-10
CLI0842,DEV0842,Redmi Note 12,Android 13,2023-09-26,2025-02-20
CLI0843,DEV0843,Galaxy A54,Android 13,2022-02-27,2025-10-28
CLI0844,DEV0844,iPhone 15,iOS 18,2023-01-11,2025-04-01
CLI0845,DEV0845,Galaxy S23,Android 14,2022-01-29,2025-05-16
CLI0846,DEV0846,iPhone 14,iOS 17,2024-12-28,2026-03-01
CLI0847,DEV0847,Moto G84,Android 14,2024-06-02,2025-02-20
CLI0848,DEV0848,Moto G84,Android 14,2024-03-28,2025-08-18
CLI0849,DEV0849,Moto G84,Android 14,2023-11-18,2026-02-04
CLI0850,DEV0850,iPhone 15,iOS 18,2024-04-18,2025-10-06
CLI0851,DEV0851,Moto G84,Android 14,2023-10-04,2025-01-16
CLI0852,DEV0852,Pixel 8,Android 14,2022-01-26,2025-01-14
CLI0853,DEV0853,Pixel 8,Android 14,2022-03-12,2025-12-02
CLI0854,DEV0854,Moto G84,Android 14,2024-02-19,2025-10-17
CLI0855,DEV0855,Galaxy A54,Android 13,2022-10-19,2025-04-06
CLI0856,DEV0856,Pixel 8,Android 14,2022-08-18,2025-09-11
CLI0857,DEV0857,Pixel 8,Android 14,2022-01-13,2025-08-21
CLI0858,DEV0858,Pixel 8,Android 14,2023-04-07,2026-01-24
CLI0859,DEV0859,iPhone 14,iOS 17,2024-03-24,2025-01-08
CLI0860,DEV0860,iPhone 15,iOS 18,2022-02-04,2025-10-26
CLI0861,DEV0861,Moto G84,Android 14,2022-02-16,2025-04-17
CLI0862,DEV0862,iPhone 15,iOS 18,2024-08-21,2025-07-29
CLI0863,DEV0863,Galaxy S23,Android 14,2023-12-08,2026-02-28
CLI0864,DEV0864,iPhone 14,iOS 17,2022-09-27,2025-02-24
CLI0865,DEV0865,iPhone 15,iOS 18,2024-05-30,2025-10-04
CLI0866,DEV0866,Galaxy A54,Android 13,2024-05-26,2026-02-10
CLI0867,DEV0867,Galaxy A54,Android 13,2022-05-01,2025-01-05
CLI0868,DEV0868,iPhone 14,iOS 17,2024-11-12,2026-01-19
CLI0869,DEV0869,Galaxy A54,Android 13,2023-08-21,2025-11-14
CLI0870,DEV0870,iPhone 14,iOS 17,2024-04-06,2025-10-20
CLI0871,DEV0871,Pixel 8,Android 14,2023-10-30,2025-04-28
CLI0872,DEV0872,Galaxy A54,Android 13,2022-03-22,2025-09-16
CLI0873,DEV0873,Galaxy S23,Android 14,2024-06-03,2025-04-06
CLI0874,DEV0874,iPhone 15,iOS 18,2024-10-03,2025-12-18
CLI0875,DEV0875,iPhone 15,iOS 18,2023-03-23,2025-01-02
CLI0876,DEV0876,iPhone 15,iOS 18,2023-08-21,2026-01-16
CLI0877,DEV0877,Moto G84,Android 14,2024-12-03,2025-10-20
CLI0878,DEV0878,Pixel 8,Android 14,2022-01-06,2025-01-12
CLI0879,DEV0879,iPhone 15,iOS 18,2024-10-09,2025-04-14
CLI0880,DEV0880,Galaxy A54,Android 13,2022-01-19,2025-10-05
CLI0881,DEV0881,Galaxy A54,Android 13,2023-06-13,2025-07-18
CLI0882,DEV0882,Redmi Note 12,Android 13,2023-03-25,2025-05-08
CLI0883,DEV0883,iPhone 14,iOS 17,2024-12-07,2025-02-13
CLI0884,DEV0884,Moto G84,Android 14,2022-10-17,2026-01-24
CLI0885,DEV0885,Redmi Note 12,Android 13,2023-06-17,2026-02-17
CLI0886,DEV0886,Pixel 8,Android 14,2023-05-05,2025-05-23
CLI0887,DEV0887,Moto G84,Android 14,2023-05-28,2025-05-26
CLI0888,DEV0888,iPhone 15,iOS 18,2022-04-20,2025-02-18
CLI0889,DEV0889,Redmi Note 12,Android 13,2022-07-07,2025-12-19
CLI0890,DEV0890,Moto G84,Android 14,2023-08-15,2025-01-01
CLI0891,DEV0891,Galaxy S23,Android 14,2024-10-22,2025-02-05
CLI0892,DEV0892,Pixel 8,Android 14,2024-01-05,2025-11-23
CLI0893,DEV0893,Galaxy A54,Android 13,2022-02-05,2025-01-05
CLI0894,DEV0894,Redmi Note 12,Android 13,2023-11-11,2025-02-24
CLI0895,DEV0895,Galaxy S23,Android 14,2022-02-06,2025-05-27
CLI0896,DEV0896,Galaxy A54,Android 13,2022-12-21,2025-04-23
CLI0897,DEV0897,iPhone 14,iOS 17,2022-09-19,2025-10-15
CLI0898,DEV0898,iPhone 14,iOS 17,2022-12-26,2025-04-13
CLI0899,DEV0899,iPhone 15,iOS 18,2022-03-02,2025-12-02
CLI0900,DEV0900,Redmi Note 12,Android 13,2024-05-29,2025-08-11
CLI0901,DEV0901,Galaxy S23,Android 14,2022-12-30,2025-03-15
CLI0902,DEV0902,iPhone 14,iOS 17,2022-06-30,2025-06-20
CLI0903,DEV0903,Galaxy A54,Android 13,2022-11-01,2025-05-13
CLI0904,DEV0904,Galaxy A54,Android 13,2024-12-31,2025-03-28
CLI0905,DEV0905,Redmi Note 12,Android 13,2023-01-11,2025-07-21
CLI0906,DEV0906,Galaxy S23,Android 14,2024-03-30,2025-03-20
CLI0907,DEV0907,Galaxy A54,Android 13,2024-11-11,2025-05-19
CLI0908,DEV0908,Moto G84,Android 14,2022-05-04,2025-11-24
CLI0909,DEV0909,Pixel 8,Android 14,2024-11-11,2025-06-05
CLI0910,DEV0910,iPhone 15,iOS 18,2023-10-04,2025-05-20
CLI0911,DEV0911,Moto G84,Android 14,2022-11-09,2025-02-26
CLI0912,DEV0912,iPhone 15,iOS 18,2024-01-01,2025-05-12
CLI0913,DEV0913,Pixel 8,Android 14,2023-08-03,2025-11-26
CLI0914,DEV0914,Moto G84,Android 14,2022-06-14,2025-09-29
CLI0915,DEV0915,Galaxy S23,Android 14,2023-04-07,2025-06-22
CLI0916,DEV0916,Redmi Note 12,Android 13,2022-05-13,2025-09-28
CLI0917,DEV0917,Galaxy A54,Android 13,2024-04-09,2025-05-13
CLI0918,DEV0918,iPhone 14,iOS 17,2022-11-26,2026-02-22
CLI0919,DEV0919,iPhone 15,iOS 18,2022-03-02,2025-03-02
CLI0920,DEV0920,Pixel 8,Android 14,2023-05-06,2025-09-12
CLI0921,DEV0921,iPhone 15,iOS 18,2022-12-01,2025-02-01
CLI0922,DEV0922,iPhone 14,iOS 17,2023-07-20,2025-01-17
CLI0923,DEV0923,iPhone 14,iOS 17,2024-10-13,2026-01-18
CLI0924,DEV0924,Redmi Note 12,Android 13,2024-03-05,2025-03-21
CLI0925,DEV0925,iPhone 14,iOS 17,2023-08-07,2025-11-22
CLI0926,DEV0926,Redmi Note 12,Android 13,2022-09-04,2025-02-09
CLI0927,DEV0927,Moto G84,Android 14,2022-12-06,2025-12-28
CLI0928,DEV0928,Moto G84,Android 14,2022-01-08,2025-08-30
CLI0929,DEV0929,iPhone 14,iOS 17,2024-04-30,2025-02-24
CLI0930,DEV0930,Pixel 8,Android 14,2022-11-13,2025-03-08
CLI0931,DEV0931,Galaxy A54,Android 13,2022-09-05,2025-10-02
CLI0932,DEV0932,Galaxy A54,Android 13,2022-08-06,2025-01-04
CLI0933,DEV0933,Galaxy S23,Android 14,2023-12-22,2025-08-27
CLI0934,DEV0934,iPhone 15,iOS 18,2022-10-04,2025-04-20
CLI0935,DEV0935,Moto G84,Android 14,2022-03-19,2026-02-09
CLI0936,DEV0936,Galaxy A54,Android 13,2024-08-24,2025-01-11
CLI0937,DEV0937,Moto G84,Android 14,2022-08-31,2025-05-06
CLI0938,DEV0938,iPhone 14,iOS 17,2022-08-25,2025-07-28
CLI0939,DEV0939,Galaxy A54,Android 13,2022-01-20,2025-04-22
CLI0940,DEV0940,Galaxy S23,Android 14,2023-03-10,2025-12-26
CLI0941,DEV0941,Moto G84,Android 14,2023-08-23,2025-09-15
CLI0942,DEV0942,Redmi Note 12,Android 13,2024-05-20,2025-11-04
CLI0943,DEV0943,iPhone 15,iOS 18,2022-07-26,2025-07-08
CLI0944,DEV0944,Galaxy A54,Android 13,2023-05-17,2025-04-29
CLI0945,DEV0945,Moto G84,Android 14,2022-07-05,2025-02-17
CLI0946,DEV0946,Galaxy A54,Android 13,2023-06-16,2026-01-29
CLI0947,DEV0947,Galaxy A54,Android 13,2023-05-21,2025-10-10
CLI0948,DEV0948,Galaxy A54,Android 13,2024-10-06,2025-06-18
CLI0949,DEV0949,iPhone 14,iOS 17,2023-12-01,2025-07-05
CLI0950,DEV0950,iPhone 15,iOS 18,2024-02-25,2025-01-10
CLI0951,DEV0951,Galaxy A54,Android 13,2024-08-05,2025-08-28
CLI0952,DEV0952,iPhone 14,iOS 17,2024-08-01,2025-04-15
CLI0953,DEV0953,Galaxy A54,Android 13,2023-06-24,2026-01-22
CLI0954,DEV0954,iPhone 15,iOS 18,2022-07-20,2025-09-07
CLI0955,DEV0955,Galaxy A54,Android 13,2023-08-31,2026-02-25
CLI0956,DEV0956,Redmi Note 12,Android 13,2023-01-06,2025-07-16
CLI0957,DEV0957,Pixel 8,Android 14,2024-03-18,2025-12-17
CLI0958,DEV0958,Moto G84,Android 14,2023-09-07,2025-01-24
CLI0959,DEV0959,Galaxy A54,Android 13,2024-02-12,2025-12-16
CLI0960,DEV0960,iPhone 15,iOS 18,2024-04-01,2025-09-01
CLI0961,DEV0961,Moto G84,Android 14,2024-06-02,2026-01-05
CLI0962,DEV0962,Pixel 8,Android 14,2023-06-24,2025-09-22
CLI0963,DEV0963,Redmi Note 12,Android 13,2023-11-17,2026-02-04
CLI0964,DEV0964,Pixel 8,Android 14,2022-02-22,2025-12-18
CLI0965,DEV0965,Moto G84,Android 14,2024-05-06,2026-01-16
CLI0966,DEV0966,Pixel 8,Android 14,2022-01-19,2025-06-10
CLI0967,DEV0967,Redmi Note 12,Android 13,2024-08-28,2025-09-14
CLI0968,DEV0968,Galaxy S23,Android 14,2022-11-22,2025-08-12
CLI0969,DEV0969,iPhone 15,iOS 18,2023-01-06,2025-09-02
CLI0970,DEV0970,iPhone 15,iOS 18,2022-05-03,2025-12-28
CLI0971,DEV0971,Pixel 8,Android 14,2022-06-03,2025-08-26
CLI0972,DEV0972,iPhone 14,iOS 17,2024-05-16,2025-03-26
CLI0973,DEV0973,iPhone 14,iOS 17,2023-08-15,2025-05-18
CLI0974,DEV0974,iPhone 15,iOS 18,2022-08-01,2025-08-06
CLI0975,DEV0975,iPhone 15,iOS 18,2024-04-26,2025-10-19
CLI0976,DEV0976,Galaxy S23,Android 14,2024-10-11,2026-03-01
CLI0977,DEV0977,Galaxy A54,Android 13,2024-08-09,2026-01-24
CLI0978,DEV0978,Galaxy A54,Android 13,2022-03-22,2025-06-25
CLI0979,DEV0979,iPhone 15,iOS 18,2024-04-26,2025-08-23
CLI0980,DEV0980,Pixel 8,Android 14,2024-06-21,2025-03-23
CLI0981,DEV0981,iPhone 14,iOS 17,2023-04-01,2025-10-16
CLI0982,DEV0982,iPhone 15,iOS 18,2023-12-18,2025-11-12
CLI0983,DEV0983,Redmi Note 12,Android 13,2023-04-06,2025-03-07
CLI0984,DEV0984,Pixel 8,Android 14,2022-06-28,2025-03-23
CLI0985,DEV0985,Galaxy S23,Android 14,2024-05-29,2025-01-31
CLI0986,DEV0986,Redmi Note 12,Android 13,2023-11-10,2026-02-26
CLI0987,DEV0987,Moto G84,Android 14,2024-09-28,2025-05-16
CLI0988,DEV0988,Redmi Note 12,Android 13,2022-01-02,2025-09-16
CLI0989,DEV0989,Galaxy S23,Android 14,2024-04-25,2025-01-12
CLI0990,DEV0990,Moto G84,Android 14,2022-04-06,2025-03-26
CLI0991,DEV0991,Moto G84,Android 14,2022-03-08,2025-05-24
CLI0992,DEV0992,iPhone 15,iOS 18,2023-12-15,2025-04-09
CLI0993,DEV0993,Galaxy S23,Android 14,2022-05-18,2025-01-21
CLI0994,DEV0994,iPhone 14,iOS 17,2023-04-09,2025-06-22
CLI0995,DEV0995,Pixel 8,Android 14,2023-08-07,2025-12-22
CLI0996,DEV0996,Galaxy S23,Android 14,2023-05-20,2025-07-21
CLI0997,DEV0997,iPhone 14,iOS 17,2023-12-12,2025-10-16
CLI0998,DEV0998,Pixel 8,Android 14,2023-07-08,2025-02-16
CLI0999,DEV0999,Pixel 8,Android 14,2024-03-15,2025-06-10
CLI1000,DEV1000,iPhone 15,iOS 18,2023-05-13,2025-09-12
CLI1001,DEV1001,Moto G84,Android 14,2024-02-01,2025-05-23
CLI1002,DEV1002,Redmi Note 12,Android 13,2022-07-10,2025-10-17
CLI1003,DEV1003,iPhone 15,iOS 18,2024-03-21,2025-08-17
CLI1004,DEV1004,iPhone 15,iOS 18,2024-03-31,2025-03-07
CLI1005,DEV1005,Redmi Note 12,Android 13,2024-11-07,2025-11-19
CLI1006,DEV1006,Moto G84,Android 14,2024-05-21,2025-03-03
CLI1007,DEV1007,Redmi Note 12,Android 13,2024-12-27,2025-05-18
CLI1008,DEV1008,iPhone 15,iOS 18,2022-08-05,2025-02-02
CLI1009,DEV1009,Galaxy S23,Android 14,2022-07-12,2025-05-19
CLI1010,DEV1010,iPhone 15,iOS 18,2022-04-12,2025-09-22
CLI1011,DEV1011,Galaxy A54,Android 13,2022-09-17,2025-07-11
CLI1012,DEV1012,Moto G84,Android 14,2023-04-29,2025-12-29
CLI1013,DEV1013,Redmi Note 12,Android 13,2022-01-16,2025-06-04
CLI1014,DEV1014,Redmi Note 12,Android 13,2024-02-22,2026-03-01
CLI1015,DEV1015,Galaxy A54,Android 13,2023-12-27,2025-02-18
CLI1016,DEV1016,Galaxy A54,Android 13,2023-08-17,2025-08-10
CLI1017,DEV1017,Redmi Note 12,Android 13,2024-12-15,2025-09-29
CLI1018,DEV1018,Redmi Note 12,Android 13,2024-09-05,2025-03-11
CLI1019,DEV1019,Galaxy A54,Android 13,2024-09-14,2025-03-06
CLI1020,DEV1020,Pixel 8,Android 14,2023-10-16,2026-01-13
CLI1021,DEV1021,iPhone 15,iOS 18,2022-12-20,2025-04-04
CLI1022,DEV1022,Redmi Note 12,Android 13,2024-04-10,2025-03-28
CLI1023,DEV1023,iPhone 15,iOS 18,2022-01-27,2025-02-16
CLI1024,DEV1024,Galaxy S23,Android 14,2022-12-25,2025-11-01
CLI1025,DEV1025,Pixel 8,Android 14,2024-06-27,2025-01-21
CLI1026,DEV1026,Pixel 8,Android 14,2022-04-18,2025-10-25
CLI1027,DEV1027,Pixel 8,Android 14,2023-08-07,2025-11-28
CLI1028,DEV1028,Moto G84,Android 14,2023-03-26,2025-05-06
CLI1029,DEV1029,iPhone 15,iOS 18,2023-09-03,2025-08-26
CLI1030,DEV1030,Redmi Note 12,Android 13,2022-04-06,2025-08-03
CLI1031,DEV1031,Redmi Note 12,Android 13,2022-03-18,2025-06-14
CLI1032,DEV1032,Galaxy A54,Android 13,2024-06-11,2025-03-08
CLI1033,DEV1033,iPhone 14,iOS 17,2023-10-29,2025-04-27
CLI1034,DEV1034,Galaxy A54,Android 13,2024-05-21,2025-12-04
CLI1035,DEV1035,Pixel 8,Android 14,2024-04-20,2025-02-28
CLI1036,DEV1036,Galaxy A54,Android 13,2023-09-06,2025-03-12
CLI1037,DEV1037,Pixel 8,Android 14,2023-08-13,2025-03-01
CLI1038,DEV1038,Moto G84,Android 14,2024-01-12,2025-09-02
CLI1039,DEV1039,Moto G84,Android 14,2023-08-22,2025-04-03
CLI1040,DEV1040,Galaxy A54,Android 13,2023-11-03,2025-06-24
CLI1041,DEV1041,Pixel 8,Android 14,2024-10-09,2025-11-14
CLI1042,DEV1042,iPhone 14,iOS 17,2022-12-12,2025-05-27
CLI1043,DEV1043,iPhone 14,iOS 17,2024-10-13,2025-03-28
CLI1044,DEV1044,Moto G84,Android 14,2024-03-07,2025-10-21
CLI1045,DEV1045,Pixel 8,Android 14,2023-08-24,2026-01-31
CLI1046,DEV1046,Moto G84,Android 14,2022-03-26,2025-05-24
CLI1047,DEV1047,iPhone 14,iOS 17,2022-01-25,2025-01-02
CLI1048,DEV1048,Galaxy A54,Android 13,2023-07-03,2025-03-31
CLI1049,DEV1049,Pixel 8,Android 14,2022-03-08,2025-10-25
CLI1050,DEV1050,iPhone 14,iOS 17,2023-09-17,2025-09-08
CLI1051,DEV1051,Galaxy A54,Android 13,2024-10-31,2025-09-25
CLI1052,DEV1052,Redmi Note 12,Android 13,2024-02-08,2025-02-12
CLI1053,DEV1053,Galaxy A54,Android 13,2024-08-15,2025-03-09
CLI1054,DEV1054,Redmi Note 12,Android 13,2023-09-01,2025-12-22
CLI1055,DEV1055,iPhone 15,iOS 18,2024-07-16,2025-09-01
CLI1056,DEV1056,Galaxy S23,Android 14,2022-03-25,2025-12-24
CLI1057,DEV1057,iPhone 15,iOS 18,2024-01-15,2025-07-30
CLI1058,DEV1058,Galaxy A54,Android 13,2023-07-01,2025-08-06
CLI1059,DEV1059,Galaxy A54,Android 13,2024-06-20,2025-12-07
CLI1060,DEV1060,iPhone 15,iOS 18,2023-01-10,2026-01-12
CLI1061,DEV1061,Moto G84,Android 14,2022-02-03,2026-01-30
CLI1062,DEV1062,iPhone 15,iOS 18,2024-10-25,2026-01-25
CLI1063,DEV1063,Pixel 8,Android 14,2023-02-25,2025-10-21
CLI1064,DEV1064,Pixel 8,Android 14,2024-09-13,2025-07-24
CLI1065,DEV1065,Moto G84,Android 14,2022-10-10,2025-03-13
CLI1066,DEV1066,Galaxy A54,Android 13,2022-06-09,2025-10-07
CLI1067,DEV1067,iPhone 15,iOS 18,2023-01-18,2025-02-01
CLI1068,DEV1068,Pixel 8,Android 14,2022-12-30,2026-01-28
CLI1069,DEV1069,Galaxy A54,Android 13,2022-09-03,2025-10-15
CLI1070,DEV1070,iPhone 14,iOS 17,2024-07-26,2026-01-13
CLI1071,DEV1071,Galaxy A54,Android 13,2023-08-21,2025-03-22
CLI1072,DEV1072,Redmi Note 12,Android 13,2023-05-02,2025-06-17
CLI1073,DEV1073,Galaxy S23,Android 14,2024-05-07,2025-08-19
CLI1074,DEV1074,Pixel 8,Android 14,2024-06-18,2025-04-08
CLI1075,DEV1075,iPhone 15,iOS 18,2024-11-15,2026-01-16
CLI1076,DEV1076,Galaxy A54,Android 13,2022-08-17,2025-08-01
CLI1077,DEV1077,Redmi Note 12,Android 13,2023-03-31,2025-12-14
CLI1078,DEV1078,Redmi Note 12,Android 13,2023-06-02,2026-01-31
CLI1079,DEV1079,iPhone 14,iOS 17,2023-02-14,2025-08-18
CLI1080,DEV1080,Redmi Note 12,Android 13,2023-09-04,2025-01-22
CLI1081,DEV1081,Redmi Note 12,Android 13,2022-03-06,2025-09-23
CLI1082,DEV1082,iPhone 15,iOS 18,2024-12-18,2025-03-26
CLI1083,DEV1083,Pixel 8,Android 14,2024-12-14,2025-06-17
CLI1084,DEV1084,Moto G84,Android 14,2023-11-26,2025-10-17
CLI1085,DEV1085,Galaxy A54,Android 13,2022-01-05,2025-08-05
CLI1086,DEV1086,Pixel 8,Android 14,2024-08-25,2025-07-27
CLI1087,DEV1087,Pixel 8,Android 14,2022-02-04,2025-05-03
CLI1088,DEV1088,iPhone 15,iOS 18,2023-06-26,2025-05-24
CLI1089,DEV1089,Galaxy S23,Android 14,2024-12-04,2025-12-15
CLI1090,DEV1090,Redmi Note 12,Android 13,2023-08-28,2026-02-19
CLI1091,DEV1091,iPhone 15,iOS 18,2024-04-15,2025-11-02
CLI1092,DEV1092,Galaxy S23,Android 14,2023-05-25,2025-01-05
CLI1093,DEV1093,iPhone 15,iOS 18,2024-02-11,2025-11-29
CLI1094,DEV1094,Galaxy S23,Android 14,2022-09-30,2026-01-27
CLI1095,DEV1095,Galaxy S23,Android 14,2024-10-23,2026-01-21
CLI1096,DEV1096,Redmi Note 12,Android 13,2022-02-03,2025-05-05
CLI1097,DEV1097,iPhone 14,iOS 17,2023-12-23,2026-01-03
CLI1098,DEV1098,Galaxy S23,Android 14,2024-03-30,2025-07-30
CLI1099,DEV1099,Galaxy A54,Android 13,2024-04-05,2026-02-18
CLI1100,DEV1100,Moto G84,Android 14,2022-05-31,2025-03-08
CLI1101,DEV1101,Redmi Note 12,Android 13,2022-04-14,2025-05-12
CLI1102,DEV1102,Galaxy A54,Android 13,2022-09-21,2025-01-06
CLI1103,DEV1103,iPhone 15,iOS 18,2023-01-23,2025-06-26
CLI1104,DEV1104,iPhone 15,iOS 18,2023-10-19,2026-01-20
CLI1105,DEV1105,Redmi Note 12,Android 13,2024-10-11,2025-08-19
CLI1106,DEV1106,iPhone 14,iOS 17,2023-05-21,2025-05-11
CLI1107,DEV1107,iPhone 14,iOS 17,2023-11-02,2025-04-13
CLI1108,DEV1108,Galaxy A54,Android 13,2022-01-21,2025-01-16
CLI1109,DEV1109,Redmi Note 12,Android 13,2024-08-13,2025-07-24
CLI1110,DEV1110,Pixel 8,Android 14,2022-03-11,2025-05-26
CLI1111,DEV1111,iPhone 15,iOS 18,2024-11-23,2026-02-20
CLI1112,DEV1112,iPhone 15,iOS 18,2022-03-09,2025-10-30
CLI1113,DEV1113,iPhone 15,iOS 18,2022-10-05,2025-06-01
CLI1114,DEV1114,iPhone 15,iOS 18,2023-04-24,2025-06-22
CLI1115,DEV1115,Moto G84,Android 14,2022-07-29,2025-11-15
CLI1116,DEV1116,Pixel 8,Android 14,2022-03-11,2025-11-29
CLI1117,DEV1117,Galaxy A54,Android 13,2024-01-17,2025-05-06
CLI1118,DEV1118,iPhone 14,iOS 17,2024-12-13,2025-08-09
CLI1119,DEV1119,Galaxy S23,Android 14,2023-05-23,2026-02-12
CLI1120,DEV1120,iPhone 15,iOS 18,2022-05-29,2025-12-03
CLI1121,DEV1121,iPhone 14,iOS 17,2022-04-17,2025-09-12
CLI1122,DEV1122,Galaxy S23,Android 14,2022-05-08,2025-04-26
CLI1123,DEV1123,Redmi Note 12,Android 13,2023-11-15,2025-11-15
CLI1124,DEV1124,iPhone 15,iOS 18,2023-03-07,2025-08-24
CLI1125,DEV1125,Galaxy S23,Android 14,2024-07-07,2025-05-27
CLI1126,DEV1126,iPhone 14,iOS 17,2024-06-28,2026-01-19
CLI1127,DEV1127,iPhone 14,iOS 17,2024-08-21,2025-07-31
CLI1128,DEV1128,Redmi Note 12,Android 13,2024-01-02,2025-02-15
CLI1129,DEV1129,iPhone 14,iOS 17,2023-07-03,2025-06-30
CLI1130,DEV1130,Pixel 8,Android 14,2023-12-27,2025-09-18
CLI1131,DEV1131,Galaxy S23,Android 14,2024-07-14,2025-05-14
CLI1132,DEV1132,Moto G84,Android 14,2022-08-28,2025-07-23
CLI1133,DEV1133,Galaxy S23,Android 14,2022-01-24,2025-10-28
CLI1134,DEV1134,iPhone 14,iOS 17,2023-07-20,2025-01-10
CLI1135,DEV1135,Pixel 8,Android 14,2022-02-19,2025-12-15
CLI1136,DEV1136,iPhone 15,iOS 18,2024-11-18,2025-07-10
CLI1137,DEV1137,Moto G84,Android 14,2022-01-26,2025-03-19
CLI1138,DEV1138,Galaxy S23,Android 14,2024-06-14,2025-12-30
CLI1139,DEV1139,iPhone 15,iOS 18,2023-02-14,2025-01-29
CLI1140,DEV1140,Moto G84,Android 14,2024-11-04,2025-01-28
CLI1141,DEV1141,Moto G84,Android 14,2022-12-11,2025-01-22
CLI1142,DEV1142,Pixel 8,Android 14,2023-04-01,2025-02-10
CLI1143,DEV1143,iPhone 14,iOS 17,2023-11-18,2025-10-03
CLI1144,DEV1144,Pixel 8,Android 14,2024-03-28,2025-05-04
CLI1145,DEV1145,Galaxy S23,Android 14,2024-07-20,2026-02-13
CLI1146,DEV1146,Redmi Note 12,Android 13,2022-01-15,2025-09-01
CLI1147,DEV1147,Galaxy A54,Android 13,2022-04-27,2025-09-30
CLI1148,DEV1148,Galaxy S23,Android 14,2024-03-10,2026-01-17
CLI1149,DEV1149,Galaxy A54,Android 13,2024-09-22,2026-02-16
CLI1150,DEV1150,Galaxy S23,Android 14,2024-02-09,2025-01-02
CLI1151,DEV1151,Redmi Note 12,Android 13,2024-12-30,2025-06-04
CLI1152,DEV1152,iPhone 15,iOS 18,2024-03-06,2025-09-22
CLI1153,DEV1153,iPhone 14,iOS 17,2024-03-22,2025-07-22
CLI1154,DEV1154,Redmi Note 12,Android 13,2024-12-23,2025-11-25
CLI1155,DEV1155,Moto G84,Android 14,2022-09-05,2025-01-06
CLI1156,DEV1156,Pixel 8,Android 14,2023-05-01,2025-11-24
CLI1157,DEV1157,Galaxy S23,Android 14,2022-11-20,2025-12-19
CLI1158,DEV1158,iPhone 15,iOS 18,2022-08-18,2025-10-22
CLI1159,DEV1159,Moto G84,Android 14,2024-12-28,2025-08-09
CLI1160,DEV1160,Redmi Note 12,Android 13,2023-10-21,2025-05-12
CLI1161,DEV1161,Galaxy S23,Android 14,2023-07-31,2025-12-22
CLI1162,DEV1162,iPhone 14,iOS 17,2022-02-03,2025-11-19
CLI1163,DEV1163,Moto G84,Android 14,2023-03-09,2025-05-26
CLI1164,DEV1164,Pixel 8,Android 14,2022-12-10,2025-11-02
CLI1165,DEV1165,Galaxy S23,Android 14,2024-04-14,2025-07-14
CLI1166,DEV1166,Galaxy S23,Android 14,2024-05-16,2025-01-16
CLI1167,DEV1167,Galaxy A54,Android 13,2022-02-02,2025-03-09
CLI1168,DEV1168,iPhone 14,iOS 17,2022-05-26,2025-07-11
CLI1169,DEV1169,Redmi Note 12,Android 13,2022-07-04,2025-08-05
CLI1170,DEV1170,Galaxy S23,Android 14,2024-12-14,2025-08-14
CLI1171,DEV1171,Galaxy S23,Android 14,2022-06-03,2025-04-18
CLI1172,DEV1172,iPhone 14,iOS 17,2024-02-08,2025-05-16
CLI1173,DEV1173,Galaxy S23,Android 14,2024-07-31,2025-03-05
CLI1174,DEV1174,Galaxy A54,Android 13,2023-09-08,2026-01-03
CLI1175,DEV1175,iPhone 14,iOS 17,2023-04-27,2025-04-10
CLI1176,DEV1176,Galaxy A54,Android 13,2024-03-21,2025-10-08
CLI1177,DEV1177,Redmi Note 12,Android 13,2024-09-06,2025-08-31
CLI1178,DEV1178,Moto G84,Android 14,2023-01-16,2025-03-25
CLI1179,DEV1179,iPhone 15,iOS 18,2023-01-24,2026-02-23
CLI1180,DEV1180,iPhone 15,iOS 18,2024-04-09,2025-05-29
CLI1181,DEV1181,Pixel 8,Android 14,2022-12-02,2026-02-22
CLI1182,DEV1182,iPhone 15,iOS 18,2024-06-18,2025-08-31
CLI1183,DEV1183,Redmi Note 12,Android 13,2022-10-16,2025-01-24
CLI1184,DEV1184,Redmi Note 12,Android 13,2022-01-01,2025-02-03
CLI1185,DEV1185,Galaxy S23,Android 14,2023-08-24,2025-03-12
CLI1186,DEV1186,iPhone 15,iOS 18,2022-01-19,2026-02-14
CLI1187,DEV1187,Redmi Note 12,Android 13,2023-12-02,2025-03-06
CLI1188,DEV1188,iPhone 15,iOS 18,2023-03-29,2025-03-05
CLI1189,DEV1189,Redmi Note 12,Android 13,2022-11-13,2025-04-05
CLI1190,DEV1190,Galaxy A54,Android 13,2024-08-14,2025-04-22
CLI1191,DEV1191,Galaxy A54,Android 13,2024-04-02,2025-06-02
CLI1192,DEV1192,Galaxy S23,Android 14,2022-04-18,2025-05-02
CLI1193,DEV1193,Moto G84,Android 14,2024-10-28,2026-02-12
CLI1194,DEV1194,Pixel 8,Android 14,2023-09-02,2026-01-08
CLI1195,DEV1195,Galaxy A54,Android 13,2024-01-22,2025-09-17
CLI1196,DEV1196,Moto G84,Android 14,2022-01-05,2025-08-09
CLI1197,DEV1197,Pixel 8,Android 14,2024-11-07,2025-12-06
CLI1198,DEV1198,Galaxy S23,Android 14,2024-07-06,2025-05-17
CLI1199,DEV1199,iPhone 15,iOS 18,2024-09-19,2026-01-19
CLI1200,DEV1200,Moto G84,Android 14,2024-11-02,2025-08-07
CLI1201,DEV1201,Pixel 8,Android 14,2023-08-01,2025-11-02
CLI1202,DEV1202,iPhone 15,iOS 18,2022-09-19,2025-03-09
CLI1203,DEV1203,iPhone 15,iOS 18,2022-07-26,2025-03-22
CLI1204,DEV1204,Moto G84,Android 14,2023-08-14,2025-10-15
CLI1205,DEV1205,iPhone 15,iOS 18,2024-07-11,2025-08-12
CLI1206,DEV1206,Galaxy S23,Android 14,2022-12-20,2026-02-28
CLI1207,DEV1207,Redmi Note 12,Android 13,2024-10-03,2025-02-02
CLI1208,DEV1208,iPhone 15,iOS 18,2024-07-11,2025-09-27
CLI1209,DEV1209,Pixel 8,Android 14,2023-08-18,2025-02-04
CLI1210,DEV1210,Redmi Note 12,Android 13,2023-06-08,2025-10-22
CLI1211,DEV1211,Pixel 8,Android 14,2023-07-10,2025-07-20
CLI1212,DEV1212,Moto G84,Android 14,2023-07-06,2025-10-18
CLI1213,DEV1213,iPhone 15,iOS 18,2023-02-17,2025-07-22
CLI1214,DEV1214,iPhone 14,iOS 17,2024-02-26,2025-07-25
CLI1215,DEV1215,Galaxy S23,Android 14,2024-07-09,2025-12-17
CLI1216,DEV1216,Galaxy A54,Android 13,2023-10-23,2025-06-17
CLI1217,DEV1217,Galaxy S23,Android 14,2024-08-21,2025-08-09
CLI1218,DEV1218,Galaxy A54,Android 13,2023-11-23,2025-09-24
CLI1219,DEV1219,Galaxy S23,Android 14,2022-05-27,2025-08-01
CLI1220,DEV1220,iPhone 15,iOS 18,2023-06-10,2025-06-04
CLI1221,DEV1221,iPhone 15,iOS 18,2023-02-18,2025-04-14
CLI1222,DEV1222,Pixel 8,Android 14,2023-04-23,2025-06-12
CLI1223,DEV1223,iPhone 15,iOS 18,2024-04-16,2025-04-10
CLI1224,DEV1224,iPhone 15,iOS 18,2024-11-15,2025-11-26
CLI1225,DEV1225,Moto G84,Android 14,2024-12-31,2025-04-25
CLI1226,DEV1226,Redmi Note 12,Android 13,2022-01-25,2025-10-26
CLI1227,DEV1227,iPhone 15,iOS 18,2023-07-13,2025-06-22
CLI1228,DEV1228,Galaxy A54,Android 13,2023-07-08,2025-09-27
CLI1229,DEV1229,Galaxy S23,Android 14,2024-02-13,2026-01-20
CLI1230,DEV1230,Redmi Note 12,Android 13,2023-04-02,2025-10-21
CLI1231,DEV1231,iPhone 15,iOS 18,2024-06-04,2025-01-01
CLI1232,DEV1232,Redmi Note 12,Android 13,2022-04-01,2026-02-15
CLI1233,DEV1233,Galaxy S23,Android 14,2024-12-02,2025-05-24
CLI1234,DEV1234,iPhone 15,iOS 18,2022-03-25,2025-04-27
CLI1235,DEV1235,Moto G84,Android 14,2024-06-13,2025-08-24
CLI1236,DEV1236,Moto G84,Android 14,2024-05-21,2026-01-13
CLI1237,DEV1237,Moto G84,Android 14,2024-12-05,2026-01-22
CLI1238,DEV1238,Redmi Note 12,Android 13,2024-11-19,2026-02-17
CLI1239,DEV1239,Redmi Note 12,Android 13,2023-03-27,2025-03-28
CLI1240,DEV1240,iPhone 15,iOS 18,2024-07-29,2025-08-04
CLI1241,DEV1241,iPhone 15,iOS 18,2022-01-06,2025-07-16
CLI1242,DEV1242,iPhone 14,iOS 17,2024-12-20,2026-02-13
CLI1243,DEV1243,Pixel 8,Android 14,2022-10-28,2025-07-15
CLI1244,DEV1244,Moto G84,Android 14,2022-02-17,2025-08-04
CLI1245,DEV1245,Redmi Note 12,Android 13,2024-08-28,2025-03-02
CLI1246,DEV1246,iPhone 15,iOS 18,2024-08-23,2025-12-14
CLI1247,DEV1247,Pixel 8,Android 14,2024-07-06,2025-01-29
CLI1248,DEV1248,iPhone 14,iOS 17,2024-06-30,2025-08-04
CLI1249,DEV1249,Pixel 8,Android 14,2022-03-23,2025-08-20
CLI1250,DEV1250,Galaxy S23,Android 14,2024-10-08,2025-11-05
CLI1251,DEV1251,Moto G84,Android 14,2024-03-10,2025-03-27
CLI1252,DEV1252,Moto G84,Android 14,2024-11-14,2025-08-15
CLI1253,DEV1253,Redmi Note 12,Android 13,2024-09-07,2025-07-24
CLI1254,DEV1254,iPhone 14,iOS 17,2022-02-27,2025-11-20
CLI1255,DEV1255,iPhone 15,iOS 18,2024-12-07,2025-11-26
CLI1256,DEV1256,Redmi Note 12,Android 13,2024-09-27,2025-01-04
CLI1257,DEV1257,Galaxy A54,Android 13,2022-09-28,2025-04-23
CLI1258,DEV1258,Moto G84,Android 14,2023-04-19,2025-04-25
CLI1259,DEV1259,iPhone 14,iOS 17,2023-05-12,2026-01-01
CLI1260,DEV1260,Moto G84,Android 14,2024-04-27,2025-09-23
CLI1261,DEV1261,iPhone 14,iOS 17,2024-09-24,2025-08-15
CLI1262,DEV1262,Galaxy S23,Android 14,2023-11-06,2025-06-24
CLI1263,DEV1263,iPhone 15,iOS 18,2022-07-11,2025-09-26
CLI1264,DEV1264,Redmi Note 12,Android 13,2023-07-28,2025-05-15
CLI1265,DEV1265,iPhone 14,iOS 17,2022-06-06,2025-06-09
CLI1266,DEV1266,iPhone 15,iOS 18,2023-10-23,2025-01-26
CLI1267,DEV1267,Redmi Note 12,Android 13,2024-03-16,2026-02-24
CLI1268,DEV1268,Moto G84,Android 14,2024-07-03,2025-10-03
CLI1269,DEV1269,Galaxy S23,Android 14,2024-05-23,2025-09-20
CLI1270,DEV1270,Pixel 8,Android 14,2023-04-20,2026-02-24
CLI1271,DEV1271,Galaxy A54,Android 13,2023-03-23,2025-03-10
CLI1272,DEV1272,Redmi Note 12,Android 13,2023-03-03,2025-03-02
CLI1273,DEV1273,Moto G84,Android 14,2022-10-29,2025-12-06
CLI1274,DEV1274,Pixel 8,Android 14,2023-03-03,2025-12-30
CLI1275,DEV1275,Galaxy S23,Android 14,2023-09-16,2025-11-25
CLI1276,DEV1276,iPhone 14,iOS 17,2024-02-09,2026-01-13
CLI1277,DEV1277,iPhone 15,iOS 18,2024-06-05,2026-02-13
CLI1278,DEV1278,Pixel 8,Android 14,2024-02-27,2025-08-30
CLI1279,DEV1279,Moto G84,Android 14,2023-08-04,2025-11-29
CLI1280,DEV1280,iPhone 14,iOS 17,2024-06-24,2025-01-02
CLI1281,DEV1281,Redmi Note 12,Android 13,2022-07-12,2025-07-27
CLI1282,DEV1282,Pixel 8,Android 14,2023-09-07,2025-05-21
CLI1283,DEV1283,iPhone 15,iOS 18,2024-09-24,2026-02-20
CLI1284,DEV1284,Galaxy A54,Android 13,2023-08-15,2025-12-07
CLI1285,DEV1285,Pixel 8,Android 14,2023-12-14,2026-01-19
CLI1286,DEV1286,Moto G84,Android 14,2023-01-22,2025-08-01
CLI1287,DEV1287,Galaxy A54,Android 13,2024-06-10,2025-02-09
CLI1288,DEV1288,iPhone 15,iOS 18,2022-03-07,2025-03-10
CLI1289,DEV1289,iPhone 14,iOS 17,2023-03-04,2026-01-07
CLI1290,DEV1290,Galaxy S23,Android 14,2022-02-03,2025-02-18
CLI1291,DEV1291,Redmi Note 12,Android 13,2023-09-16,2025-05-22
CLI1292,DEV1292,iPhone 15,iOS 18,2023-05-18,2026-02-02
CLI1293,DEV1293,Galaxy A54,Android 13,2023-09-22,2025-03-13
CLI1294,DEV1294,Galaxy A54,Android 13,2022-09-20,2025-07-14
CLI1295,DEV1295,Galaxy S23,Android 14,2022-11-20,2025-11-24
CLI1296,DEV1296,Galaxy S23,Android 14,2022-04-03,2025-01-14
CLI1297,DEV1297,Redmi Note 12,Android 13,2023-11-17,2025-06-25
CLI1298,DEV1298,Moto G84,Android 14,2024-03-28,2025-09-04
CLI1299,DEV1299,Galaxy S23,Android 14,2024-08-18,2026-01-22
CLI1300,DEV1300,Galaxy S23,Android 14,2024-02-14,2026-01-10
