cliente_id,location_id,cidade,estado,latitude,longitude
CLI0001,LOC_RIO_DE_JANEIRO,Rio de Janeiro,RJ,-22.9068,-43.1729
CLI0002,LOC_BRASÍLIA,Brasília,DF,-15.7939,-47.8828
CLI0003,LOC_RECIFE,Recife,PE,-8.0476,-34.877
CLI0004,LOC_FORTALEZA,Fortaleza,CE,-3.7172,-38.5433
CLI0005,LOC_RIO_DE_JANEIRO,Rio de Janeiro,RJ,-22.9068,-43.1729
CLI0006,LOC_SALVADOR,Salvador,BA,-12.9777,-38.5016
CLI0007,LOC_PORTO_ALEGRE,Porto Alegre,RS,-30.0346,-51.2177
CLI0008,LOC_CAMPINAS,Campinas,SP,-22.9099,-47.0626
CLI0009,LOC_CURITIBA,Curitiba,PR,-25.4284,-49.2733
CLI0010,LOC_SÃO_PAULO,São Paulo,SP,-23.5505,-46.6333
CLI0011,LOC_CAMPINAS,Campinas,SP,-22.9099,-47.0626
CLI0012,LOC_SÃO_PAULO,São Paulo,SP,-23.5505,-46.6333
CLI0013,LOC_SALVADOR,Salvador,BA,-12.9777,-38.5016
CLI0014,LOC_RIO_DE_JANEIRO,Rio de Janeiro,RJ,-22.9068,-43.1729
CLI0015,LOC_BRASÍLIA,Brasília,DF,-15.7939,-47.8828
CLI0016,LOC_FORTALEZA,Fortaleza,CE,-3.7172,-38.5433
CLI0017,LOC_CURITIBA,Curitiba,PR,-25.4284,-49.2733
CLI0018,LOC_CAMPINAS,Campinas,SP,-22.9099,-47.0626
CLI0019,LOC_RECIFE,Recife,PE,-8.0476,-34.877
CLI0020,LOC_BELO_HORIZONTE,Belo Horizonte,MG,-19.9167,-43.9345
CLI0021,LOC_BELO_HORIZONTE,Belo Horizonte,MG,-19.9167,-43.9345
CLI0022,LOC_PORTO_ALEGRE,Porto Alegre,RS,-30.0346,-51.2177
CLI0023,LOC_SÃO_PAULO,São Paulo,SP,-23.5505,-46.6333
CLI0024,LOC_CAMPINAS,Campinas,SP,-22.9099,-47.0626
CLI0025,LOC_SALVADOR,Salvador,BA,-12.9777,-38.5016
CLI0026,LOC_RIO_DE_JANEIRO,Rio de Janeiro,RJ,-22.9068,-43.1729
CLI0027,LOC_BRASÍLIA,Brasília,DF,-15.7939,-47.8828
CLI0028,LOC_BELO_HORIZONTE,Belo Horizonte,MG,-19.9167,-43.9345
CLI0029,LOC_SÃO_PAULO,São Paulo,SP,-23.5505,-46.6333
CLI0030,LOC_SÃO_PAULO,São Paulo,SP,-23.5505,-46.6333
CLI0031,LOC_PORTO_ALEGRE,Porto Alegre,RS,-30.0346,-51.2177
CLI0032,LOC_BELO_HORIZONTE,Belo Horizonte,MG,-19.9167,-43.9345
CLI0033,LOC_RIO_DE_JANEIRO,Rio de Janeiro,RJ,-22.9068,-43.1729
CLI0034,LOC_SALVADOR,Salvador,BA,-12.9777,-38.5016
CLI0035,LOC_PORTO_ALEGRE,Porto Alegre,RS,-30.0346,-51.2177
CLI0036,LOC_SÃO_PAULO,São Paulo,SP,-23.5505,-46.6333
CLI0037,LOC_BRASÍLIA,Brasília,DF,-15.7939,-47.8828
CLI0038,LOC_CAMPINAS,Campinas,SP,-22.9099,-47.0626
CLI0039,LOC_FORTALEZA,Fortaleza,CE,-3.7172,-38.5433
CLI0040,LOC_CURITIBA,Curitiba,PR,-25.4284,-49.2733
CLI0041,LOC_CAMPINAS,Campinas,SP,-22.9099,-47.0626
CLI0042,LOC_BRASÍLIA,Brasília,DF,-15.7939,-47.8828
CLI0043,LOC_BRASÍLIA,Brasília,DF,-15.7939,-47.8828
CLI0044,LOC_BRASÍLIA,Brasília,DF,-15.7939,-47.8828
CLI0045,LOC_BRASÍLIA,Brasília,DF,-15.7939,-47.8828
CLI0046,LOC_CURITIBA,Curitiba,PR,-25.4284,-49.2733
CLI0047,LOC_SALVADOR,Salvador,BA,-12.9777,-38.5016
CLI0048,LOC_SALVADOR,Salvador,BA,-12.9777,-38.5016
CLI0049,LOC_CAMPINAS,Campinas,SP,-22.9099,-47.0626
CLI0050,LOC_RECIFE,Recife,PE,-8.0476,-34.877
CLI0051,LOC_RIO_DE_JANEIRO,Rio de Janeiro,RJ,-22.9068,-43.1729
CLI0052,LOC_CURITIBA,Curitiba,PR,-25.4284,-49.2733
CLI0053,LOC_CAMPINAS,Campinas,SP,-22.9099,-47.0626
CLI0054,LOC_CAMPINAS,Campinas,SP,-22.9099,-47.0626
CLI0055,LOC_RECIFE,Recife,PE,-8.0476,-34.877
CLI0056,LOC_PORTO_ALEGRE,Porto Alegre,RS,-30.0346,-51.2177
CLI0057,LOC_RIO_DE_JANEIRO,Rio de Janeiro,RJ,-22.9068,-43.1729
CLI0058,LOC_FORTALEZA,Fortaleza,CE,-3.7172,-38.5433
CLI0059,LOC_CURITIBA,Curitiba,PR,-25.4284,-49.2733
CLI0060,LOC_CURITIBA,Curitiba,PR,-25.4284,-49.2733
CLI0061,LOC_FORTALEZA,Fortaleza,CE,-3.7172,-38.5433
CLI0062,LOC_CAMPINAS,Campinas,SP,-22.9099,-47.0626
CLI0063,LOC_BRASÍLIA,Brasília,DF,-15.7939,-47.8828
CLI0064,LOC_FORTALEZA,Fortaleza,CE,-3.7172,-38.5433
CLI0065,LOC_CAMPINAS,Campinas,SP,-22.9099,-47.0626
CLI0066,LOC_BRASÍLIA,Brasília,DF,-15.7939,-47.8828
CLI0067,LOC_CURITIBA,Curitiba,PR,-25.4284,-49.2733
CLI0068,LOC_SÃO_PAULO,São Paulo,SP,-23.5505,-46.6333
CLI0069,LOC_BRASÍLIA,Brasília,DF,-15.7939,-47.8828
CLI0070,LOC_RECIFE,Recife,PE,-8.0476,-34.877
CLI0071,LOC_RIO_DE_JANEIRO,Rio de Janeiro,RJ,-22.9068,-43.1729
CLI0072,LOC_FORTALEZA,Fortaleza,CE,-3.7172,-38.5433
CLI0073,LOC_RECIFE,Recife,PE,-8.0476,-34.877
CLI0074,LOC_BRASÍLIA,Brasília,DF,-15.7939,-47.8828
CLI0075,LOC_FORTALEZA,Fortaleza,CE,-3.7172,-38.5433
CLI0076,LOC_CURITIBA,Curitiba,PR,-25.4284,-49.2733
CLI0077,LOC_BELO_HORIZONTE,Belo Horizonte,MG,-19.9167,-43.9345
CLI0078,LOC_BELO_HORIZONTE,Belo Horizonte,MG,-19.9167,-43.9345
CLI0079,LOC_PORTO_ALEGRE,Porto Alegre,RS,-30.0346,-51.2177
CLI0080,LOC_SALVADOR,Salvador,BA,-12.9777,-38.5016
CLI0081,LOC_RECIFE,Recife,PE,-8.0476,-34.877
CLI0082,LOC_BELO_HORIZONTE,Belo Horizonte,MG,-19.9167,-43.9345
CLI0083,LOC_BRASÍLIA,Brasília,DF,-15.7939,-47.8828
CLI0084,LOC_RIO_DE_JANEIRO,Rio de Janeiro,RJ,-22.9068,-43.1729
CLI0085,LOC_PORTO_ALEGRE,Porto Alegre,RS,-30.0346,-51.2177
CLI0086,LOC_CAMPINAS,Campinas,SP,-22.9099,-47.0626
CLI0087,LOC_PORTO_ALEGRE,Porto Alegre,RS,-30.0346,-51.2177
CLI0088,LOC_RECIFE,Recife,PE,-8.0476,-34.877
CLI0089,LOC_RECIFE,Recife,PE,-8.0476,-34.877
CLI0090,LOC_BELO_HORIZONTE,Belo Horizonte,MG,-19.9167,-43.9345
CLI0091,LOC_SALVADOR,Salvador,BA,-12.9777,-38.5016
CLI0092,LOC_FORTALEZA,Fortaleza,CE,-3.7172,-38.5433
CLI0093,LOC_RECIFE,Recife,PE,-8.0476,-34.877
CLI0094,LOC_CAMPINAS,Campinas,SP,-22.9099,-47.0626
CLI0095,LOC_RIO_DE_JANEIRO,Rio de Janeiro,RJ,-22.9068,-43.1729
CLI0096,LOC_BRASÍLIA,Brasília,DF,-15.7939,-47.8828
CLI0097,LOC_CAMPINAS,Campinas,SP,-22.9099,-47.0626
CLI0098,LOC_SALVADOR,Salvador,BA,-12.9777,-38.5016
CLI0099,LOC_CURITIBA,Curitiba,PR,-25.4284,-49.2733
CLI0100,LOC_PORTO_ALEGRE,Porto Alegre,RS,-30.0346,-51.2177
CLI0101,LOC_SÃO_PAULO,São Paulo,SP,-23.5505,-46.6333
CLI0102,LOC_BRASÍLIA,Brasília,DF,-15.7939,-47.8828
CLI0103,LOC_SÃO_PAULO,São Paulo,SP,-23.5505,-46.6333
CLI0104,LOC_PORTO_ALEGRE,Porto Alegre,RS,-30.0346,-51.2177
CLI0105,LOC_RIO_DE_JANEIRO,Rio de Janeiro,RJ,-22.9068,-43.1729
CLI0106,LOC_SALVADOR,Salvador,BA,-12.9777,-38.5016
CLI0107,LOC_SALVADOR,Salvador,BA,-12.9777,-38.5016
CLI0108,LOC_RECIFE,Recife,PE,-8.0476,-34.877
CLI0109,LOC_FORTALEZA,Fortaleza,CE,-3.7172,-38.5433
CLI0110,LOC_CAMPINAS,Campinas,SP,-22.9099,-47.0626
CLI0111,LOC_SÃO_PAULO,São Paulo,SP,-23.5505,-46.6333
CLI0112,LOC_SALVADOR,Salvador,BA,-12.9777,-38.5016
CLI0113,LOC_FORTALEZA,Fortaleza,CE,-3.7172,-38.5433
CLI0114,LOC_CAMPINAS,Campinas,SP,-22.9099,-47.0626
CLI0115,LOC_BELO_HORIZONTE,Belo Horizonte,MG,-19.9167,-43.9345
CLI0116,LOC_BRASÍLIA,Brasília,DF,-15.7939,-47.8828
CLI0117,LOC_RIO_DE_JANEIRO,Rio de Janeiro,RJ,-22.9068,-43.1729
CLI0118,LOC_CAMPINAS,Campinas,SP,-22.9099,-47.0626
CLI0119,LOC_PORTO_ALEGRE,Porto Alegre,RS,-30.0346,-51.2177
CLI0120,LOC_BELO_HORIZONTE,Belo Horizonte,MG,-19.9167,-43.9345
CLI0121,LOC_FORTALEZA,Fortaleza,CE,-3.7172,-38.5433
CLI0122,LOC_PORTO_ALEGRE,Porto Alegre,RS,-30.0346,-51.2177
CLI0123,LOC_SALVADOR,Salvador,BA,-12.9777,-38.5016
CLI0124,LOC_SÃO_PAULO,São Paulo,SP,-23.5505,-46.6333
CLI0125,LOC_SALVADOR,Salvador,BA,-12.9777,-38.5016
CLI0126,LOC_RECIFE,Recife,PE,-8.0476,-34.877
CLI0127,LOC_CAMPINAS,Campinas,SP,-22.9099,-47.0626
CLI0128,LOC_PORTO_ALEGRE,Porto Alegre,RS,-30.0346,-51.2177
CLI0129,LOC_SALVADOR,Salvador,BA,-12.9777,-38.5016
CLI0130,LOC_BRASÍLIA,Brasília,DF,-15.7939,-47.8828
CLI0131,LOC_BELO_HORIZONTE,Belo Horizonte,MG,-19.9167,-43.9345
CLI0132,LOC_FORTALEZA,Fortaleza,CE,-3.7172,-38.5433
CLI0133,LOC_RECIFE,Recife,PE,-8.0476,-34.877
CLI0134,LOC_RIO_DE_JANEIRO,Rio de Janeiro,RJ,-22.9068,-43.1729
CLI0135,LOC_RIO_DE_JANEIRO,Rio de Janeiro,RJ,-22.9068,-43.1729
CLI0136,LOC_RIO_DE_JANEIRO,Rio de Janeiro,RJ,-22.9068,-43.1729
CLI0137,LOC_SÃO_PAULO,São Paulo,SP,-23.5505,-46.6333
CLI0138,LOC_CAMPINAS,Campinas,SP,-22.9099,-47.0626
CLI0139,LOC_RIO_DE_JANEIRO,Rio de Janeiro,RJ,-22.9068,-43.1729
CLI0140,LOC_CURITIBA,Curitiba,PR,-25.4284,-49.2733
CLI0141,LOC_FORTALEZA,Fortaleza,CE,-3.7172,-38.5433
CLI0142,LOC_SALVADOR,Salvador,BA,-12.9777,-38.5016
CLI0143,LOC_BELO_HORIZONTE,Belo Horizonte,MG,-19.9167,-43.9345
CLI0144,LOC_RECIFE,Recife,PE,-8.0476,-34.877
CLI0145,LOC_SALVADOR,Salvador,BA,-12.9777,-38.5016
CLI0146,LOC_BRASÍLIA,Brasília,DF,-15.7939,-47.8828
CLI0147,LOC_RIO_DE_JANEIRO,Rio de Janeiro,RJ,-22.9068,-43.1729
CLI0148,LOC_SALVADOR,Salvador,BA,-12.9777,-38.5016
CLI0149,LOC_BELO_HORIZONTE,Belo Horizonte,MG,-19.9167,-43.9345
CLI0150,LOC_SALVADOR,Salvador,BA,-12.9777,-38.5016
CLI0151,LOC_CAMPINAS,Campinas,SP,-22.9099,-47.0626
CLI0152,LOC_PORTO_ALEGRE,Porto Alegre,RS,-30.0346,-51.2177
CLI0153,LOC_RIO_DE_JANEIRO,Rio de Janeiro,RJ,-22.9068,-43.1729
CLI0154,LOC_BELO_HORIZONTE,Belo Horizonte,MG,-19.9167,-43.9345
CLI0155,LOC_BRASÍLIA,Brasília,DF,-15.7939,-47.8828
CLI0156,LOC_SALVADOR,Salvador,BA,-12.9777,-38.5016
CLI0157,LOC_BRASÍLIA,Brasília,DF,-15.7939,-47.8828
CLI0158,LOC_BRASÍLIA,Brasília,DF,-15.7939,-47.8828
CLI0159,LOC_BRASÍLIA,Brasília,DF,-15.7939,-47.8828
CLI0160,LOC_CAMPINAS,Campinas,SP,-22.9099,-47.0626
CLI0161,LOC_CURITIBA,Curitiba,PR,-25.4284,-49.2733
CLI0162,LOC_CAMPINAS,Campinas,SP,-22.9099,-47.0626
CLI0163,LOC_FORTALEZA,Fortaleza,CE,-3.7172,-38.5433
CLI0164,LOC_SALVADOR,Salvador,BA,-12.9777,-38.5016
CLI0165,LOC_BRASÍLIA,Brasília,DF,-15.7939,-47.8828
CLI0166,LOC_RECIFE,Recife,PE,-8.0476,-34.877
CLI0167,LOC_BRASÍLIA,Brasília,DF,-15.7939,-47.8828
CLI0168,LOC_SALVADOR,Salvador,BA,-12.9777,-38.5016
CLI0169,LOC_BELO_HORIZONTE,Belo Horizonte,MG,-19.9167,-43.9345
CLI0170,LOC_PORTO_ALEGRE,Porto Alegre,RS,-30.0346,-51.2177
CLI0171,LOC_RIO_DE_JANEIRO,Rio de Janeiro,RJ,-22.9068,-43.1729
CLI0172,LOC_CAMPINAS,Campinas,SP,-22.9099,-47.0626
CLI0173,LOC_FORTALEZA,Fortaleza,CE,-3.7172,-38.5433
CLI0174,LOC_SALVADOR,Salvador,BA,-12.9777,-38.5016
CLI0175,LOC_PORTO_ALEGRE,Porto Alegre,RS,-30.0346,-51.2177
CLI0176,LOC_SALVADOR,Salvador,BA,-12.9777,-38.5016
CLI0177,LOC_PORTO_ALEGRE,Porto Alegre,RS,-30.0346,-51.2177
CLI0178,LOC_PORTO_ALEGRE,Porto Alegre,RS,-30.0346,-51.2177
CLI0179,LOC_RECIFE,Recife,PE,-8.0476,-34.877
CLI0180,LOC_PORTO_ALEGRE,Porto Alegre,RS,-30.0346,-51.2177
CLI0181,LOC_SÃO_PAULO,São Paulo,SP,-23.5505,-46.6333
CLI0182,LOC_SALVADOR,Salvador,BA,-12.9777,-38.5016
CLI0183,LOC_SALVADOR,Salvador,BA,-12.9777,-38.5016
CLI0184,LOC_RECIFE,Recife,PE,-8.0476,-34.877
CLI0185,LOC_CURITIBA,Curitiba,PR,-25.4284,-49.2733
CLI0186,LOC_RIO_DE_JANEIRO,Rio de Janeiro,RJ,-22.9068,-43.1729
CLI0187,LOC_CAMPINAS,Campinas,SP,-22.9099,-47.0626
CLI0188,LOC_CURITIBA,Curitiba,PR,-25.4284,-49.2733
CLI0189,LOC_BRASÍLIA,Brasília,DF,-15.7939,-47.8828
CLI0190,LOC_RIO_DE_JANEIRO,Rio de Janeiro,RJ,-22.9068,-43.1729
CLI0191,LOC_SÃO_PAULO,São Paulo,SP,-23.5505,-46.6333
CLI0192,LOC_SÃO_PAULO,São Paulo,SP,-23.5505,-46.6333
CLI0193,LOC_RECIFE,Recife,PE,-8.0476,-34.877
CLI0194,LOC_BRASÍLIA,Brasília,DF,-15.7939,-47.8828
CLI0195,LOC_CURITIBA,Curitiba,PR,-25.4284,-49.2733
CLI0196,LOC_SÃO_PAULO,São Paulo,SP,-23.5505,-46.6333
CLI0197,LOC_BRASÍLIA,Brasília,DF,-15.7939,-47.8828
CLI0198,LOC_BRASÍLIA,Brasília,DF,-15.7939,-47.8828
CLI0199,LOC_SALVADOR,Salvador,BA,-12.9777,-38.5016
CLI0200,LOC_FORTALEZA,Fortaleza,CE,-3.7172,-38.5433
CLI0201,LOC_BRASÍLIA,Brasília,DF,-15.7939,-47.8828
CLI0202,LOC_PORTO_ALEGRE,Porto Alegre,RS,-30.0346,-51.2177
CLI0203,LOC_SALVADOR,Salvador,BA,-12.9777,-38.5016
CLI0204,LOC_PORTO_ALEGRE,Porto Alegre,RS,-30.0346,-51.2177
CLI0205,LOC_SALVADOR,Salvador,BA,-12.9777,-38.5016
CLI0206,LOC_RECIFE,Recife,PE,-8.0476,-34.877
CLI0207,LOC_FORTALEZA,Fortaleza,CE,-3.7172,-38.5433
CLI0208,LOC_BRASÍLIA,Brasília,DF,-15.7939,-47.8828
CLI0209,LOC_BELO_HORIZONTE,Belo Horizonte,MG,-19.9167,-43.9345
CLI0210,LOC_CAMPINAS,Campinas,SP,-22.9099,-47.0626
CLI0211,LOC_PORTO_ALEGRE,Porto Alegre,RS,-30.0346,-51.2177
CLI0212,LOC_SALVADOR,Salvador,BA,-12.9777,-38.5016
CLI0213,LOC_RIO_DE_JANEIRO,Rio de Janeiro,RJ,-22.9068,-43.1729
CLI0214,LOC_RECIFE,Recife,PE,-8.0476,-34.877
CLI0215,LOC_RIO_DE_JANEIRO,Rio de Janeiro,RJ,-22.9068,-43.1729
CLI0216,LOC_CAMPINAS,Campinas,SP,-22.9099,-47.0626
CLI0217,LOC_RIO_DE_JANEIRO,Rio de Janeiro,RJ,-22.9068,-43.1729
CLI0218,LOC_RECIFE,Recife,PE,-8.0476,-34.877
CLI0219,LOC_BELO_HORIZONTE,Belo Horizonte,MG,-19.9167,-43.9345
CLI0220,LOC_RIO_DE_JANEIRO,Rio de Janeiro,RJ,-22.9068,-43.1729
CLI0221,LOC_SÃO_PAULO,São Paulo,SP,-23.5505,-46.6333
CLI0222,LOC_FORTALEZA,Fortaleza,CE,-3.7172,-38.5433
CLI0223,LOC_FORTALEZA,Fortaleza,CE,-3.7172,-38.5433
CLI0224,LOC_CAMPINAS,Campinas,SP,-22.9099,-47.0626
CLI0225,LOC_CURITIBA,Curitiba,PR,-25.4284,-49.2733
CLI0226,LOC_PORTO_ALEGRE,Porto Alegre,RS,-30.0346,-51.2177
CLI0227,LOC_BELO_HORIZONTE,Belo Horizonte,MG,-19.9167,-43.9345
CLI0228,LOC_BRASÍLIA,Brasília,DF,-15.7939,-47.8828
CLI0229,LOC_RECIFE,Recife,PE,-8.0476,-34.877
CLI0230,LOC_CAMPINAS,Campinas,SP,-22.9099,-47.0626
CLI0231,LOC_RIO_DE_JANEIRO,Rio de Janeiro,RJ,-22.9068,-43.1729
CLI0232,LOC_FORTALEZA,Fortaleza,CE,-3.7172,-38.5433
CLI0233,LOC_RIO_DE_JANEIRO,Rio de Janeiro,RJ,-22.9068,-43.1729
CLI0234,LOC_BELO_HORIZONTE,Belo Horizonte,MG,-19.9167,-43.9345
CLI0235,LOC_CURITIBA,Curitiba,PR,-25.4284,-49.2733
CLI0236,LOC_BRASÍLIA,Brasília,DF,-15.7939,-47.8828
CLI0237,LOC_FORTALEZA,Fortaleza,CE,-3.7172,-38.5433
CLI0238,LOC_RECIFE,Recife,PE,-8.0476,-34.877
CLI0239,LOC_PORTO_ALEGRE,Porto Alegre,RS,-30.0346,-51.2177
CLI0240,LOC_BRASÍLIA,Brasília,DF,-15.7939,-47.8828
CLI0241,LOC_SÃO_PAULO,São Paulo,SP,-23.5505,-46.6333
CLI0242,LOC_SALVADOR,Salvador,BA,-12.9777,-38.5016
CLI0243,LOC_FORTALEZA,Fortaleza,CE,-3.7172,-38.5433
CLI0244,LOC_CAMPINAS,Campinas,SP,-22.9099,-47.0626
CLI0245,LOC_PORTO_ALEGRE,Porto Alegre,RS,-30.0346,-51.2177
CLI0246,LOC_CURITIBA,Curitiba,PR,-25.4284,-49.2733
CLI0247,LOC_RIO_DE_JANEIRO,Rio de Janeiro,RJ,-22.9068,-43.1729
CLI0248,LOC_RIO_DE_JANEIRO,Rio de Janeiro,RJ,-22.9068,-43.1729
CLI0249,LOC_FORTALEZA,Fortaleza,CE,-3.7172,-38.5433
CLI0250,LOC_FORTALEZA,Fortaleza,CE,-3.7172,-38.5433
CLI0251,LOC_PORTO_ALEGRE,Porto Alegre,RS,-30.0346,-51.2177
CLI0252,LOC_CURITIBA,Curitiba,PR,-25.4284,-49.2733
CLI0253,LOC_SÃO_PAULO,São Paulo,SP,-23.5505,-46.6333
CLI0254,LOC_PORTO_ALEGRE,Porto Alegre,RS,-30.0346,-51.2177
CLI0255,LOC_CURITIBA,Curitiba,PR,-25.4284,-49.2733
CLI0256,LOC_RECIFE,Recife,PE,-8.0476,-34.877
CLI0257,LOC_PORTO_ALEGRE,Porto Alegre,RS,-30.0346,-51.2177
CLI0258,LOC_CAMPINAS,Campinas,SP,-22.9099,-47.0626
CLI0259,LOC_BELO_HORIZONTE,Belo Horizonte,MG,-19.9167,-43.9345
CLI0260,LOC_PORTO_ALEGRE,Porto Alegre,RS,-30.0346,-51.2177
CLI0261,LOC_PORTO_ALEGRE,Porto Alegre,RS,-30.0346,-51.2177
CLI0262,LOC_CURITIBA,Curitiba,PR,-25.4284,-49.2733
CLI0263,LOC_SÃO_PAULO,São Paulo,SP,-23.5505,-46.6333
CLI0264,LOC_RIO_DE_JANEIRO,Rio de Janeiro,RJ,-22.9068,-43.1729
CLI0265,LOC_FORTALEZA,Fortaleza,CE,-3.7172,-38.5433
CLI0266,LOC_BRASÍLIA,Brasília,DF,-15.7939,-47.8828
CLI0267,LOC_RECIFE,Recife,PE,-8.0476,-34.877
CLI0268,LOC_CURITIBA,Curitiba,PR,-25.4284,-49.2733
CLI0269,LOC_BRASÍLIA,Brasília,DF,-15.7939,-47.8828
CLI0270,LOC_CURITIBA,Curitiba,PR,-25.4284,-49.2733
CLI0271,LOC_SÃO_PAULO,São Paulo,SP,-23.5505,-46.6333
CLI0272,LOC_BELO_HORIZONTE,Belo Horizonte,MG,-19.9167,-43.9345
CLI0273,LOC_CAMPINAS,Campinas,SP,-22.9099,-47.0626
CLI0274,LOC_RECIFE,Recife,PE,-8.0476,-34.877
CLI0275,LOC_RIO_DE_JANEIRO,Rio de Janeiro,RJ,-22.9068,-43.1729
CLI0276,LOC_BELO_HORIZONTE,Belo Horizonte,MG,-19.9167,-43.9345
CLI0277,LOC_CURITIBA,Curitiba,PR,-25.4284,-49.2733
CLI0278,LOC_BRASÍLIA,Brasília,DF,-15.7939,-47.8828
CLI0279,LOC_RECIFE,Recife,PE,-8.0476,-34.877
CLI0280,LOC_SALVADOR,Salvador,BA,-12.9777,-38.5016
CLI0281,LOC_RECIFE,Recife,PE,-8.0476,-34.877
CLI0282,LOC_SÃO_PAULO,São Paulo,SP,-23.5505,-46.6333
CLI0283,LOC_SALVADOR,Salvador,BA,-12.9777,-38.5016
CLI0284,LOC_PORTO_ALEGRE,Porto Alegre,RS,-30.0346,-51.2177
CLI0285,LOC_BRASÍLIA,Brasília,DF,-15.7939,-47.8828
CLI0286,LOC_SALVADOR,Salvador,BA,-12.9777,-38.5016
CLI0287,LOC_PORTO_ALEGRE,Porto Alegre,RS,-30.0346,-51.2177
CLI0288,LOC_BELO_HORIZONTE,Belo Horizonte,MG,-19.9167,-43.9345
CLI0289,LOC_SALVADOR,Salvador,BA,-12.9777,-38.5016
CLI0290,LOC_BRASÍLIA,Brasília,DF,-15.7939,-47.8828
CLI0291,LOC_BELO_HORIZONTE,Belo Horizonte,MG,-19.9167,-43.9345
CLI0292,LOC_BELO_HORIZONTE,Belo Horizonte,MG,-19.9167,-43.9345
CLI0293,LOC_PORTO_ALEGRE,Porto Alegre,RS,-30.0346,-51.2177
CLI0294,LOC_FORTALEZA,Fortaleza,CE,-3.7172,-38.5433
CLI0295,LOC_RIO_DE_JANEIRO,Rio de Janeiro,RJ,-22.9068,-43.1729
CLI0296,LOC_RIO_DE_JANEIRO,Rio de Janeiro,RJ,-22.9068,-43.1729
CLI0297,LOC_RECIFE,Recife,PE,-8.0476,-34.877
CLI0298,LOC_CAMPINAS,Campinas,SP,-22.9099,-47.0626
CLI0299,LOC_RIO_DE_JANEIRO,Rio de Janeiro,RJ,-22.9068,-43.1729
CLI0300,LOC_BRASÍLIA,Brasília,DF,-15.7939,-47.8828
CLI0301,LOC_CURITIBA,Curitiba,PR,-25.4284,-49.2733
CLI0302,LOC_BRASÍLIA,Brasília,DF,-15.7939,-47.8828
CLI0303,LOC_CAMPINAS,Campinas,SP,-22.9099,-47.0626
CLI0304,LOC_RECIFE,Recife,PE,-8.0476,-34.877
CLI0305,LOC_BRASÍLIA,Brasília,DF,-15.7939,-47.8828
CLI0306,LOC_BRASÍLIA,Brasília,DF,-15.7939,-47.8828
CLI0307,LOC_PORTO_ALEGRE,Porto Alegre,RS,-30.0346,-51.2177
CLI0308,LOC_PORTO_ALEGRE,Porto Alegre,RS,-30.0346,-51.2177
CLI0309,LOC_CAMPINAS,Campinas,SP,-22.9099,-47.0626
CLI0310,LOC_BRASÍLIA,Brasília,DF,-15.7939,-47.8828
CLI0311,LOC_FORTALEZA,Fortaleza,CE,-3.7172,-38.5433
CLI0312,LOC_CAMPINAS,Campinas,SP,-22.9099,-47.0626
CLI0313,LOC_RECIFE,Recife,PE,-8.0476,-34.877
CLI0314,LOC_SÃO_PAULO,São Paulo,SP,-23.5505,-46.6333
CLI0315,LOC_RECIFE,Recife,PE,-8.0476,-34.877
CLI0316,LOC_SALVADOR,Salvador,BA,-12.9777,-38.5016
CLI0317,LOC_PORTO_ALEGRE,Porto Alegre,RS,-30.0346,-51.2177
CLI0318,LOC_FORTALEZA,Fortaleza,CE,-3.7172,-38.5433
CLI0319,LOC_CURITIBA,Curitiba,PR,-25.4284,-49.2733
CLI0320,LOC_BRASÍLIA,Brasília,DF,-15.7939,-47.8828
CLI0321,LOC_RECIFE,Recife,PE,-8.0476,-34.877
CLI0322,LOC_CAMPINAS,Campinas,SP,-22.9099,-47.0626
CLI0323,LOC_CURITIBA,Curitiba,PR,-25.4284,-49.2733
CLI0324,LOC_SÃO_PAULO,São Paulo,SP,-23.5505,-46.6333
CLI0325,LOC_CAMPINAS,Campinas,SP,-22.9099,-47.0626
CLI0326,LOC_BRASÍLIA,Brasília,DF,-15.7939,-47.8828
CLI0327,LOC_RIO_DE_JANEIRO,Rio de Janeiro,RJ,-22.9068,-43.1729
CLI0328,LOC_FORTALEZA,Fortaleza,CE,-3.7172,-38.5433
CLI0329,LOC_CAMPINAS,Campinas,SP,-22.9099,-47.0626
CLI0330,LOC_SÃO_PAULO,São Paulo,SP,-23.5505,-46.6333
CLI0331,LOC_SÃO_PAULO,São Paulo,SP,-23.5505,-46.6333
CLI0332,LOC_CURITIBA,Curitiba,PR,-25.4284,-49.2733
CLI0333,LOC_FORTALEZA,Fortaleza,CE,-3.7172,-38.5433
CLI0334,LOC_RIO_DE_JANEIRO,Rio de Janeiro,RJ,-22.9068,-43.1729
CLI0335,LOC_PORTO_ALEGRE,Porto Alegre,RS,-30.0346,-51.2177
CLI0336,LOC_FORTALEZA,Fortaleza,CE,-3.7172,-38.5433
CLI0337,LOC_RECIFE,Recife,PE,-8.0476,-34.877
CLI0338,LOC_BELO_HORIZONTE,Belo Horizonte,MG,-19.9167,-43.9345
CLI0339,LOC_SÃO_PAULO,São Paulo,SP,-23.5505,-46.6333
CLI0340,LOC_BRASÍLIA,Brasília,DF,-15.7939,-47.8828
CLI0341,LOC_CURITIBA,Curitiba,PR,-25.4284,-49.2733
CLI0342,LOC_FORTALEZA,Fortaleza,CE,-3.7172,-38.5433
CLI0343,LOC_RIO_DE_JANEIRO,Rio de Janeiro,RJ,-22.9068,-43.1729
CLI0344,LOC_BRASÍLIA,Brasília,DF,-15.7939,-47.8828
CLI0345,LOC_SÃO_PAULO,São Paulo,SP,-23.5505,-46.6333
CLI0346,LOC_CURITIBA,Curitiba,PR,-25.4284,-49.2733
CLI0347,LOC_BELO_HORIZONTE,Belo Horizonte,MG,-19.9167,-43.9345
CLI0348,LOC_SALVADOR,Salvador,BA,-12.9777,-38.5016
CLI0349,LOC_SÃO_PAULO,São Paulo,SP,-23.5505,-46.6333
CLI0350,LOC_SALVADOR,Salvador,BA,-12.9777,-38.5016
CLI0351,LOC_BELO_HORIZONTE,Belo Horizonte,MG,-19.9167,-43.9345
CLI0352,LOC_SALVADOR,Salvador,BA,-12.9777,-38.5016
CLI0353,LOC_BRASÍLIA,Brasília,DF,-15.7939,-47.8828
CLI0354,LOC_SÃO_PAULO,São Paulo,SP,-23.5505,-46.6333
CLI0355,LOC_SÃO_PAULO,São Paulo,SP,-23.5505,-46.6333
CLI0356,LOC_PORTO_ALEGRE,Porto Alegre,RS,-30.0346,-51.2177
CLI0357,LOC_CURITIBA,Curitiba,PR,-25.4284,-49.2733
CLI0358,LOC_RIO_DE_JANEIRO,Rio de Janeiro,RJ,-22.9068,-43.1729
CLI0359,LOC_CAMPINAS,Campinas,SP,-22.9099,-47.0626
CLI0360,LOC_CAMPINAS,Campinas,SP,-22.9099,-47.0626
CLI0361,LOC_BRASÍLIA,Brasília,DF,-15.7939,-47.8828
CLI0362,LOC_PORTO_ALEGRE,Porto Alegre,RS,-30.0346,-51.2177
CLI0363,LOC_CAMPINAS,Campinas,SP,-22.9099,-47.0626
CLI0364,LOC_BRASÍLIA,Brasília,DF,-15.7939,-47.8828
CLI0365,LOC_BRASÍLIA,Brasília,DF,-15.7939,-47.8828
CLI0366,LOC_RECIFE,Recife,PE,-8.0476,-34.877
CLI0367,LOC_SALVADOR,Salvador,BA,-12.9777,-38.5016
CLI0368,LOC_RECIFE,Recife,PE,-8.0476,-34.877
CLI0369,LOC_RIO_DE_JANEIRO,Rio de Janeiro,RJ,-22.9068,-43.1729
CLI0370,LOC_BELO_HORIZONTE,Belo Horizonte,MG,-19.9167,-43.9345
CLI0371,LOC_BRASÍLIA,Brasília,DF,-15.7939,-47.8828
CLI0372,LOC_SALVADOR,Salvador,BA,-12.9777,-38.5016
CLI0373,LOC_CAMPINAS,Campinas,SP,-22.9099,-47.0626
CLI0374,LOC_SALVADOR,Salvador,BA,-12.9777,-38.5016
CLI0375,LOC_CAMPINAS,Campinas,SP,-22.9099,-47.0626
CLI0376,LOC_RECIFE,Recife,PE,-8.0476,-34.877
CLI0377,LOC_FORTALEZA,Fortaleza,CE,-3.7172,-38.5433
CLI0378,LOC_SÃO_PAULO,São Paulo,SP,-23.5505,-46.6333
CLI0379,LOC_PORTO_ALEGRE,Porto Alegre,RS,-30.0346,-51.2177
CLI0380,LOC_SALVADOR,Salvador,BA,-12.9777,-38.5016
CLI0381,LOC_SALVADOR,Salvador,BA,-12.9777,-38.5016
CLI0382,LOC_SÃO_PAULO,São Paulo,SP,-23.5505,-46.6333
CLI0383,LOC_RECIFE,Recife,PE,-8.0476,-34.877
CLI0384,LOC_BELO_HORIZONTE,Belo Horizonte,MG,-19.9167,-43.9345
CLI0385,LOC_RIO_DE_JANEIRO,Rio de Janeiro,RJ,-22.9068,-43.1729
CLI0386,LOC_SÃO_PAULO,São Paulo,SP,-23.5505,-46.6333
CLI0387,LOC_BELO_HORIZONTE,Belo Horizonte,MG,-19.9167,-43.9345
CLI0388,LOC_BELO_HORIZONTE,Belo Horizonte,MG,-19.9167,-43.9345
CLI0389,LOC_CAMPINAS,Campinas,SP,-22.9099,-47.0626
CLI0390,LOC_CAMPINAS,Campinas,SP,-22.9099,-47.0626
CLI0391,LOC_RECIFE,Recife,PE,-8.0476,-34.877
CLI0392,LOC_CURITIBA,Curitiba,PR,-25.4284,-49.2733
CLI0393,LOC_SÃO_PAULO,São Paulo,SP,-23.5505,-46.6333
CLI0394,LOC_PORTO_ALEGRE,Porto Alegre,RS,-30.0346,-51.2177
CLI0395,LOC_BRASÍLIA,Brasília,DF,-15.7939,-47.8828
CLI0396,LOC_BELO_HORIZONTE,Belo Horizonte,MG,-19.9167,-43.9345
CLI0397,LOC_BRASÍLIA,Brasília,DF,-15.7939,-47.8828
CLI0398,LOC_CURITIBA,Curitiba,PR,-25.4284,-49.2733
CLI0399,LOC_FORTALEZA,Fortaleza,CE,-3.7172,-38.5433
CLI0400,LOC_SÃO_PAULO,São Paulo,SP,-23.5505,-46.6333
CLI0401,LOC_SÃO_PAULO,São Paulo,SP,-23.5505,-46.6333
CLI0402,LOC_FORTALEZA,Fortaleza,CE,-3.7172,-38.5433
CLI0403,LOC_RIO_DE_JANEIRO,Rio de Janeiro,RJ,-22.9068,-43.1729
CLI0404,LOC_SALVADOR,Salvador,BA,-12.9777,-38.5016
CLI0405,LOC_RIO_DE_JANEIRO,Rio de Janeiro,RJ,-22.9068,-43.1729
CLI0406,LOC_SALVADOR,Salvador,BA,-12.9777,-38.5016
CLI0407,LOC_CURITIBA,Curitiba,PR,-25.4284,-49.2733
CLI0408,LOC_FORTALEZA,Fortaleza,CE,-3.7172,-38.5433
CLI0409,LOC_BELO_HORIZONTE,Belo Horizonte,MG,-19.9167,-43.9345
CLI0410,LOC_SALVADOR,Salvador,BA,-12.9777,-38.5016
CLI0411,LOC_CURITIBA,Curitiba,PR,-25.4284,-49.2733
CLI0412,LOC_SALVADOR,Salvador,BA,-12.9777,-38.5016
CLI0413,LOC_CAMPINAS,Campinas,SP,-22.9099,-47.0626
CLI0414,LOC_BELO_HORIZONTE,Belo Horizonte,MG,-19.9167,-43.9345
CLI0415,LOC_PORTO_ALEGRE,Porto Alegre,RS,-30.0346,-51.2177
CLI0416,LOC_SALVADOR,Salvador,BA,-12.9777,-38.5016
CLI0417,LOC_SALVADOR,Salvador,BA,-12.9777,-38.5016
CLI0418,LOC_SALVADOR,Salvador,BA,-12.9777,-38.5016
CLI0419,LOC_PORTO_ALEGRE,Porto Alegre,RS,-30.0346,-51.2177
CLI0420,LOC_CURITIBA,Curitiba,PR,-25.4284,-49.2733
CLI0421,LOC_RECIFE,Recife,PE,-8.0476,-34.877
CLI0422,LOC_BELO_HORIZONTE,Belo Horizonte,MG,-19.9167,-43.9345
CLI0423,LOC_FORTALEZA,Fortaleza,CE,-3.7172,-38.5433
CLI0424,LOC_RIO_DE_JANEIRO,Rio de Janeiro,RJ,-22.9068,-43.1729
CLI0425,LOC_FORTALEZA,Fortaleza,CE,-3.7172,-38.5433
CLI0426,LOC_BRASÍLIA,Brasília,DF,-15.7939,-47.8828
CLI0427,LOC_CURITIBA,Curitiba,PR,-25.4284,-49.2733
CLI0428,LOC_FORTALEZA,Fortaleza,CE,-3.7172,-38.5433
CLI0429,LOC_PORTO_ALEGRE,Porto Alegre,RS,-30.0346,-51.2177
CLI0430,LOC_SALVADOR,Salvador,BA,-12.9777,-38.5016
CLI0431,LOC_CURITIBA,Curitiba,PR,-25.4284,-49.2733
CLI0432,LOC_CURITIBA,Curitiba,PR,-25.4284,-49.2733
CLI0433,LOC_BRASÍLIA,Brasília,DF,-15.7939,-47.8828
CLI0434,LOC_BELO_HORIZONTE,Belo Horizonte,MG,-19.9167,-43.9345
CLI0435,LOC_RIO_DE_JANEIRO,Rio de Janeiro,RJ,-22.9068,-43.1729
CLI0436,LOC_RIO_DE_JANEIRO,Rio de Janeiro,RJ,-22.9068,-43.1729
CLI0437,LOC_BELO_HORIZONTE,Belo Horizonte,MG,-19.9167,-43.9345
CLI0438,LOC_FORTALEZA,Fortaleza,CE,-3.7172,-38.5433
CLI0439,LOC_SÃO_PAULO,São Paulo,SP,-23.5505,-46.6333
CLI0440,LOC_RECIFE,Recife,PE,-8.0476,-34.877
CLI0441,LOC_BRASÍLIA,Brasília,DF,-15.7939,-47.8828
CLI0442,LOC_FORTALEZA,Fortaleza,CE,-3.7172,-38.5433
CLI0443,LOC_FORTALEZA,Fortaleza,CE,-3.7172,-38.5433
CLI0444,LOC_RIO_DE_JANEIRO,Rio de Janeiro,RJ,-22.9068,-43.1729
CLI0445,LOC_BRASÍLIA,Brasília,DF,-15.7939,-47.8828
CLI0446,LOC_BELO_HORIZONTE,Belo Horizonte,MG,-19.9167,-43.9345
CLI0447,LOC_BRASÍLIA,Brasília,DF,-15.7939,-47.8828
CLI0448,LOC_RECIFE,Recife,PE,-8.0476,-34.877
CLI0449,LOC_SÃO_PAULO,São Paulo,SP,-23.5505,-46.6333
CLI0450,LOC_CAMPINAS,Campinas,SP,-22.9099,-47.0626
CLI0451,LOC_PORTO_ALEGRE,Porto Alegre,RS,-30.0346,-51.2177
CLI0452,LOC_RIO_DE_JANEIRO,Rio de Janeiro,RJ,-22.9068,-43.1729
CLI0453,LOC_RECIFE,Recife,PE,-8.0476,-34.877
CLI0454,LOC_BRASÍLIA,Brasília,DF,-15.7939,-47.8828
CLI0455,LOC_RECIFE,Recife,PE,-8.0476,-34.877
CLI0456,LOC_BELO_HORIZONTE,Belo Horizonte,MG,-19.9167,-43.9345
CLI0457,LOC_RIO_DE_JANEIRO,Rio de Janeiro,RJ,-22.9068,-43.1729
CLI0458,LOC_CAMPINAS,Campinas,SP,-22.9099,-47.0626
CLI0459,LOC_CURITIBA,Curitiba,PR,-25.4284,-49.2733
CLI0460,LOC_RIO_DE_JANEIRO,Rio de Janeiro,RJ,-22.9068,-43.1729
CLI0461,LOC_FORTALEZA,Fortaleza,CE,-3.7172,-38.5433
CLI0462,LOC_CAMPINAS,Campinas,SP,-22.9099,-47.0626
CLI0463,LOC_PORTO_ALEGRE,Porto Alegre,RS,-30.0346,-51.2177
CLI0464,LOC_BRASÍLIA,Brasília,DF,-15.7939,-47.8828
CLI0465,LOC_SÃO_PAULO,São Paulo,SP,-23.5505,-46.6333
CLI0466,LOC_SÃO_PAULO,São Paulo,SP,-23.5505,-46.6333
CLI0467,LOC_BRASÍLIA,Brasília,DF,-15.7939,-47.8828
CLI0468,LOC_BELO_HORIZONTE,Belo Horizonte,MG,-19.9167,-43.9345
CLI0469,LOC_BRASÍLIA,Brasília,DF,-15.7939,-47.8828
CLI0470,LOC_PORTO_ALEGRE,Porto Alegre,RS,-30.0346,-51.2177
CLI0471,LOC_CURITIBA,Curitiba,PR,-25.4284,-49.2733
CLI0472,LOC_BELO_HORIZONTE,Belo Horizonte,MG,-19.9167,-43.9345
CLI0473,LOC_BELO_HORIZONTE,Belo Horizonte,MG,-19.9167,-43.9345
CLI0474,LOC_RECIFE,Recife,PE,-8.0476,-34.877
CLI0475,LOC_BRASÍLIA,Brasília,DF,-15.7939,-47.8828
CLI0476,LOC_BRASÍLIA,Brasília,DF,-15.7939,-47.8828
CLI0477,LOC_BRASÍLIA,Brasília,DF,-15.7939,-47.8828
CLI0478,LOC_BELO_HORIZONTE,Belo Horizonte,MG,-19.9167,-43.9345
CLI0479,LOC_BRASÍLIA,Brasília,DF,-15.7939,-47.8828
CLI0480,LOC_FORTALEZA,Fortaleza,CE,-3.7172,-38.5433
CLI0481,LOC_FORTALEZA,Fortaleza,CE,-3.7172,-38.5433
CLI0482,LOC_SÃO_PAULO,São Paulo,SP,-23.5505,-46.6333
CLI0483,LOC_SÃO_PAULO,São Paulo,SP,-23.5505,-46.6333
CLI0484,LOC_BELO_HORIZONTE,Belo Horizonte,MG,-19.9167,-43.9345
CLI0485,LOC_RECIFE,Recife,PE,-8.0476,-34.877
CLI0486,LOC_RECIFE,Recife,PE,-8.0476,-34.877
CLI0487,LOC_CAMPINAS,Campinas,SP,-22.9099,-47.0626
CLI0488,LOC_FORTALEZA,Fortaleza,CE,-3.7172,-38.5433
CLI0489,LOC_RIO_DE_JANEIRO,Rio de Janeiro,RJ,-22.9068,-43.1729
CLI0490,LOC_RIO_DE_JANEIRO,Rio de Janeiro,RJ,-22.9068,-43.1729
CLI0491,LOC_CAMPINAS,Campinas,SP,-22.9099,-47.0626
CLI0492,LOC_FORTALEZA,Fortaleza,CE,-3.7172,-38.5433
CLI0493,LOC_BRASÍLIA,Brasília,DF,-15.7939,-47.8828
CLI0494,LOC_CAMPINAS,Campinas,SP,-22.9099,-47.0626
CLI0495,LOC_RIO_DE_JANEIRO,Rio de Janeiro,RJ,-22.9068,-43.1729
CLI0496,LOC_RIO_DE_JANEIRO,Rio de Janeiro,RJ,-22.9068,-43.1729
CLI0497,LOC_BELO_HORIZONTE,Belo Horizonte,MG,-19.9167,-43.9345
CLI0498,LOC_SÃO_PAULO,São Paulo,SP,-23.5505,-46.6333
CLI0499,LOC_PORTO_ALEGRE,Porto Alegre,RS,-30.0346,-51.2177
CLI0500,LOC_PORTO_ALEGRE,Porto Alegre,RS,-30.0346,-51.2177
CLI0501,LOC_PORTO_ALEGRE,Porto Alegre,RS,-30.0346,-51.2177
CLI0502,LOC_RIO_DE_JANEIRO,Rio de Janeiro,RJ,-22.9068,-43.1729
CLI0503,LOC_SALVADOR,Salvador,BA,-12.9777,-38.5016
CLI0504,LOC_FORTALEZA,Fortaleza,CE,-3.7172,-38.5433
CLI0505,LOC_FORTALEZA,Fortaleza,CE,-3.7172,-38.5433
CLI0506,LOC_RECIFE,Recife,PE,-8.0476,-34.877
CLI0507,LOC_RECIFE,Recife,PE,-8.0476,-34.877
CLI0508,LOC_CURITIBA,Curitiba,PR,-25.4284,-49.2733
CLI0509,LOC_PORTO_ALEGRE,Porto Alegre,RS,-30.0346,-51.2177
CLI0510,LOC_CURITIBA,Curitiba,PR,-25.4284,-49.2733
CLI0511,LOC_CAMPINAS,Campinas,SP,-22.9099,-47.0626
CLI0512,LOC_BRASÍLIA,Brasília,DF,-15.7939,-47.8828
CLI0513,LOC_SÃO_PAULO,São Paulo,SP,-23.5505,-46.6333
CLI0514,LOC_BELO_HORIZONTE,Belo Horizonte,MG,-19.9167,-43.9345
CLI0515,LOC_RIO_DE_JANEIRO,Rio de Janeiro,RJ,-22.9068,-43.1729
CLI0516,LOC_BELO_HORIZONTE,Belo Horizonte,MG,-19.9167,-43.9345
CLI0517,LOC_BRASÍLIA,Brasília,DF,-15.7939,-47.8828
CLI0518,LOC_BRASÍLIA,Brasília,DF,-15.7939,-47.8828
CLI0519,LOC_RIO_DE_JANEIRO,Rio de Janeiro,RJ,-22.9068,-43.1729
CLI0520,LOC_SALVADOR,Salvador,BA,-12.9777,-38.5016
CLI0521,LOC_FORTALEZA,Fortaleza,CE,-3.7172,-38.5433
CLI0522,LOC_PORTO_ALEGRE,Porto Alegre,RS,-30.0346,-51.2177
CLI0523,LOC_FORTALEZA,Fortaleza,CE,-3.7172,-38.5433
CLI0524,LOC_BELO_HORIZONTE,Belo Horizonte,MG,-19.9167,-43.9345
CLI0525,LOC_SALVADOR,Salvador,BA,-12.9777,-38.5016
CLI0526,LOC_RECIFE,Recife,PE,-8.0476,-34.877
CLI0527,LOC_BRASÍLIA,Brasília,DF,-15.7939,-47.8828
CLI0528,LOC_CAMPINAS,Campinas,SP,-22.9099,-47.0626
CLI0529,LOC_RECIFE,Recife,PE,-8.0476,-34.877
CLI0530,LOC_CAMPINAS,Campinas,SP,-22.9099,-47.0626
CLI0531,LOC_CAMPINAS,Campinas,SP,-22.9099,-47.0626
CLI0532,LOC_PORTO_ALEGRE,Porto Alegre,RS,-30.0346,-51.2177
CLI0533,LOC_SALVADOR,Salvador,BA,-12.9777,-38.5016
CLI0534,LOC_RIO_DE_JANEIRO,Rio de Janeiro,RJ,-22.9068,-43.1729
CLI0535,LOC_RIO_DE_JANEIRO,Rio de Janeiro,RJ,-22.9068,-43.1729
CLI0536,LOC_SALVADOR,Salvador,BA,-12.9777,-38.5016
CLI0537,LOC_RECIFE,Recife,PE,-8.0476,-34.877
CLI0538,LOC_RIO_DE_JANEIRO,Rio de Janeiro,RJ,-22.9068,-43.1729
CLI0539,LOC_SÃO_PAULO,São Paulo,SP,-23.5505,-46.6333
CLI0540,LOC_CURITIBA,Curitiba,PR,-25.4284,-49.2733
CLI0541,LOC_BRASÍLIA,Brasília,DF,-15.7939,-47.8828
CLI0542,LOC_BRASÍLIA,Brasília,DF,-15.7939,-47.8828
CLI0543,LOC_SÃO_PAULO,São Paulo,SP,-23.5505,-46.6333
CLI0544,LOC_CAMPINAS,Campinas,SP,-22.9099,-47.0626
CLI0545,LOC_SALVADOR,Salvador,BA,-12.9777,-38.5016
CLI0546,LOC_SALVADOR,Salvador,BA,-12.9777,-38.5016
CLI0547,LOC_CAMPINAS,Campinas,SP,-22.9099,-47.0626
CLI0548,LOC_CAMPINAS,Campinas,SP,-22.9099,-47.0626
CLI0549,LOC_FORTALEZA,Fortaleza,CE,-3.7172,-38.5433
CLI0550,LOC_CURITIBA,Curitiba,PR,-25.4284,-49.2733
CLI0551,LOC_CURITIBA,Curitiba,PR,-25.4284,-49.2733
CLI0552,LOC_SALVADOR,Salvador,BA,-12.9777,-38.5016
CLI0553,LOC_BRASÍLIA,Brasília,DF,-15.7939,-47.8828
CLI0554,LOC_CURITIBA,Curitiba,PR,-25.4284,-49.2733
CLI0555,LOC_RIO_DE_JANEIRO,Rio de Janeiro,RJ,-22.9068,-43.1729
CLI0556,LOC_CURITIBA,Curitiba,PR,-25.4284,-49.2733
CLI0557,LOC_RIO_DE_JANEIRO,Rio de Janeiro,RJ,-22.9068,-43.1729
CLI0558,LOC_CAMPINAS,Campinas,SP,-22.9099,-47.0626
CLI0559,LOC_PORTO_ALEGRE,Porto Alegre,RS,-30.0346,-51.2177
CLI0560,LOC_FORTALEZA,Fortaleza,CE,-3.7172,-38.5433
CLI0561,LOC_CURITIBA,Curitiba,PR,-25.4284,-49.2733
CLI0562,LOC_FORTALEZA,Fortaleza,CE,-3.7172,-38.5433
CLI0563,LOC_FORTALEZA,Fortaleza,CE,-3.7172,-38.5433
CLI0564,LOC_CURITIBA,Curitiba,PR,-25.4284,-49.2733
CLI0565,LOC_RECIFE,Recife,PE,-8.0476,-34.877
CLI0566,LOC_RIO_DE_JANEIRO,Rio de Janeiro,RJ,-22.9068,-43.1729
CLI0567,LOC_SÃO_PAULO,São Paulo,SP,-23.5505,-46.6333
CLI0568,LOC_RIO_DE_JANEIRO,Rio de Janeiro,RJ,-22.9068,-43.1729
CLI0569,LOC_RIO_DE_JANEIRO,Rio de Janeiro,RJ,-22.9068,-43.1729
CLI0570,LOC_SALVADOR,Salvador,BA,-12.9777,-38.5016
CLI0571,LOC_SALVADOR,Salvador,BA,-12.9777,-38.5016
CLI0572,LOC_BELO_HORIZONTE,Belo Horizonte,MG,-19.9167,-43.9345
CLI0573,LOC_FORTALEZA,Fortaleza,CE,-3.7172,-38.5433
CLI0574,LOC_CAMPINAS,Campinas,SP,-22.9099,-47.0626
CLI0575,LOC_SALVADOR,Salvador,BA,-12.9777,-38.5016
CLI0576,LOC_BRASÍLIA,Brasília,DF,-15.7939,-47.8828
CLI0577,LOC_RIO_DE_JANEIRO,Rio de Janeiro,RJ,-22.9068,-43.1729
CLI0578,LOC_CAMPINAS,Campinas,SP,-22.9099,-47.0626
CLI0579,LOC_RECIFE,Recife,PE,-8.0476,-34.877
CLI0580,LOC_PORTO_ALEGRE,Porto Alegre,RS,-30.0346,-51.2177
CLI0581,LOC_RECIFE,Recife,PE,-8.0476,-34.877
CLI0582,LOC_RECIFE,Recife,PE,-8.0476,-34.877
CLI0583,LOC_RECIFE,Recife,PE,-8.0476,-34.877
CLI0584,LOC_PORTO_ALEGRE,Porto Alegre,RS,-30.0346,-51.2177
CLI0585,LOC_PORTO_ALEGRE,Porto Alegre,RS,-30.0346,-51.2177
CLI0586,LOC_PORTO_ALEGRE,Porto Alegre,RS,-30.0346,-51.2177
CLI0587,LOC_PORTO_ALEGRE,Porto Alegre,RS,-30.0346,-51.2177
CLI0588,LOC_SALVADOR,Salvador,BA,-12.9777,-38.5016
CLI0589,LOC_BELO_HORIZONTE,Belo Horizonte,MG,-19.9167,-43.9345
CLI0590,LOC_BRASÍLIA,Brasília,DF,-15.7939,-47.8828
CLI0591,LOC_PORTO_ALEGRE,Porto Alegre,RS,-30.0346,-51.2177
CLI0592,LOC_BELO_HORIZONTE,Belo Horizonte,MG,-19.9167,-43.9345
CLI0593,LOC_RIO_DE_JANEIRO,Rio de Janeiro,RJ,-22.9068,-43.1729
CLI0594,LOC_PORTO_ALEGRE,Porto Alegre,RS,-30.0346,-51.2177
CLI0595,LOC_RIO_DE_JANEIRO,Rio de Janeiro,RJ,-22.9068,-43.1729
CLI0596,LOC_BRASÍLIA,Brasília,DF,-15.7939,-47.8828
CLI0597,LOC_CAMPINAS,Campinas,SP,-22.9099,-47.0626
CLI0598,LOC_FORTALEZA,Fortaleza,CE,-3.7172,-38.5433
CLI0599,LOC_FORTALEZA,Fortaleza,CE,-3.7172,-38.5433
CLI0600,LOC_RIO_DE_JANEIRO,Rio de Janeiro,RJ,-22.9068,-43.1729
CLI0601,LOC_FORTALEZA,Fortaleza,CE,-3.7172,-38.5433
CLI0602,LOC_CURITIBA,Curitiba,PR,-25.4284,-49.2733
CLI0603,LOC_FORTALEZA,Fortaleza,CE,-3.7172,-38.5433
CLI0604,LOC_BELO_HORIZONTE,Belo Horizonte,MG,-19.9167,-43.9345
CLI0605,LOC_CAMPINAS,Campinas,SP,-22.9099,-47.0626
CLI0606,LOC_BRASÍLIA,Brasília,DF,-15.7939,-47.8828
CLI0607,LOC_SÃO_PAULO,São Paulo,SP,-23.5505,-46.6333
CLI0608,LOC_FORTALEZA,Fortaleza,CE,-3.7172,-38.5433
CLI0609,LOC_FORTALEZA,Fortaleza,CE,-3.7172,-38.5433
CLI0610,LOC_SÃO_PAULO,São Paulo,SP,-23.5505,-46.6333
CLI0611,LOC_CURITIBA,Curitiba,PR,-25.4284,-49.2733
CLI0612,LOC_RECIFE,Recife,PE,-8.0476,-34.877
CLI0613,LOC_CAMPINAS,Campinas,SP,-22.9099,-47.0626
CLI0614,LOC_CURITIBA,Curitiba,PR,-25.4284,-49.2733
CLI0615,LOC_RIO_DE_JANEIRO,Rio de Janeiro,RJ,-22.9068,-43.1729
CLI0616,LOC_PORTO_ALEGRE,Porto Alegre,RS,-30.0346,-51.2177
CLI0617,LOC_BRASÍLIA,Brasília,DF,-15.7939,-47.8828
CLI0618,LOC_FORTALEZA,Fortaleza,CE,-3.7172,-38.5433
CLI0619,LOC_BELO_HORIZONTE,Belo Horizonte,MG,-19.9167,-43.9345
CLI0620,LOC_PORTO_ALEGRE,Porto Alegre,RS,-30.0346,-51.2177
CLI0621,LOC_FORTALEZA,Fortaleza,CE,-3.7172,-38.5433
CLI0622,LOC_BRASÍLIA,Brasília,DF,-15.7939,-47.8828
CLI0623,LOC_RECIFE,Recife,PE,-8.0476,-34.877
CLI0624,LOC_BRASÍLIA,Brasília,DF,-15.7939,-47.8828
CLI0625,LOC_RECIFE,Recife,PE,-8.0476,-34.877
CLI0626,LOC_SALVADOR,Salvador,BA,-12.9777,-38.5016
CLI0627,LOC_CAMPINAS,Campinas,SP,-22.9099,-47.0626
CLI0628,LOC_RECIFE,Recife,PE,-8.0476,-34.877
CLI0629,LOC_FORTALEZA,Fortaleza,CE,-3.7172,-38.5433
CLI0630,LOC_RIO_DE_JANEIRO,Rio de Janeiro,RJ,-22.9068,-43.1729
CLI0631,LOC_SÃO_PAULO,São Paulo,SP,-23.5505,-46.6333
CLI0632,LOC_RIO_DE_JANEIRO,Rio de Janeiro,RJ,-22.9068,-43.1729
CLI0633,LOC_PORTO_ALEGRE,Porto Alegre,RS,-30.0346,-51.2177
CLI0634,LOC_CAMPINAS,Campinas,SP,-22.9099,-47.0626
CLI0635,LOC_CAMPINAS,Campinas,SP,-22.9099,-47.0626
CLI0636,LOC_CURITIBA,Curitiba,PR,-25.4284,-49.2733
CLI0637,LOC_CURITIBA,Curitiba,PR,-25.4284,-49.2733
CLI0638,LOC_RIO_DE_JANEIRO,Rio de Janeiro,RJ,-22.9068,-43.1729
CLI0639,LOC_RIO_DE_JANEIRO,Rio de Janeiro,RJ,-22.9068,-43.1729
CLI0640,LOC_RECIFE,Recife,PE,-8.0476,-34.877
CLI0641,LOC_BELO_HORIZONTE,Belo Horizonte,MG,-19.9167,-43.9345
CLI0642,LOC_PORTO_ALEGRE,Porto Alegre,RS,-30.0346,-51.2177
CLI0643,LOC_BELO_HORIZONTE,Belo Horizonte,MG,-19.9167,-43.9345
CLI0644,LOC_RIO_DE_JANEIRO,Rio de Janeiro,RJ,-22.9068,-43.1729
CLI0645,LOC_RIO_DE_JANEIRO,Rio de Janeiro,RJ,-22.9068,-43.1729
CLI0646,LOC_CAMPINAS,Campinas,SP,-22.9099,-47.0626
CLI0647,LOC_PORTO_ALEGRE,Porto Alegre,RS,-30.0346,-51.2177
CLI0648,LOC_FORTALEZA,Fortaleza,CE,-3.7172,-38.5433
CLI0649,LOC_SÃO_PAULO,São Paulo,SP,-23.5505,-46.6333
CLI0650,LOC_RECIFE,Recife,PE,-8.0476,-34.877
CLI0651,LOC_FORTALEZA,Fortaleza,CE,-3.7172,-38.5433
CLI0652,LOC_RECIFE,Recife,PE,-8.0476,-34.877
CLI0653,LOC_RECIFE,Recife,PE,-8.0476,-34.877
CLI0654,LOC_FORTALEZA,Fortaleza,CE,-3.7172,-38.5433
CLI0655,LOC_BRASÍLIA,Brasília,DF,-15.7939,-47.8828
CLI0656,LOC_SÃO_PAULO,São Paulo,SP,-23.5505,-46.6333
CLI0657,LOC_PORTO_ALEGRE,Porto Alegre,RS,-30.0346,-51.2177
CLI0658,LOC_RIO_DE_JANEIRO,Rio de Janeiro,RJ,-22.9068,-43.1729
CLI0659,LOC_RECIFE,Recife,PE,-8.0476,-34.877
CLI0660,LOC_RIO_DE_JANEIRO,Rio de Janeiro,RJ,-22.9068,-43.1729
CLI0661,LOC_BRASÍLIA,Brasília,DF,-15.7939,-47.8828
CLI0662,LOC_SÃO_PAULO,São Paulo,SP,-23.5505,-46.6333
CLI0663,LOC_RIO_DE_JANEIRO,Rio de Janeiro,RJ,-22.9068,-43.1729
CLI0664,LOC_CAMPINAS,Campinas,SP,-22.9099,-47.0626
CLI0665,LOC_RECIFE,Recife,PE,-8.0476,-34.877
CLI0666,LOC_SALVADOR,Salvador,BA,-12.9777,-38.5016
CLI0667,LOC_RECIFE,Recife,PE,-8.0476,-34.877
CLI0668,LOC_BELO_HORIZONTE,Belo Horizonte,MG,-19.9167,-43.9345
CLI0669,LOC_SALVADOR,Salvador,BA,-12.9777,-38.5016
CLI0670,LOC_RIO_DE_JANEIRO,Rio de Janeiro,RJ,-22.9068,-43.1729
CLI0671,LOC_BRASÍLIA,Brasília,DF,-15.7939,-47.8828
CLI0672,LOC_RIO_DE_JANEIRO,Rio de Janeiro,RJ,-22.9068,-43.1729
CLI0673,LOC_SALVADOR,Salvador,BA,-12.9777,-38.5016
CLI0674,LOC_PORTO_ALEGRE,Porto Alegre,RS,-30.0346,-51.2177
CLI0675,LOC_RECIFE,Recife,PE,-8.0476,-34.877
CLI0676,LOC_BRASÍLIA,Brasília,DF,-15.7939,-47.8828
CLI0677,LOC_SÃO_PAULO,São Paulo,SP,-23.5505,-46.6333
CLI0678,LOC_BRASÍLIA,Brasília,DF,-15.7939,-47.8828
CLI0679,LOC_RECIFE,Recife,PE,-8.0476,-34.877
CLI0680,LOC_BRASÍLIA,Brasília,DF,-15.7939,-47.8828
CLI0681,LOC_RIO_DE_JANEIRO,Rio de Janeiro,RJ,-22.9068,-43.1729
CLI0682,LOC_SALVADOR,Salvador,BA,-12.9777,-38.5016
CLI0683,LOC_CURITIBA,Curitiba,PR,-25.4284,-49.2733
CLI0684,LOC_BELO_HORIZONTE,Belo Horizonte,MG,-19.9167,-43.9345
CLI0685,LOC_FORTALEZA,Fortaleza,CE,-3.7172,-38.5433
CLI0686,LOC_BRASÍLIA,Brasília,DF,-15.7939,-47.8828
CLI0687,LOC_CAMPINAS,Campinas,SP,-22.9099,-47.0626
CLI0688,LOC_PORTO_ALEGRE,Porto Alegre,RS,-30.0346,-51.2177
CLI0689,LOC_FORTALEZA,Fortaleza,CE,-3.7172,-38.5433
CLI0690,LOC_CAMPINAS,Campinas,SP,-22.9099,-47.0626
CLI0691,LOC_CAMPINAS,Campinas,SP,-22.9099,-47.0626
CLI0692,LOC_PORTO_ALEGRE,Porto Alegre,RS,-30.0346,-51.2177
CLI0693,LOC_SÃO_PAULO,São Paulo,SP,-23.5505,-46.6333
CLI0694,LOC_SÃO_PAULO,São Paulo,SP,-23.5505,-46.6333
CLI0695,LOC_RIO_DE_JANEIRO,Rio de Janeiro,RJ,-22.9068,-43.1729
CLI0696,LOC_SALVADOR,Salvador,BA,-12.9777,-38.5016
CLI0697,LOC_RIO_DE_JANEIRO,Rio de Janeiro,RJ,-22.9068,-43.1729
CLI0698,LOC_RIO_DE_JANEIRO,Rio de Janeiro,RJ,-22.9068,-43.1729
CLI0699,LOC_BELO_HORIZONTE,Belo Horizonte,MG,-19.9167,-43.9345
CLI0700,LOC_BRASÍLIA,Brasília,DF,-15.7939,-47.8828
CLI0701,LOC_PORTO_ALEGRE,Porto Alegre,RS,-30.0346,-51.2177
CLI0702,LOC_PORTO_ALEGRE,Porto Alegre,RS,-30.0346,-51.2177
CLI0703,LOC_SALVADOR,Salvador,BA,-12.9777,-38.5016
CLI0704,LOC_CAMPINAS,Campinas,SP,-22.9099,-47.0626
CLI0705,LOC_RIO_DE_JANEIRO,Rio de Janeiro,RJ,-22.9068,-43.1729
CLI0706,LOC_SALVADOR,Salvador,BA,-12.9777,-38.5016
CLI0707,LOC_CAMPINAS,Campinas,SP,-22.9099,-47.0626
CLI0708,LOC_RIO_DE_JANEIRO,Rio de Janeiro,RJ,-22.9068,-43.1729
CLI0709,LOC_BELO_HORIZONTE,Belo Horizonte,MG,-19.9167,-43.9345
CLI0710,LOC_BRASÍLIA,Brasília,DF,-15.7939,-47.8828
CLI0711,LOC_RECIFE,Recife,PE,-8.0476,-34.877
CLI0712,LOC_SALVADOR,Salvador,BA,-12.9777,-38.5016
CLI0713,LOC_CURITIBA,Curitiba,PR,-25.4284,-49.2733
CLI0714,LOC_SALVADOR,Salvador,BA,-12.9777,-38.5016
CLI0715,LOC_FORTALEZA,Fortaleza,CE,-3.7172,-38.5433
CLI0716,LOC_PORTO_ALEGRE,Porto Alegre,RS,-30.0346,-51.2177
CLI0717,LOC_CAMPINAS,Campinas,SP,-22.9099,-47.0626
CLI0718,LOC_CAMPINAS,Campinas,SP,-22.9099,-47.0626
CLI0719,LOC_CAMPINAS,Campinas,SP,-22.9099,-47.0626
CLI0720,LOC_BELO_HORIZONTE,Belo Horizonte,MG,-19.9167,-43.9345
CLI0721,LOC_BRASÍLIA,Brasília,DF,-15.7939,-47.8828
CLI0722,LOC_SÃO_PAULO,São Paulo,SP,-23.5505,-46.6333
CLI0723,LOC_CURITIBA,Curitiba,PR,-25.4284,-49.2733
CLI0724,LOC_SÃO_PAULO,São Paulo,SP,-23.5505,-46.6333
CLI0725,LOC_RECIFE,Recife,PE,-8.0476,-34.877
CLI0726,LOC_SALVADOR,Salvador,BA,-12.9777,-38.5016
CLI0727,LOC_CURITIBA,Curitiba,PR,-25.4284,-49.2733
CLI0728,LOC_CURITIBA,Curitiba,PR,-25.4284,-49.2733
CLI0729,LOC_BELO_HORIZONTE,Belo Horizonte,MG,-19.9167,-43.9345
CLI0730,LOC_SÃO_PAULO,São Paulo,SP,-23.5505,-46.6333
CLI0731,LOC_PORTO_ALEGRE,Porto Alegre,RS,-30.0346,-51.2177
CLI0732,LOC_BRASÍLIA,Brasília,DF,-15.7939,-47.8828
CLI0733,LOC_PORTO_ALEGRE,Porto Alegre,RS,-30.0346,-51.2177
CLI0734,LOC_BELO_HORIZONTE,Belo Horizonte,MG,-19.9167,-43.9345
CLI0735,LOC_SALVADOR,Salvador,BA,-12.9777,-38.5016
CLI0736,LOC_PORTO_ALEGRE,Porto Alegre,RS,-30.0346,-51.2177
CLI0737,LOC_BRASÍLIA,Brasília,DF,-15.7939,-47.8828
CLI0738,LOC_SALVADOR,Salvador,BA,-12.9777,-38.5016
CLI0739,LOC_PORTO_ALEGRE,Porto Alegre,RS,-30.0346,-51.2177
CLI0740,LOC_CURITIBA,Curitiba,PR,-25.4284,-49.2733
CLI0741,LOC_RECIFE,Recife,PE,-8.0476,-34.877
CLI0742,LOC_SALVADOR,Salvador,BA,-12.9777,-38.5016
CLI0743,LOC_BELO_HORIZONTE,Belo Horizonte,MG,-19.9167,-43.9345
CLI0744,LOC_FORTALEZA,Fortaleza,CE,-3.7172,-38.5433
CLI0745,LOC_CAMPINAS,Campinas,SP,-22.9099,-47.0626
CLI0746,LOC_BELO_HORIZONTE,Belo Horizonte,MG,-19.9167,-43.9345
CLI0747,LOC_CURITIBA,Curitiba,PR,-25.4284,-49.2733
CLI0748,LOC_CURITIBA,Curitiba,PR,-25.4284,-49.2733
CLI0749,LOC_FORTALEZA,Fortaleza,CE,-3.7172,-38.5433
CLI0750,LOC_RECIFE,Recife,PE,-8.0476,-34.877
CLI0751,LOC_RIO_DE_JANEIRO,Rio de Janeiro,RJ,-22.9068,-43.1729
CLI0752,LOC_BRASÍLIA,Brasília,DF,-15.7939,-47.8828
CLI0753,LOC_SÃO_PAULO,São Paulo,SP,-23.5505,-46.6333
CLI0754,LOC_BELO_HORIZONTE,Belo Horizonte,MG,-19.9167,-43.9345
CLI0755,LOC_SÃO_PAULO,São Paulo,SP,-23.5505,-46.6333
CLI0756,LOC_BRASÍLIA,Brasília,DF,-15.7939,-47.8828
CLI0757,LOC_CURITIBA,Curitiba,PR,-25.4284,-49.2733
CLI0758,LOC_RIO_DE_JANEIRO,Rio de Janeiro,RJ,-22.9068,-43.1729
CLI0759,LOC_BRASÍLIA,Brasília,DF,-15.7939,-47.8828
CLI0760,LOC_RECIFE,Recife,PE,-8.0476,-34.877
CLI0761,LOC_RIO_DE_JANEIRO,Rio de Janeiro,RJ,-22.9068,-43.1729
CLI0762,LOC_RECIFE,Recife,PE,-8.0476,-34.877
CLI0763,LOC_CAMPINAS,Campinas,SP,-22.9099,-47.0626
CLI0764,LOC_RIO_DE_JANEIRO,Rio de Janeiro,RJ,-22.9068,-43.1729
CLI0765,LOC_BELO_HORIZONTE,Belo Horizonte,MG,-19.9167,-43.9345
CLI0766,LOC_BRASÍLIA,Brasília,DF,-15.7939,-47.8828
CLI0767,LOC_CURITIBA,Curitiba,PR,-25.4284,-49.2733
CLI0768,LOC_CURITIBA,Curitiba,PR,-25.4284,-49.2733
CLI0769,LOC_RIO_DE_JANEIRO,Rio de Janeiro,RJ,-22.9068,-43.1729
CLI0770,LOC_CURITIBA,Curitiba,PR,-25.4284,-49.2733
CLI0771,LOC_CAMPINAS,Campinas,SP,-22.9099,-47.0626
CLI0772,LOC_FORTALEZA,Fortaleza,CE,-3.7172,-38.5433
CLI0773,LOC_BELO_HORIZONTE,Belo Horizonte,MG,-19.9167,-43.9345
CLI0774,LOC_SALVADOR,Salvador,BA,-12.9777,-38.5016
CLI0775,LOC_PORTO_ALEGRE,Porto Alegre,RS,-30.0346,-51.2177
CLI0776,LOC_SÃO_PAULO,São Paulo,SP,-23.5505,-46.6333
CLI0777,LOC_FORTALEZA,Fortaleza,CE,-3.7172,-38.5433
CLI0778,LOC_RECIFE,Recife,PE,-8.0476,-34.877
CLI0779,LOC_PORTO_ALEGRE,Porto Alegre,RS,-30.0346,-51.2177
CLI0780,LOC_RECIFE,Recife,PE,-8.0476,-34.877
CLI0781,LOC_PORTO_ALEGRE,Porto Alegre,RS,-30.0346,-51.2177
CLI0782,LOC_CURITIBA,Curitiba,PR,-25.4284,-49.2733
CLI0783,LOC_BELO_HORIZONTE,Belo Horizonte,MG,-19.9167,-43.9345
CLI0784,LOC_SÃO_PAULO,São Paulo,SP,-23.5505,-46.6333
CLI0785,LOC_FORTALEZA,Fortaleza,CE,-3.7172,-38.5433
CLI0786,LOC_SALVADOR,Salvador,BA,-12.9777,-38.5016
CLI0787,LOC_RIO_DE_JANEIRO,Rio de Janeiro,RJ,-22.9068,-43.1729
CLI0788,LOC_SALVADOR,Salvador,BA,-12.9777,-38.5016
CLI0789,LOC_RIO_DE_JANEIRO,Rio de Janeiro,RJ,-22.9068,-43.1729
CLI0790,LOC_BRASÍLIA,Brasília,DF,-15.7939,-47.8828
CLI0791,LOC_BELO_HORIZONTE,Belo Horizonte,MG,-19.9167,-43.9345
CLI0792,LOC_FORTALEZA,Fortaleza,CE,-3.7172,-38.5433
CLI0793,LOC_CAMPINAS,Campinas,SP,-22.9099,-47.0626
CLI0794,LOC_RIO_DE_JANEIRO,Rio de Janeiro,RJ,-22.9068,-43.1729
CLI0795,LOC_SÃO_PAULO,São Paulo,SP,-23.5505,-46.6333
CLI0796,LOC_FORTALEZA,Fortaleza,CE,-3.7172,-38.5433
CLI0797,LOC_SALVADOR,Salvador,BA,-12.9777,-38.5016
CLI0798,LOC_SALVADOR,Salvador,BA,-12.9777,-38.5016
CLI0799,LOC_BELO_HORIZONTE,Belo Horizonte,MG,-19.9167,-43.9345
CLI0800,LOC_CURITIBA,Curitiba,PR,-25.4284,-49.2733
CLI0801,LOC_BELO_HORIZONTE,Belo Horizonte,MG,-19.9167,-43.9345
CLI0802,LOC_BELO_HORIZONTE,Belo Horizonte,MG,-19.9167,-43.9345
CLI0803,LOC_BRASÍLIA,Brasília,DF,-15.7939,-47.8828
CLI0804,LOC_BELO_HORIZONTE,Belo Horizonte,MG,-19.9167,-43.9345
CLI0805,LOC_FORTALEZA,Fortaleza,CE,-3.7172,-38.5433
CLI0806,LOC_FORTALEZA,Fortaleza,CE,-3.7172,-38.5433
CLI0807,LOC_SALVADOR,Salvador,BA,-12.9777,-38.5016
CLI0808,LOC_RIO_DE_JANEIRO,Rio de Janeiro,RJ,-22.9068,-43.1729
CLI0809,LOC_FORTALEZA,Fortaleza,CE,-3.7172,-38.5433
CLI0810,LOC_RIO_DE_JANEIRO,Rio de Janeiro,RJ,-22.9068,-43.1729
CLI0811,LOC_SÃO_PAULO,São Paulo,SP,-23.5505,-46.6333
CLI0812,LOC_CAMPINAS,Campinas,SP,-22.9099,-47.0626
CLI0813,LOC_BELO_HORIZONTE,Belo Horizonte,MG,-19.9167,-43.9345
CLI0814,LOC_RECIFE,Recife,PE,-8.0476,-34.877
CLI0815,LOC_CAMPINAS,Campinas,SP,-22.9099,-47.0626
CLI0816,LOC_BRASÍLIA,Brasília,DF,-15.7939,-47.8828
CLI0817,LOC_CURITIBA,Curitiba,PR,-25.4284,-49.2733
CLI0818,LOC_BRASÍLIA,Brasília,DF,-15.7939,-47.8828
CLI0819,LOC_BELO_HORIZONTE,Belo Horizonte,MG,-19.9167,-43.9345
CLI0820,LOC_SÃO_PAULO,São Paulo,SP,-23.5505,-46.6333
CLI0821,LOC_SALVADOR,Salvador,BA,-12.9777,-38.5016
CLI0822,LOC_RIO_DE_JANEIRO,Rio de Janeiro,RJ,-22.9068,-43.1729
CLI0823,LOC_RECIFE,Recife,PE,-8.0476,-34.877
CLI0824,LOC_SÃO_PAULO,São Paulo,SP,-23.5505,-46.6333
CLI0825,LOC_BRASÍLIA,Brasília,DF,-15.7939,-47.8828
CLI0826,LOC_RIO_DE_JANEIRO,Rio de Janeiro,RJ,-22.9068,-43.1729
CLI0827,LOC_CAMPINAS,Campinas,SP,-22.9099,-47.0626
CLI0828,LOC_SALVADOR,Salvador,BA,-12.9777,-38.5016
CLI0829,LOC_BRASÍLIA,Brasília,DF,-15.7939,-47.8828
CLI0830,LOC_RECIFE,Recife,PE,-8.0476,-34.877
CLI0831,LOC_RECIFE,Recife,PE,-8.0476,-34.877
CLI0832,LOC_FORTALEZA,Fortaleza,CE,-3.7172,-38.5433
CLI0833,LOC_BRASÍLIA,Brasília,DF,-15.7939,-47.8828
CLI0834,LOC_SÃO_PAULO,São Paulo,SP,-23.5505,-46.6333
CLI0835,LOC_RECIFE,Recife,PE,-8.0476,-34.877
CLI0836,LOC_RIO_DE_JANEIRO,Rio de Janeiro,RJ,-22.9068,-43.1729
CLI0837,LOC_RECIFE,Recife,PE,-8.0476,-34.877
CLI0838,LOC_CURITIBA,Curitiba,PR,-25.4284,-49.2733
CLI0839,LOC_SALVADOR,Salvador,BA,-12.9777,-38.5016
CLI0840,LOC_FORTALEZA,Fortaleza,CE,-3.7172,-38.5433
CLI0841,LOC_RIO_DE_JANEIRO,Rio de Janeiro,RJ,-22.9068,-43.1729
CLI0842,LOC_RIO_DE_JANEIRO,Rio de Janeiro,RJ,-22.9068,-43.1729
CLI0843,LOC_FORTALEZA,Fortaleza,CE,-3.7172,-38.5433
CLI0844,LOC_PORTO_ALEGRE,Porto Alegre,RS,-30.0346,-51.2177
CLI0845,LOC_RECIFE,Recife,PE,-8.0476,-34.877
CLI0846,LOC_CURITIBA,Curitiba,PR,-25.4284,-49.2733
CLI0847,LOC_RECIFE,Recife,PE,-8.0476,-34.877
CLI0848,LOC_BRASÍLIA,Brasília,DF,-15.7939,-47.8828
CLI0849,LOC_SÃO_PAULO,São Paulo,SP,-23.5505,-46.6333
CLI0850,LOC_SALVADOR,Salvador,BA,-12.9777,-38.5016
CLI0851,LOC_SÃO_PAULO,São Paulo,SP,-23.5505,-46.6333
CLI0852,LOC_CAMPINAS,Campinas,SP,-22.9099,-47.0626
CLI0853,LOC_CURITIBA,Curitiba,PR,-25.4284,-49.2733
CLI0854,LOC_BELO_HORIZONTE,Belo Horizonte,MG,-19.9167,-43.9345
CLI0855,LOC_RIO_DE_JANEIRO,Rio de Janeiro,RJ,-22.9068,-43.1729
CLI0856,LOC_SÃO_PAULO,São Paulo,SP,-23.5505,-46.6333
CLI0857,LOC_RIO_DE_JANEIRO,Rio de Janeiro,RJ,-22.9068,-43.1729
CLI0858,LOC_BRASÍLIA,Brasília,DF,-15.7939,-47.8828
CLI0859,LOC_SÃO_PAULO,São Paulo,SP,-23.5505,-46.6333
CLI0860,LOC_PORTO_ALEGRE,Porto Alegre,RS,-30.0346,-51.2177
CLI0861,LOC_BRASÍLIA,Brasília,DF,-15.7939,-47.8828
CLI0862,LOC_PORTO_ALEGRE,Porto Alegre,RS,-30.0346,-51.2177
CLI0863,LOC_RECIFE,Recife,PE,-8.0476,-34.877
CLI0864,LOC_RECIFE,Recife,PE,-8.0476,-34.877
CLI0865,LOC_CURITIBA,Curitiba,PR,-25.4284,-49.2733
CLI0866,LOC_CAMPINAS,Campinas,SP,-22.9099,-47.0626
CLI0867,LOC_BRASÍLIA,Brasília,DF,-15.7939,-47.8828
CLI0868,LOC_RECIFE,Recife,PE,-8.0476,-34.877
CLI0869,LOC_RECIFE,Recife,PE,-8.0476,-34.877
CLI0870,LOC_CAMPINAS,Campinas,SP,-22.9099,-47.0626
CLI0871,LOC_SALVADOR,Salvador,BA,-12.9777,-38.5016
CLI0872,LOC_FORTALEZA,Fortaleza,CE,-3.7172,-38.5433
CLI0873,LOC_CURITIBA,Curitiba,PR,-25.4284,-49.2733
CLI0874,LOC_RECIFE,Recife,PE,-8.0476,-34.877
CLI0875,LOC_CURITIBA,Curitiba,PR,-25.4284,-49.2733
CLI0876,LOC_RIO_DE_JANEIRO,Rio de Janeiro,RJ,-22.9068,-43.1729
CLI0877,LOC_SALVADOR,Salvador,BA,-12.9777,-38.5016
CLI0878,LOC_BRASÍLIA,Brasília,DF,-15.7939,-47.8828
CLI0879,LOC_FORTALEZA,Fortaleza,CE,-3.7172,-38.5433
CLI0880,LOC_BRASÍLIA,Brasília,DF,-15.7939,-47.8828
CLI0881,LOC_RECIFE,Recife,PE,-8.0476,-34.877
CLI0882,LOC_RIO_DE_JANEIRO,Rio de Janeiro,RJ,-22.9068,-43.1729
CLI0883,LOC_RIO_DE_JANEIRO,Rio de Janeiro,RJ,-22.9068,-43.1729
CLI0884,LOC_PORTO_ALEGRE,Porto Alegre,RS,-30.0346,-51.2177
CLI0885,LOC_RECIFE,Recife,PE,-8.0476,-34.877
CLI0886,LOC_RECIFE,Recife,PE,-8.0476,-34.877
CLI0887,LOC_BRASÍLIA,Brasília,DF,-15.7939,-47.8828
CLI0888,LOC_SALVADOR,Salvador,BA,-12.9777,-38.5016
CLI0889,LOC_BELO_HORIZONTE,Belo Horizonte,MG,-19.9167,-43.9345
CLI0890,LOC_RECIFE,Recife,PE,-8.0476,-34.877
CLI0891,LOC_BRASÍLIA,Brasília,DF,-15.7939,-47.8828
CLI0892,LOC_FORTALEZA,Fortaleza,CE,-3.7172,-38.5433
CLI0893,LOC_CAMPINAS,Campinas,SP,-22.9099,-47.0626
CLI0894,LOC_SÃO_PAULO,São Paulo,SP,-23.5505,-46.6333
CLI0895,LOC_RECIFE,Recife,PE,-8.0476,-34.877
CLI0896,LOC_BRASÍLIA,Brasília,DF,-15.7939,-47.8828
CLI0897,LOC_BRASÍLIA,Brasília,DF,-15.7939,-47.8828
CLI0898,LOC_RECIFE,Recife,PE,-8.0476,-34.877
CLI0899,LOC_CAMPINAS,Campinas,SP,-22.9099,-47.0626
CLI0900,LOC_RECIFE,Recife,PE,-8.0476,-34.877
CLI0901,LOC_CURITIBA,Curitiba,PR,-25.4284,-49.2733
CLI0902,LOC_BRASÍLIA,Brasília,DF,-15.7939,-47.8828
CLI0903,LOC_RECIFE,Recife,PE,-8.0476,-34.877
CLI0904,LOC_BELO_HORIZONTE,Belo Horizonte,MG,-19.9167,-43.9345
CLI0905,LOC_RIO_DE_JANEIRO,Rio de Janeiro,RJ,-22.9068,-43.1729
CLI0906,LOC_SALVADOR,Salvador,BA,-12.9777,-38.5016
CLI0907,LOC_RIO_DE_JANEIRO,Rio de Janeiro,RJ,-22.9068,-43.1729
CLI0908,LOC_BELO_HORIZONTE,Belo Horizonte,MG,-19.9167,-43.9345
CLI0909,LOC_FORTALEZA,Fortaleza,CE,-3.7172,-38.5433
CLI0910,LOC_CAMPINAS,Campinas,SP,-22.9099,-47.0626
CLI0911,LOC_PORTO_ALEGRE,Porto Alegre,RS,-30.0346,-51.2177
CLI0912,LOC_CURITIBA,Curitiba,PR,-25.4284,-49.2733
CLI0913,LOC_BRASÍLIA,Brasília,DF,-15.7939,-47.8828
CLI0914,LOC_RECIFE,Recife,PE,-8.0476,-34.877
CLI0915,LOC_PORTO_ALEGRE,Porto Alegre,RS,-30.0346,-51.2177
CLI0916,LOC_SÃO_PAULO,São Paulo,SP,-23.5505,-46.6333
CLI0917,LOC_RIO_DE_JANEIRO,Rio de Janeiro,RJ,-22.9068,-43.1729
CLI0918,LOC_SÃO_PAULO,São Paulo,SP,-23.5505,-46.6333
CLI0919,LOC_PORTO_ALEGRE,Porto Alegre,RS,-30.0346,-51.2177
CLI0920,LOC_SALVADOR,Salvador,BA,-12.9777,-38.5016
CLI0921,LOC_CAMPINAS,Campinas,SP,-22.9099,-47.0626
CLI0922,LOC_SÃO_PAULO,São Paulo,SP,-23.5505,-46.6333
CLI0923,LOC_SALVADOR,Salvador,BA,-12.9777,-38.5016
CLI0924,LOC_RIO_DE_JANEIRO,Rio de Janeiro,RJ,-22.9068,-43.1729
CLI0925,LOC_RECIFE,Recife,PE,-8.0476,-34.877
CLI0926,LOC_RIO_DE_JANEIRO,Rio de Janeiro,RJ,-22.9068,-43.1729
CLI0927,LOC_BELO_HORIZONTE,Belo Horizonte,MG,-19.9167,-43.9345
CLI0928,LOC_FORTALEZA,Fortaleza,CE,-3.7172,-38.5433
CLI0929,LOC_FORTALEZA,Fortaleza,CE,-3.7172,-38.5433
CLI0930,LOC_SALVADOR,Salvador,BA,-12.9777,-38.5016
CLI0931,LOC_SALVADOR,Salvador,BA,-12.9777,-38.5016
CLI0932,LOC_RIO_DE_JANEIRO,Rio de Janeiro,RJ,-22.9068,-43.1729
CLI0933,LOC_BRASÍLIA,Brasília,DF,-15.7939,-47.8828
CLI0934,LOC_SÃO_PAULO,São Paulo,SP,-23.5505,-46.6333
CLI0935,LOC_BELO_HORIZONTE,Belo Horizonte,MG,-19.9167,-43.9345
CLI0936,LOC_CAMPINAS,Campinas,SP,-22.9099,-47.0626
CLI0937,LOC_CURITIBA,Curitiba,PR,-25.4284,-49.2733
CLI0938,LOC_CAMPINAS,Campinas,SP,-22.9099,-47.0626
CLI0939,LOC_BELO_HORIZONTE,Belo Horizonte,MG,-19.9167,-43.9345
CLI0940,LOC_SALVADOR,Salvador,BA,-12.9777,-38.5016
CLI0941,LOC_BRASÍLIA,Brasília,DF,-15.7939,-47.8828
CLI0942,LOC_FORTALEZA,Fortaleza,CE,-3.7172,-38.5433
CLI0943,LOC_BRASÍLIA,Brasília,DF,-15.7939,-47.8828
CLI0944,LOC_RECIFE,Recife,PE,-8.0476,-34.877
CLI0945,LOC_SALVADOR,Salvador,BA,-12.9777,-38.5016
CLI0946,LOC_CAMPINAS,Campinas,SP,-22.9099,-47.0626
CLI0947,LOC_BELO_HORIZONTE,Belo Horizonte,MG,-19.9167,-43.9345
CLI0948,LOC_RIO_DE_JANEIRO,Rio de Janeiro,RJ,-22.9068,-43.1729
CLI0949,LOC_SALVADOR,Salvador,BA,-12.9777,-38.5016
CLI0950,LOC_SALVADOR,Salvador,BA,-12.9777,-38.5016
CLI0951,LOC_RECIFE,Recife,PE,-8.0476,-34.877
CLI0952,LOC_FORTALEZA,Fortaleza,CE,-3.7172,-38.5433
CLI0953,LOC_SALVADOR,Salvador,BA,-12.9777,-38.5016
CLI0954,LOC_CAMPINAS,Campinas,SP,-22.9099,-47.0626
CLI0955,LOC_FORTALEZA,Fortaleza,CE,-3.7172,-38.5433
CLI0956,LOC_SÃO_PAULO,São Paulo,SP,-23.5505,-46.6333
CLI0957,LOC_BELO_HORIZONTE,Belo Horizonte,MG,-19.9167,-43.9345
CLI0958,LOC_BRASÍLIA,Brasília,DF,-15.7939,-47.8828
CLI0959,LOC_PORTO_ALEGRE,Porto Alegre,RS,-30.0346,-51.2177
CLI0960,LOC_BELO_HORIZONTE,Belo Horizonte,MG,-19.9167,-43.9345
CLI0961,LOC_PORTO_ALEGRE,Porto Alegre,RS,-30.0346,-51.2177
CLI0962,LOC_PORTO_ALEGRE,Porto Alegre,RS,-30.0346,-51.2177
CLI0963,LOC_BELO_HORIZONTE,Belo Horizonte,MG,-19.9167,-43.9345
CLI0964,LOC_BELO_HORIZONTE,Belo Horizonte,MG,-19.9167,-43.9345
CLI0965,LOC_FORTALEZA,Fortaleza,CE,-3.7172,-38.5433
CLI0966,LOC_SALVADOR,Salvador,BA,-12.9777,-38.5016
CLI0967,LOC_RIO_DE_JANEIRO,Rio de Janeiro,RJ,-22.9068,-43.1729
CLI0968,LOC_RIO_DE_JANEIRO,Rio de Janeiro,RJ,-22.9068,-43.1729
CLI0969,LOC_RIO_DE_JANEIRO,Rio de Janeiro,RJ,-22.9068,-43.1729
CLI0970,LOC_BELO_HORIZONTE,Belo Horizonte,MG,-19.9167,-43.9345
CLI0971,LOC_BELO_HORIZONTE,Belo Horizonte,MG,-19.9167,-43.9345
CLI0972,LOC_BRASÍLIA,Brasília,DF,-15.7939,-47.8828
CLI0973,LOC_RECIFE,Recife,PE,-8.0476,-34.877
CLI0974,LOC_CURITIBA,Curitiba,PR,-25.4284,-49.2733
CLI0975,LOC_RIO_DE_JANEIRO,Rio de Janeiro,RJ,-22.9068,-43.1729
CLI0976,LOC_RECIFE,Recife,PE,-8.0476,-34.877
CLI0977,LOC_RIO_DE_JANEIRO,Rio de Janeiro,RJ,-22.9068,-43.1729
CLI0978,LOC_SÃO_PAULO,São Paulo,SP,-23.5505,-46.6333
CLI0979,LOC_CURITIBA,Curitiba,PR,-25.4284,-49.2733
CLI0980,LOC_FORTALEZA,Fortaleza,CE,-3.7172,-38.5433
CLI0981,LOC_CAMPINAS,Campinas,SP,-22.9099,-47.0626
CLI0982,LOC_SÃO_PAULO,São Paulo,SP,-23.5505,-46.6333
CLI0983,LOC_PORTO_ALEGRE,Porto Alegre,RS,-30.0346,-51.2177
CLI0984,LOC_BRASÍLIA,Brasília,DF,-15.7939,-47.8828
CLI0985,LOC_CAMPINAS,Campinas,SP,-22.9099,-47.0626
CLI0986,LOC_BELO_HORIZONTE,Belo Horizonte,MG,-19.9167,-43.9345
CLI0987,LOC_CAMPINAS,Campinas,SP,-22.9099,-47.0626
CLI0988,LOC_BELO_HORIZONTE,Belo Horizonte,MG,-19.9167,-43.9345
CLI0989,LOC_CAMPINAS,Campinas,SP,-22.9099,-47.0626
CLI0990,LOC_PORTO_ALEGRE,Porto Alegre,RS,-30.0346,-51.2177
CLI0991,LOC_FORTALEZA,Fortaleza,CE,-3.7172,-38.5433
CLI0992,LOC_CAMPINAS,Campinas,SP,-22.9099,-47.0626
CLI0993,LOC_CAMPINAS,Campinas,SP,-22.9099,-47.0626
CLI0994,LOC_CURITIBA,Curitiba,PR,-25.4284,-49.2733
CLI0995,LOC_PORTO_ALEGRE,Porto Alegre,RS,-30.0346,-51.2177
CLI0996,LOC_BRASÍLIA,Brasília,DF,-15.7939,-47.8828
CLI0997,LOC_SALVADOR,Salvador,BA,-12.9777,-38.5016
CLI0998,LOC_RECIFE,Recife,PE,-8.0476,-34.877
CLI0999,LOC_SALVADOR,Salvador,BA,-12.9777,-38.5016
CLI1000,LOC_BRASÍLIA,Brasília,DF,-15.7939,-47.8828
CLI1001,LOC_RIO_DE_JANEIRO,Rio de Janeiro,RJ,-22.9068,-43.1729
CLI1002,LOC_BRASÍLIA,Brasília,DF,-15.7939,-47.8828
CLI1003,LOC_FORTALEZA,Fortaleza,CE,-3.7172,-38.5433
CLI1004,LOC_FORTALEZA,Fortaleza,CE,-3.7172,-38.5433
CLI1005,LOC_SALVADOR,Salvador,BA,-12.9777,-38.5016
CLI1006,LOC_PORTO_ALEGRE,Porto Alegre,RS,-30.0346,-51.2177
CLI1007,LOC_BELO_HORIZONTE,Belo Horizonte,MG,-19.9167,-43.9345
CLI1008,LOC_RIO_DE_JANEIRO,Rio de Janeiro,RJ,-22.9068,-43.1729
CLI1009,LOC_FORTALEZA,Fortaleza,CE,-3.7172,-38.5433
CLI1010,LOC_SALVADOR,Salvador,BA,-12.9777,-38.5016
CLI1011,LOC_PORTO_ALEGRE,Porto Alegre,RS,-30.0346,-51.2177
CLI1012,LOC_CAMPINAS,Campinas,SP,-22.9099,-47.0626
CLI1013,LOC_PORTO_ALEGRE,Porto Alegre,RS,-30.0346,-51.2177
CLI1014,LOC_BELO_HORIZONTE,Belo Horizonte,MG,-19.9167,-43.9345
CLI1015,LOC_CAMPINAS,Campinas,SP,-22.9099,-47.0626
CLI1016,LOC_PORTO_ALEGRE,Porto Alegre,RS,-30.0346,-51.2177
CLI1017,LOC_BRASÍLIA,Brasília,DF,-15.7939,-47.8828
CLI1018,LOC_SÃO_PAULO,São Paulo,SP,-23.5505,-46.6333
CLI1019,LOC_BELO_HORIZONTE,Belo Horizonte,MG,-19.9167,-43.9345
CLI1020,LOC_CURITIBA,Curitiba,PR,-25.4284,-49.2733
CLI1021,LOC_BRASÍLIA,Brasília,DF,-15.7939,-47.8828
CLI1022,LOC_FORTALEZA,Fortaleza,CE,-3.7172,-38.5433
CLI1023,LOC_BELO_HORIZONTE,Belo Horizonte,MG,-19.9167,-43.9345
CLI1024,LOC_BRASÍLIA,Brasília,DF,-15.7939,-47.8828
CLI1025,LOC_RECIFE,Recife,PE,-8.0476,-34.877
CLI1026,LOC_BRASÍLIA,Brasília,DF,-15.7939,-47.8828
CLI1027,LOC_SALVADOR,Salvador,BA,-12.9777,-38.5016
CLI1028,LOC_PORTO_ALEGRE,Porto Alegre,RS,-30.0346,-51.2177
CLI1029,LOC_BRASÍLIA,Brasília,DF,-15.7939,-47.8828
CLI1030,LOC_RECIFE,Recife,PE,-8.0476,-34.877
CLI1031,LOC_BRASÍLIA,Brasília,DF,-15.7939,-47.8828
CLI1032,LOC_PORTO_ALEGRE,Porto Alegre,RS,-30.0346,-51.2177
CLI1033,LOC_RECIFE,Recife,PE,-8.0476,-34.877
CLI1034,LOC_RIO_DE_JANEIRO,Rio de Janeiro,RJ,-22.9068,-43.1729
CLI1035,LOC_BELO_HORIZONTE,Belo Horizonte,MG,-19.9167,-43.9345
CLI1036,LOC_BRASÍLIA,Brasília,DF,-15.7939,-47.8828
CLI1037,LOC_SALVADOR,Salvador,BA,-12.9777,-38.5016
CLI1038,LOC_FORTALEZA,Fortaleza,CE,-3.7172,-38.5433
CLI1039,LOC_BELO_HORIZONTE,Belo Horizonte,MG,-19.9167,-43.9345
CLI1040,LOC_BELO_HORIZONTE,Belo Horizonte,MG,-19.9167,-43.9345
CLI1041,LOC_SALVADOR,Salvador,BA,-12.9777,-38.5016
CLI1042,LOC_BELO_HORIZONTE,Belo Horizonte,MG,-19.9167,-43.9345
CLI1043,LOC_CURITIBA,Curitiba,PR,-25.4284,-49.2733
CLI1044,LOC_SALVADOR,Salvador,BA,-12.9777,-38.5016
CLI1045,LOC_BRASÍLIA,Brasília,DF,-15.7939,-47.8828
CLI1046,LOC_BRASÍLIA,Brasília,DF,-15.7939,-47.8828
CLI1047,LOC_SÃO_PAULO,São Paulo,SP,-23.5505,-46.6333
CLI1048,LOC_BELO_HORIZONTE,Belo Horizonte,MG,-19.9167,-43.9345
CLI1049,LOC_RECIFE,Recife,PE,-8.0476,-34.877
CLI1050,LOC_BELO_HORIZONTE,Belo Horizonte,MG,-19.9167,-43.9345
CLI1051,LOC_SÃO_PAULO,São Paulo,SP,-23.5505,-46.6333
CLI1052,LOC_SÃO_PAULO,São Paulo,SP,-23.5505,-46.6333
CLI1053,LOC_SÃO_PAULO,São Paulo,SP,-23.5505,-46.6333
CLI1054,LOC_SÃO_PAULO,São Paulo,SP,-23.5505,-46.6333
CLI1055,LOC_SÃO_PAULO,São Paulo,SP,-23.5505,-46.6333
CLI1056,LOC_BRASÍLIA,Brasília,DF,-15.7939,-47.8828
CLI1057,LOC_RECIFE,Recife,PE,-8.0476,-34.877
CLI1058,LOC_BRASÍLIA,Brasília,DF,-15.7939,-47.8828
CLI1059,LOC_FORTALEZA,Fortaleza,CE,-3.7172,-38.5433
CLI1060,LOC_RIO_DE_JANEIRO,Rio de Janeiro,RJ,-22.9068,-43.1729
CLI1061,LOC_PORTO_ALEGRE,Porto Alegre,RS,-30.0346,-51.2177
CLI1062,LOC_RIO_DE_JANEIRO,Rio de Janeiro,RJ,-22.9068,-43.1729
CLI1063,LOC_RECIFE,Recife,PE,-8.0476,-34.877
CLI1064,LOC_PORTO_ALEGRE,Porto Alegre,RS,-30.0346,-51.2177
CLI1065,LOC_FORTALEZA,Fortaleza,CE,-3.7172,-38.5433
CLI1066,LOC_SALVADOR,Salvador,BA,-12.9777,-38.5016
CLI1067,LOC_CAMPINAS,Campinas,SP,-22.9099,-47.0626
CLI1068,LOC_PORTO_ALEGRE,Porto Alegre,RS,-30.0346,-51.2177
CLI1069,LOC_BRASÍLIA,Brasília,DF,-15.7939,-47.8828
CLI1070,LOC_SALVADOR,Salvador,BA,-12.9777,-38.5016
CLI1071,LOC_CURITIBA,Curitiba,PR,-25.4284,-49.2733
CLI1072,LOC_BRASÍLIA,Brasília,DF,-15.7939,-47.8828
CLI1073,LOC_SALVADOR,Salvador,BA,-12.9777,-38.5016
CLI1074,LOC_CAMPINAS,Campinas,SP,-22.9099,-47.0626
CLI1075,LOC_CAMPINAS,Campinas,SP,-22.9099,-47.0626
CLI1076,LOC_BELO_HORIZONTE,Belo Horizonte,MG,-19.9167,-43.9345
CLI1077,LOC_BRASÍLIA,Brasília,DF,-15.7939,-47.8828
CLI1078,LOC_RECIFE,Recife,PE,-8.0476,-34.877
CLI1079,LOC_RIO_DE_JANEIRO,Rio de Janeiro,RJ,-22.9068,-43.1729
CLI1080,LOC_RECIFE,Recife,PE,-8.0476,-34.877
CLI1081,LOC_CAMPINAS,Campinas,SP,-22.9099,-47.0626
CLI1082,LOC_SALVADOR,Salvador,BA,-12.9777,-38.5016
CLI1083,LOC_SÃO_PAULO,São Paulo,SP,-23.5505,-46.6333
CLI1084,LOC_BELO_HORIZONTE,Belo Horizonte,MG,-19.9167,-43.9345
CLI1085,LOC_SALVADOR,Salvador,BA,-12.9777,-38.5016
CLI1086,LOC_PORTO_ALEGRE,Porto Alegre,RS,-30.0346,-51.2177
CLI1087,LOC_CAMPINAS,Campinas,SP,-22.9099,-47.0626
CLI1088,LOC_RECIFE,Recife,PE,-8.0476,-34.877
CLI1089,LOC_CURITIBA,Curitiba,PR,-25.4284,-49.2733
CLI1090,LOC_FORTALEZA,Fortaleza,CE,-3.7172,-38.5433
CLI1091,LOC_CURITIBA,Curitiba,PR,-25.4284,-49.2733
CLI1092,LOC_BRASÍLIA,Brasília,DF,-15.7939,-47.8828
CLI1093,LOC_RECIFE,Recife,PE,-8.0476,-34.877
CLI1094,LOC_RECIFE,Recife,PE,-8.0476,-34.877
CLI1095,LOC_RECIFE,Recife,PE,-8.0476,-34.877
CLI1096,LOC_FORTALEZA,Fortaleza,CE,-3.7172,-38.5433
CLI1097,LOC_BELO_HORIZONTE,Belo Horizonte,MG,-19.9167,-43.9345
CLI1098,LOC_RIO_DE_JANEIRO,Rio de Janeiro,RJ,-22.9068,-43.1729
CLI1099,LOC_SÃO_PAULO,São Paulo,SP,-23.5505,-46.6333
CLI1100,LOC_PORTO_ALEGRE,Porto Alegre,RS,-30.0346,-51.2177
CLI1101,LOC_FORTALEZA,Fortaleza,CE,-3.7172,-38.5433
CLI1102,LOC_FORTALEZA,Fortaleza,CE,-3.7172,-38.5433
CLI1103,LOC_FORTALEZA,Fortaleza,CE,-3.7172,-38.5433
CLI1104,LOC_RIO_DE_JANEIRO,Rio de Janeiro,RJ,-22.9068,-43.1729
CLI1105,LOC_FORTALEZA,Fortaleza,CE,-3.7172,-38.5433
CLI1106,LOC_FORTALEZA,Fortaleza,CE,-3.7172,-38.5433
CLI1107,LOC_SALVADOR,Salvador,BA,-12.9777,-38.5016
CLI1108,LOC_BELO_HORIZONTE,Belo Horizonte,MG,-19.9167,-43.9345
CLI1109,LOC_SÃO_PAULO,São Paulo,SP,-23.5505,-46.6333
CLI1110,LOC_FORTALEZA,Fortaleza,CE,-3.7172,-38.5433
CLI1111,LOC_PORTO_ALEGRE,Porto Alegre,RS,-30.0346,-51.2177
CLI1112,LOC_BRASÍLIA,Brasília,DF,-15.7939,-47.8828
CLI1113,LOC_BRASÍLIA,Brasília,DF,-15.7939,-47.8828
CLI1114,LOC_CURITIBA,Curitiba,PR,-25.4284,-49.2733
CLI1115,LOC_BELO_HORIZONTE,Belo Horizonte,MG,-19.9167,-43.9345
CLI1116,LOC_SALVADOR,Salvador,BA,-12.9777,-38.5016
CLI1117,LOC_BRASÍLIA,Brasília,DF,-15.7939,-47.8828
CLI1118,LOC_CAMPINAS,Campinas,SP,-22.9099,-47.0626
CLI1119,LOC_FORTALEZA,Fortaleza,CE,-3.7172,-38.5433
CLI1120,LOC_BELO_HORIZONTE,Belo Horizonte,MG,-19.9167,-43.9345
CLI1121,LOC_SALVADOR,Salvador,BA,-12.9777,-38.5016
CLI1122,LOC_PORTO_ALEGRE,Porto Alegre,RS,-30.0346,-51.2177
CLI1123,LOC_CAMPINAS,Campinas,SP,-22.9099,-47.0626
CLI1124,LOC_SALVADOR,Salvador,BA,-12.9777,-38.5016
CLI1125,LOC_RECIFE,Recife,PE,-8.0476,-34.877
CLI1126,LOC_SALVADOR,Salvador,BA,-12.9777,-38.5016
CLI1127,LOC_RIO_DE_JANEIRO,Rio de Janeiro,RJ,-22.9068,-43.1729
CLI1128,LOC_CURITIBA,Curitiba,PR,-25.4284,-49.2733
CLI1129,LOC_PORTO_ALEGRE,Porto Alegre,RS,-30.0346,-51.2177
CLI1130,LOC_CAMPINAS,Campinas,SP,-22.9099,-47.0626
CLI1131,LOC_CURITIBA,Curitiba,PR,-25.4284,-49.2733
CLI1132,LOC_RIO_DE_JANEIRO,Rio de Janeiro,RJ,-22.9068,-43.1729
CLI1133,LOC_CAMPINAS,Campinas,SP,-22.9099,-47.0626
CLI1134,LOC_RIO_DE_JANEIRO,Rio de Janeiro,RJ,-22.9068,-43.1729
CLI1135,LOC_FORTALEZA,Fortaleza,CE,-3.7172,-38.5433
CLI1136,LOC_CAMPINAS,Campinas,SP,-22.9099,-47.0626
CLI1137,LOC_SALVADOR,Salvador,BA,-12.9777,-38.5016
CLI1138,LOC_SÃO_PAULO,São Paulo,SP,-23.5505,-46.6333
CLI1139,LOC_BELO_HORIZONTE,Belo Horizonte,MG,-19.9167,-43.9345
CLI1140,LOC_FORTALEZA,Fortaleza,CE,-3.7172,-38.5433
CLI1141,LOC_CAMPINAS,Campinas,SP,-22.9099,-47.0626
CLI1142,LOC_CAMPINAS,Campinas,SP,-22.9099,-47.0626
CLI1143,LOC_BRASÍLIA,Brasília,DF,-15.7939,-47.8828
CLI1144,LOC_RECIFE,Recife,PE,-8.0476,-34.877
CLI1145,LOC_SALVADOR,Salvador,BA,-12.9777,-38.5016
CLI1146,LOC_PORTO_ALEGRE,Porto Alegre,RS,-30.0346,-51.2177
CLI1147,LOC_BELO_HORIZONTE,Belo Horizonte,MG,-19.9167,-43.9345
CLI1148,LOC_SÃO_PAULO,São Paulo,SP,-23.5505,-46.6333
CLI1149,LOC_SÃO_PAULO,São Paulo,SP,-23.5505,-46.6333
CLI1150,LOC_SÃO_PAULO,São Paulo,SP,-23.5505,-46.6333
CLI1151,LOC_CAMPINAS,Campinas,SP,-22.9099,-47.0626
CLI1152,LOC_CURITIBA,Curitiba,PR,-25.4284,-49.2733
CLI1153,LOC_RECIFE,Recife,PE,-8.0476,-34.877
CLI1154,LOC_CURITIBA,Curitiba,PR,-25.4284,-49.2733
CLI1155,LOC_CURITIBA,Curitiba,PR,-25.4284,-49.2733
CLI1156,LOC_FORTALEZA,Fortaleza,CE,-3.7172,-38.5433
CLI1157,LOC_RECIFE,Recife,PE,-8.0476,-34.877
CLI1158,LOC_RECIFE,Recife,PE,-8.0476,-34.877
CLI1159,LOC_SALVADOR,Salvador,BA,-12.9777,-38.5016
CLI1160,LOC_CAMPINAS,Campinas,SP,-22.9099,-47.0626
CLI1161,LOC_RECIFE,Recife,PE,-8.0476,-34.877
CLI1162,LOC_CAMPINAS,Campinas,SP,-22.9099,-47.0626
CLI1163,LOC_BELO_HORIZONTE,Belo Horizonte,MG,-19.9167,-43.9345
CLI1164,LOC_BELO_HORIZONTE,Belo Horizonte,MG,-19.9167,-43.9345
CLI1165,LOC_CAMPINAS,Campinas,SP,-22.9099,-47.0626
CLI1166,LOC_SALVADOR,Salvador,BA,-12.9777,-38.5016
CLI1167,LOC_FORTALEZA,Fortaleza,CE,-3.7172,-38.5433
CLI1168,LOC_RECIFE,Recife,PE,-8.0476,-34.877
CLI1169,LOC_PORTO_ALEGRE,Porto Alegre,RS,-30.0346,-51.2177
CLI1170,LOC_RIO_DE_JANEIRO,Rio de Janeiro,RJ,-22.9068,-43.1729
CLI1171,LOC_RIO_DE_JANEIRO,Rio de Janeiro,RJ,-22.9068,-43.1729
CLI1172,LOC_FORTALEZA,Fortaleza,CE,-3.7172,-38.5433
CLI1173,LOC_SALVADOR,Salvador,BA,-12.9777,-38.5016
CLI1174,LOC_SALVADOR,Salvador,BA,-12.9777,-38.5016
CLI1175,LOC_BELO_HORIZONTE,Belo Horizonte,MG,-19.9167,-43.9345
CLI1176,LOC_RECIFE,Recife,PE,-8.0476,-34.877
CLI1177,LOC_SALVADOR,Salvador,BA,-12.9777,-38.5016
CLI1178,LOC_RIO_DE_JANEIRO,Rio de Janeiro,RJ,-22.9068,-43.1729
CLI1179,LOC_RECIFE,Recife,PE,-8.0476,-34.877
CLI1180,LOC_CURITIBA,Curitiba,PR,-25.4284,-49.2733
CLI1181,LOC_CURITIBA,Curitiba,PR,-25.4284,-49.2733
CLI1182,LOC_CAMPINAS,Campinas,SP,-22.9099,-47.0626
CLI1183,LOC_SALVADOR,Salvador,BA,-12.9777,-38.5016
CLI1184,LOC_BELO_HORIZONTE,Belo Horizonte,MG,-19.9167,-43.9345
CLI1185,LOC_BRASÍLIA,Brasília,DF,-15.7939,-47.8828
CLI1186,LOC_BELO_HORIZONTE,Belo Horizonte,MG,-19.9167,-43.9345
CLI1187,LOC_PORTO_ALEGRE,Porto Alegre,RS,-30.0346,-51.2177
CLI1188,LOC_CURITIBA,Curitiba,PR,-25.4284,-49.2733
CLI1189,LOC_SALVADOR,Salvador,BA,-12.9777,-38.5016
CLI1190,LOC_RIO_DE_JANEIRO,Rio de Janeiro,RJ,-22.9068,-43.1729
CLI1191,LOC_BELO_HORIZONTE,Belo Horizonte,MG,-19.9167,-43.9345
CLI1192,LOC_RIO_DE_JANEIRO,Rio de Janeiro,RJ,-22.9068,-43.1729
CLI1193,LOC_SÃO_PAULO,São Paulo,SP,-23.5505,-46.6333
CLI1194,LOC_BELO_HORIZONTE,Belo Horizonte,MG,-19.9167,-43.9345
CLI1195,LOC_BELO_HORIZONTE,Belo Horizonte,MG,-19.9167,-43.9345
CLI1196,LOC_BRASÍLIA,Brasília,DF,-15.7939,-47.8828
CLI1197,LOC_RIO_DE_JANEIRO,Rio de Janeiro,RJ,-22.9068,-43.1729
CLI1198,LOC_FORTALEZA,Fortaleza,CE,-3.7172,-38.5433
CLI1199,LOC_CURITIBA,Curitiba,PR,-25.4284,-49.2733
CLI1200,LOC_RIO_DE_JANEIRO,Rio de Janeiro,RJ,-22.9068,-43.1729
CLI1201,LOC_RIO_DE_JANEIRO,Rio de Janeiro,RJ,-22.9068,-43.1729
CLI1202,LOC_BRASÍLIA,Brasília,DF,-15.7939,-47.8828
CLI1203,LOC_BELO_HORIZONTE,Belo Horizonte,MG,-19.9167,-43.9345
CLI1204,LOC_PORTO_ALEGRE,Porto Alegre,RS,-30.0346,-51.2177
CLI1205,LOC_BELO_HORIZONTE,Belo Horizonte,MG,-19.9167,-43.9345
CLI1206,LOC_SÃO_PAULO,São Paulo,SP,-23.5505,-46.6333
CLI1207,LOC_RECIFE,Recife,PE,-8.0476,-34.877
CLI1208,LOC_BELO_HORIZONTE,Belo Horizonte,MG,-19.9167,-43.9345
CLI1209,LOC_RIO_DE_JANEIRO,Rio de Janeiro,RJ,-22.9068,-43.1729
CLI1210,LOC_RECIFE,Recife,PE,-8.0476,-34.877
CLI1211,LOC_BRASÍLIA,Brasília,DF,-15.7939,-47.8828
CLI1212,LOC_BELO_HORIZONTE,Belo Horizonte,MG,-19.9167,-43.9345
CLI1213,LOC_CURITIBA,Curitiba,PR,-25.4284,-49.2733
CLI1214,LOC_RIO_DE_JANEIRO,Rio de Janeiro,RJ,-22.9068,-43.1729
CLI1215,LOC_CURITIBA,Curitiba,PR,-25.4284,-49.2733
CLI1216,LOC_FORTALEZA,Fortaleza,CE,-3.7172,-38.5433
CLI1217,LOC_FORTALEZA,Fortaleza,CE,-3.7172,-38.5433
CLI1218,LOC_SÃO_PAULO,São Paulo,SP,-23.5505,-46.6333
CLI1219,LOC_SALVADOR,Salvador,BA,-12.9777,-38.5016
CLI1220,LOC_RECIFE,Recife,PE,-8.0476,-34.877
CLI1221,LOC_BRASÍLIA,Brasília,DF,-15.7939,-47.8828
CLI1222,LOC_CAMPINAS,Campinas,SP,-22.9099,-47.0626
CLI1223,LOC_SÃO_PAULO,São Paulo,SP,-23.5505,-46.6333
CLI1224,LOC_BELO_HORIZONTE,Belo Horizonte,MG,-19.9167,-43.9345
CLI1225,LOC_RIO_DE_JANEIRO,Rio de Janeiro,RJ,-22.9068,-43.1729
CLI1226,LOC_SALVADOR,Salvador,BA,-12.9777,-38.5016
CLI1227,LOC_RECIFE,Recife,PE,-8.0476,-34.877
CLI1228,LOC_FORTALEZA,Fortaleza,CE,-3.7172,-38.5433
CLI1229,LOC_SALVADOR,Salvador,BA,-12.9777,-38.5016
CLI1230,LOC_BELO_HORIZONTE,Belo Horizonte,MG,-19.9167,-43.9345
CLI1231,LOC_FORTALEZA,Fortaleza,CE,-3.7172,-38.5433
CLI1232,LOC_CURITIBA,Curitiba,PR,-25.4284,-49.2733
CLI1233,LOC_BRASÍLIA,Brasília,DF,-15.7939,-47.8828
CLI1234,LOC_PORTO_ALEGRE,Porto Alegre,RS,-30.0346,-51.2177
CLI1235,LOC_SALVADOR,Salvador,BA,-12.9777,-38.5016
CLI1236,LOC_BELO_HORIZONTE,Belo Horizonte,MG,-19.9167,-43.9345
CLI1237,LOC_RIO_DE_JANEIRO,Rio de Janeiro,RJ,-22.9068,-43.1729
CLI1238,LOC_BELO_HORIZONTE,Belo Horizonte,MG,-19.9167,-43.9345
CLI1239,LOC_RIO_DE_JANEIRO,Rio de Janeiro,RJ,-22.9068,-43.1729
CLI1240,LOC_SÃO_PAULO,São Paulo,SP,-23.5505,-46.6333
CLI1241,LOC_RIO_DE_JANEIRO,Rio de Janeiro,RJ,-22.9068,-43.1729
CLI1242,LOC_PORTO_ALEGRE,Porto Alegre,RS,-30.0346,-51.2177
CLI1243,LOC_SÃO_PAULO,São Paulo,SP,-23.5505,-46.6333
CLI1244,LOC_SALVADOR,Salvador,BA,-12.9777,-38.5016
CLI1245,LOC_SALVADOR,Salvador,BA,-12.9777,-38.5016
CLI1246,LOC_RECIFE,Recife,PE,-8.0476,-34.877
CLI1247,LOC_SALVADOR,Salvador,BA,-12.9777,-38.5016
CLI1248,LOC_SÃO_PAULO,São Paulo,SP,-23.5505,-46.6333
CLI1249,LOC_PORTO_ALEGRE,Porto Alegre,RS,-30.0346,-51.2177
CLI1250,LOC_FORTALEZA,Fortaleza,CE,-3.7172,-38.5433
CLI1251,LOC_BELO_HORIZONTE,Belo Horizonte,MG,-19.9167,-43.9345
CLI1252,LOC_SALVADOR,Salvador,BA,-12.9777,-38.5016
CLI1253,LOC_CURITIBA,Curitiba,PR,-25.4284,-49.2733
CLI1254,LOC_SALVADOR,Salvador,BA,-12.9777,-38.5016
CLI1255,LOC_SALVADOR,Salvador,BA,-12.9777,-38.5016
CLI1256,LOC_PORTO_ALEGRE,Porto Alegre,RS,-30.0346,-51.2177
CLI1257,LOC_CURITIBA,Curitiba,PR,-25.4284,-49.2733
CLI1258,LOC_BRASÍLIA,Brasília,DF,-15.7939,-47.8828
CLI1259,LOC_RECIFE,Recife,PE,-8.0476,-34.877
CLI1260,LOC_BELO_HORIZONTE,Belo Horizonte,MG,-19.9167,-43.9345
CLI1261,LOC_CURITIBA,Curitiba,PR,-25.4284,-49.2733
CLI1262,LOC_SALVADOR,Salvador,BA,-12.9777,-38.5016
CLI1263,LOC_SALVADOR,Salvador,BA,-12.9777,-38.5016
CLI1264,LOC_BELO_HORIZONTE,Belo Horizonte,MG,-19.9167,-43.9345
CLI1265,LOC_RECIFE,Recife,PE,-8.0476,-34.877
CLI1266,LOC_FORTALEZA,Fortaleza,CE,-3.7172,-38.5433
CLI1267,LOC_CURITIBA,Curitiba,PR,-25.4284,-49.2733
CLI1268,LOC_RECIFE,Recife,PE,-8.0476,-34.877
CLI1269,LOC_CURITIBA,Curitiba,PR,-25.4284,-49.2733
CLI1270,LOC_CAMPINAS,Campinas,SP,-22.9099,-47.0626
CLI1271,LOC_SALVADOR,Salvador,BA,-12.9777,-38.5016
CLI1272,LOC_RIO_DE_JANEIRO,Rio de Janeiro,RJ,-22.9068,-43.1729
CLI1273,LOC_FORTALEZA,Fortaleza,CE,-3.7172,-38.5433
CLI1274,LOC_RECIFE,Recife,PE,-8.0476,-34.877
CLI1275,LOC_CAMPINAS,Campinas,SP,-22.9099,-47.0626
CLI1276,LOC_BELO_HORIZONTE,Belo Horizonte,MG,-19.9167,-43.9345
CLI1277,LOC_SÃO_PAULO,São Paulo,SP,-23.5505,-46.6333
CLI1278,LOC_CURITIBA,Curitiba,PR,-25.4284,-49.2733
CLI1279,LOC_RIO_DE_JANEIRO,Rio de Janeiro,RJ,-22.9068,-43.1729
CLI1280,LOC_RIO_DE_JANEIRO,Rio de Janeiro,RJ,-22.9068,-43.1729
CLI1281,LOC_PORTO_ALEGRE,Porto Alegre,RS,-30.0346,-51.2177
CLI1282,LOC_CURITIBA,Curitiba,PR,-25.4284,-49.2733
CLI1283,LOC_SALVADOR,Salvador,BA,-12.9777,-38.5016
CLI1284,LOC_BELO_HORIZONTE,Belo Horizonte,MG,-19.9167,-43.9345
CLI1285,LOC_SALVADOR,Salvador,BA,-12.9777,-38.5016
CLI1286,LOC_BELO_HORIZONTE,Belo Horizonte,MG,-19.9167,-43.9345
CLI1287,LOC_RIO_DE_JANEIRO,Rio de Janeiro,RJ,-22.9068,-43.1729
CLI1288,LOC_RIO_DE_JANEIRO,Rio de Janeiro,RJ,-22.9068,-43.1729
CLI1289,LOC_FORTALEZA,Fortaleza,CE,-3.7172,-38.5433
CLI1290,LOC_RECIFE,Recife,PE,-8.0476,-34.877
CLI1291,LOC_BELO_HORIZONTE,Belo Horizonte,MG,-19.9167,-43.9345
CLI1292,LOC_RECIFE,Recife,PE,-8.0476,-34.877
CLI1293,LOC_FORTALEZA,Fortaleza,CE,-3.7172,-38.5433
CLI1294,LOC_FORTALEZA,Fortaleza,CE,-3.7172,-38.5433
CLI1295,LOC_CURITIBA,Curitiba,PR,-25.4284,-49.2733
CLI1296,LOC_FORTALEZA,Fortaleza,CE,-3.7172,-38.5433
CLI1297,LOC_BRASÍLIA,Brasília,DF,-15.7939,-47.8828
CLI1298,LOC_FORTALEZA,Fortaleza,CE,-3.7172,-38.5433
CLI1299,LOC_FORTALEZA,Fortaleza,CE,-3.7172,-38.5433
CLI1300,LOC_FORTALEZA,Fortaleza,CE,-3.7172,-38.5433
CLI1301,LOC_SALVADOR,Salvador,BA,-12.9777,-38.5016
CLI1302,LOC_RECIFE,Recife,PE,-8.0476,-34.877
CLI1303,LOC_SÃO_PAULO,São Paulo,SP,-23.5505,-46.6333
CLI1304,LOC_BELO_HORIZONTE,Belo Horizonte,MG,-19.9167,-43.9345
CLI1305,LOC_SÃO_PAULO,São Paulo,SP,-23.5505,-46.6333
CLI1306,LOC_CURITIBA,Curitiba,PR,-25.4284,-49.2733
CLI1307,LOC_BELO_HORIZONTE,Belo Horizonte,MG,-19.9167,-43.9345
CLI1308,LOC_SALVADOR,Salvador,BA,-12.9777,-38.5016
CLI1309,LOC_CURITIBA,Curitiba,PR,-25.4284,-49.2733
CLI1310,LOC_RECIFE,Recife,PE,-8.0476,-34.877
CLI1311,LOC_RIO_DE_JANEIRO,Rio de Janeiro,RJ,-22.9068,-43.1729
CLI1312,LOC_FORTALEZA,Fortaleza,CE,-3.7172,-38.5433
CLI1313,LOC_PORTO_ALEGRE,Porto Alegre,RS,-30.0346,-51.2177
CLI1314,LOC_SALVADOR,Salvador,BA,-12.9777,-38.5016
CLI1315,LOC_PORTO_ALEGRE,Porto Alegre,RS,-30.0346,-51.2177
CLI1316,LOC_SALVADOR,Salvador,BA,-12.9777,-38.5016
CLI1317,LOC_PORTO_ALEGRE,Porto Alegre,RS,-30.0346,-51.2177
CLI1318,LOC_CAMPINAS,Campinas,SP,-22.9099,-47.0626
CLI1319,LOC_RECIFE,Recife,PE,-8.0476,-34.877
CLI1320,LOC_BELO_HORIZONTE,Belo Horizonte,MG,-19.9167,-43.9345
CLI1321,LOC_CAMPINAS,Campinas,SP,-22.9099,-47.0626
CLI1322,LOC_SALVADOR,Salvador,BA,-12.9777,-38.5016
CLI1323,LOC_CAMPINAS,Campinas,SP,-22.9099,-47.0626
CLI1324,LOC_CURITIBA,Curitiba,PR,-25.4284,-49.2733
CLI1325,LOC_CURITIBA,Curitiba,PR,-25.4284,-49.2733
CLI1326,LOC_FORTALEZA,Fortaleza,CE,-3.7172,-38.5433
CLI1327,LOC_CURITIBA,Curitiba,PR,-25.4284,-49.2733
CLI1328,LOC_CURITIBA,Curitiba,PR,-25.4284,-49.2733
CLI1329,LOC_SÃO_PAULO,São Paulo,SP,-23.5505,-46.6333
CLI1330,LOC_SALVADOR,Salvador,BA,-12.9777,-38.5016
CLI1331,LOC_SALVADOR,Salvador,BA,-12.9777,-38.5016
CLI1332,LOC_BELO_HORIZONTE,Belo Horizonte,MG,-19.9167,-43.9345
CLI1333,LOC_RIO_DE_JANEIRO,Rio de Janeiro,RJ,-22.9068,-43.1729
CLI1334,LOC_RIO_DE_JANEIRO,Rio de Janeiro,RJ,-22.9068,-43.1729
CLI1335,LOC_BELO_HORIZONTE,Belo Horizonte,MG,-19.9167,-43.9345
CLI1336,LOC_BELO_HORIZONTE,Belo Horizonte,MG,-19.9167,-43.9345
CLI1337,LOC_FORTALEZA,Fortaleza,CE,-3.7172,-38.5433
CLI1338,LOC_FORTALEZA,Fortaleza,CE,-3.7172,-38.5433
CLI1339,LOC_BRASÍLIA,Brasília,DF,-15.7939,-47.8828
CLI1340,LOC_RIO_DE_JANEIRO,Rio de Janeiro,RJ,-22.9068,-43.1729
CLI1341,LOC_CURITIBA,Curitiba,PR,-25.4284,-49.2733
CLI1342,LOC_FORTALEZA,Fortaleza,CE,-3.7172,-38.5433
CLI1343,LOC_CURITIBA,Curitiba,PR,-25.4284,-49.2733
CLI1344,LOC_BRASÍLIA,Brasília,DF,-15.7939,-47.8828
CLI1345,LOC_RIO_DE_JANEIRO,Rio de Janeiro,RJ,-22.9068,-43.1729
CLI1346,LOC_FORTALEZA,Fortaleza,CE,-3.7172,-38.5433
CLI1347,LOC_RECIFE,Recife,PE,-8.0476,-34.877
CLI1348,LOC_FORTALEZA,Fortaleza,CE,-3.7172,-38.5433
CLI1349,LOC_SÃO_PAULO,São Paulo,SP,-23.5505,-46.6333
CLI1350,LOC_CURITIBA,Curitiba,PR,-25.4284,-49.2733
CLI1351,LOC_BELO_HORIZONTE,Belo Horizonte,MG,-19.9167,-43.9345
CLI1352,LOC_SALVADOR,Salvador,BA,-12.9777,-38.5016
CLI1353,LOC_RECIFE,Recife,PE,-8.0476,-34.877
CLI1354,LOC_CURITIBA,Curitiba,PR,-25.4284,-49.2733
CLI1355,LOC_RECIFE,Recife,PE,-8.0476,-34.877
CLI1356,LOC_BELO_HORIZONTE,Belo Horizonte,MG,-19.9167,-43.9345
CLI1357,LOC_CURITIBA,Curitiba,PR,-25.4284,-49.2733
CLI1358,LOC_RIO_DE_JANEIRO,Rio de Janeiro,RJ,-22.9068,-43.1729
CLI1359,LOC_FORTALEZA,Fortaleza,CE,-3.7172,-38.5433
CLI1360,LOC_RIO_DE_JANEIRO,Rio de Janeiro,RJ,-22.9068,-43.1729
CLI1361,LOC_RIO_DE_JANEIRO,Rio de Janeiro,RJ,-22.9068,-43.1729
CLI1362,LOC_RIO_DE_JANEIRO,Rio de Janeiro,RJ,-22.9068,-43.1729
CLI1363,LOC_SALVADOR,Salvador,BA,-12.9777,-38.5016
CLI1364,LOC_BELO_HORIZONTE,Belo Horizonte,MG,-19.9167,-43.9345
CLI1365,LOC_SALVADOR,Salvador,BA,-12.9777,-38.5016
CLI1366,LOC_RECIFE,Recife,PE,-8.0476,-34.877
CLI1367,LOC_SALVADOR,Salvador,BA,-12.9777,-38.5016
CLI1368,LOC_FORTALEZA,Fortaleza,CE,-3.7172,-38.5433
CLI1369,LOC_BELO_HORIZONTE,Belo Horizonte,MG,-19.9167,-43.9345
CLI1370,LOC_BRASÍLIA,Brasília,DF,-15.7939,-47.8828
CLI1371,LOC_FORTALEZA,Fortaleza,CE,-3.7172,-38.5433
CLI1372,LOC_FORTALEZA,Fortaleza,CE,-3.7172,-38.5433
CLI1373,LOC_PORTO_ALEGRE,Porto Alegre,RS,-30.0346,-51.2177
CLI1374,LOC_CURITIBA,Curitiba,PR,-25.4284,-49.2733
CLI1375,LOC_PORTO_ALEGRE,Porto Alegre,RS,-30.0346,-51.2177
CLI1376,LOC_SALVADOR,Salvador,BA,-12.9777,-38.5016
CLI1377,LOC_RIO_DE_JANEIRO,Rio de Janeiro,RJ,-22.9068,-43.1729
CLI1378,LOC_PORTO_ALEGRE,Porto Alegre,RS,-30.0346,-51.2177
CLI1379,LOC_BELO_HORIZONTE,Belo Horizonte,MG,-19.9167,-43.9345
CLI1380,LOC_RIO_DE_JANEIRO,Rio de Janeiro,RJ,-22.9068,-43.1729
CLI1381,LOC_RIO_DE_JANEIRO,Rio de Janeiro,RJ,-22.9068,-43.1729
CLI1382,LOC_RECIFE,Recife,PE,-8.0476,-34.877
CLI1383,LOC_CAMPINAS,Campinas,SP,-22.9099,-47.0626
CLI1384,LOC_SÃO_PAULO,São Paulo,SP,-23.5505,-46.6333
CLI1385,LOC_SALVADOR,Salvador,BA,-12.9777,-38.5016
CLI1386,LOC_SALVADOR,Salvador,BA,-12.9777,-38.5016
CLI1387,LOC_SÃO_PAULO,São Paulo,SP,-23.5505,-46.6333
CLI1388,LOC_SALVADOR,Salvador,BA,-12.9777,-38.5016
CLI1389,LOC_BRASÍLIA,Brasília,DF,-15.7939,-47.8828
CLI1390,LOC_RIO_DE_JANEIRO,Rio de Janeiro,RJ,-22.9068,-43.1729
CLI1391,LOC_RECIFE,Recife,PE,-8.0476,-34.877
CLI1392,LOC_CAMPINAS,Campinas,SP,-22.9099,-47.0626
CLI1393,LOC_BRASÍLIA,Brasília,DF,-15.7939,-47.8828
CLI1394,LOC_BELO_HORIZONTE,Belo Horizonte,MG,-19.9167,-43.9345
CLI1395,LOC_CURITIBA,Curitiba,PR,-25.4284,-49.2733
CLI1396,LOC_RIO_DE_JANEIRO,Rio de Janeiro,RJ,-22.9068,-43.1729
CLI1397,LOC_BELO_HORIZONTE,Belo Horizonte,MG,-19.9167,-43.9345
CLI1398,LOC_BELO_HORIZONTE,Belo Horizonte,MG,-19.9167,-43.9345
CLI1399,LOC_RIO_DE_JANEIRO,Rio de Janeiro,RJ,-22.9068,-43.1729
CLI1400,LOC_CURITIBA,Curitiba,PR,-25.4284,-49.2733
CLI1401,LOC_PORTO_ALEGRE,Porto Alegre,RS,-30.0346,-51.2177
CLI1402,LOC_BELO_HORIZONTE,Belo Horizonte,MG,-19.9167,-43.9345
CLI1403,LOC_PORTO_ALEGRE,Porto Alegre,RS,-30.0346,-51.2177
CLI1404,LOC_SÃO_PAULO,São Paulo,SP,-23.5505,-46.6333
CLI1405,LOC_SALVADOR,Salvador,BA,-12.9777,-38.5016
CLI1406,LOC_PORTO_ALEGRE,Porto Alegre,RS,-30.0346,-51.2177
CLI1407,LOC_BRASÍLIA,Brasília,DF,-15.7939,-47.8828
CLI1408,LOC_RECIFE,Recife,PE,-8.0476,-34.877
CLI1409,LOC_SALVADOR,Salvador,BA,-12.9777,-38.5016
CLI1410,LOC_SÃO_PAULO,São Paulo,SP,-23.5505,-46.6333
CLI1411,LOC_SALVADOR,Salvador,BA,-12.9777,-38.5016
CLI1412,LOC_RIO_DE_JANEIRO,Rio de Janeiro,RJ,-22.9068,-43.1729
CLI1413,LOC_CURITIBA,Curitiba,PR,-25.4284,-49.2733
CLI1414,LOC_FORTALEZA,Fortaleza,CE,-3.7172,-38.5433
CLI1415,LOC_BELO_HORIZONTE,Belo Horizonte,MG,-19.9167,-43.9345
CLI1416,LOC_SÃO_PAULO,São Paulo,SP,-23.5505,-46.6333
CLI1417,LOC_FORTALEZA,Fortaleza,CE,-3.7172,-38.5433
CLI1418,LOC_RIO_DE_JANEIRO,Rio de Janeiro,RJ,-22.9068,-43.1729
CLI1419,LOC_CAMPINAS,Campinas,SP,-22.9099,-47.0626
CLI1420,LOC_SÃO_PAULO,São Paulo,SP,-23.5505,-46.6333
CLI1421,LOC_CURITIBA,Curitiba,PR,-25.4284,-49.2733
CLI1422,LOC_BELO_HORIZONTE,Belo Horizonte,MG,-19.9167,-43.9345
CLI1423,LOC_SALVADOR,Salvador,BA,-12.9777,-38.5016
CLI1424,LOC_CAMPINAS,Campinas,SP,-22.9099,-47.0626
CLI1425,LOC_SÃO_PAULO,São Paulo,SP,-23.5505,-46.6333
CLI1426,LOC_CAMPINAS,Campinas,SP,-22.9099,-47.0626
CLI1427,LOC_CAMPINAS,Campinas,SP,-22.9099,-47.0626
CLI1428,LOC_BELO_HORIZONTE,Belo Horizonte,MG,-19.9167,-43.9345
CLI1429,LOC_BRASÍLIA,Brasília,DF,-15.7939,-47.8828
CLI1430,LOC_PORTO_ALEGRE,Porto Alegre,RS,-30.0346,-51.2177
CLI1431,LOC_RECIFE,Recife,PE,-8.0476,-34.877
CLI1432,LOC_CAMPINAS,Campinas,SP,-22.9099,-47.0626
CLI1433,LOC_CAMPINAS,Campinas,SP,-22.9099,-47.0626
CLI1434,LOC_RIO_DE_JANEIRO,Rio de Janeiro,RJ,-22.9068,-43.1729
CLI1435,LOC_PORTO_ALEGRE,Porto Alegre,RS,-30.0346,-51.2177
CLI1436,LOC_PORTO_ALEGRE,Porto Alegre,RS,-30.0346,-51.2177
CLI1437,LOC_PORTO_ALEGRE,Porto Alegre,RS,-30.0346,-51.2177
CLI1438,LOC_RIO_DE_JANEIRO,Rio de Janeiro,RJ,-22.9068,-43.1729
CLI1439,LOC_RECIFE,Recife,PE,-8.0476,-34.877
CLI1440,LOC_RECIFE,Recife,PE,-8.0476,-34.877
CLI1441,LOC_SALVADOR,Salvador,BA,-12.9777,-38.5016
CLI1442,LOC_SÃO_PAULO,São Paulo,SP,-23.5505,-46.6333
CLI1443,LOC_SALVADOR,Salvador,BA,-12.9777,-38.5016
CLI1444,LOC_RIO_DE_JANEIRO,Rio de Janeiro,RJ,-22.9068,-43.1729
CLI1445,LOC_BELO_HORIZONTE,Belo Horizonte,MG,-19.9167,-43.9345
CLI1446,LOC_BRASÍLIA,Brasília,DF,-15.7939,-47.8828
CLI1447,LOC_RECIFE,Recife,PE,-8.0476,-34.877
CLI1448,LOC_RECIFE,Recife,PE,-8.0476,-34.877
CLI1449,LOC_PORTO_ALEGRE,Porto Alegre,RS,-30.0346,-51.2177
CLI1450,LOC_RECIFE,Recife,PE,-8.0476,-34.877
CLI1451,LOC_SALVADOR,Salvador,BA,-12.9777,-38.5016
CLI1452,LOC_SALVADOR,Salvador,BA,-12.9777,-38.5016
CLI1453,LOC_SÃO_PAULO,São Paulo,SP,-23.5505,-46.6333
CLI1454,LOC_SÃO_PAULO,São Paulo,SP,-23.5505,-46.6333
CLI1455,LOC_SÃO_PAULO,São Paulo,SP,-23.5505,-46.6333
CLI1456,LOC_CURITIBA,Curitiba,PR,-25.4284,-49.2733
CLI1457,LOC_SALVADOR,Salvador,BA,-12.9777,-38.5016
CLI1458,LOC_SÃO_PAULO,São Paulo,SP,-23.5505,-46.6333
CLI1459,LOC_FORTALEZA,Fortaleza,CE,-3.7172,-38.5433
CLI1460,LOC_CAMPINAS,Campinas,SP,-22.9099,-47.0626
CLI1461,LOC_CAMPINAS,Campinas,SP,-22.9099,-47.0626
CLI1462,LOC_CURITIBA,Curitiba,PR,-25.4284,-49.2733
CLI1463,LOC_RECIFE,Recife,PE,-8.0476,-34.877
CLI1464,LOC_BRASÍLIA,Brasília,DF,-15.7939,-47.8828
CLI1465,LOC_SALVADOR,Salvador,BA,-12.9777,-38.5016
CLI1466,LOC_BELO_HORIZONTE,Belo Horizonte,MG,-19.9167,-43.9345
CLI1467,LOC_RIO_DE_JANEIRO,Rio de Janeiro,RJ,-22.9068,-43.1729
CLI1468,LOC_SALVADOR,Salvador,BA,-12.9777,-38.5016
CLI1469,LOC_PORTO_ALEGRE,Porto Alegre,RS,-30.0346,-51.2177
CLI1470,LOC_RECIFE,Recife,PE,-8.0476,-34.877
CLI1471,LOC_RIO_DE_JANEIRO,Rio de Janeiro,RJ,-22.9068,-43.1729
CLI1472,LOC_SALVADOR,Salvador,BA,-12.9777,-38.5016
CLI1473,LOC_BELO_HORIZONTE,Belo Horizonte,MG,-19.9167,-43.9345
CLI1474,LOC_FORTALEZA,Fortaleza,CE,-3.7172,-38.5433
CLI1475,LOC_BRASÍLIA,Brasília,DF,-15.7939,-47.8828
CLI1476,LOC_BRASÍLIA,Brasília,DF,-15.7939,-47.8828
CLI1477,LOC_CURITIBA,Curitiba,PR,-25.4284,-49.2733
CLI1478,LOC_SÃO_PAULO,São Paulo,SP,-23.5505,-46.6333
CLI1479,LOC_CAMPINAS,Campinas,SP,-22.9099,-47.0626
CLI1480,LOC_BELO_HORIZONTE,Belo Horizonte,MG,-19.9167,-43.9345
CLI1481,LOC_RECIFE,Recife,PE,-8.0476,-34.877
CLI1482,LOC_FORTALEZA,Fortaleza,CE,-3.7172,-38.5433
CLI1483,LOC_BRASÍLIA,Brasília,DF,-15.7939,-47.8828
CLI1484,LOC_FORTALEZA,Fortaleza,CE,-3.7172,-38.5433
CLI1485,LOC_SÃO_PAULO,São Paulo,SP,-23.5505,-46.6333
CLI1486,LOC_FORTALEZA,Fortaleza,CE,-3.7172,-38.5433
CLI1487,LOC_RECIFE,Recife,PE,-8.0476,-34.877
CLI1488,LOC_SÃO_PAULO,São Paulo,SP,-23.5505,-46.6333
CLI1489,LOC_BELO_HORIZONTE,Belo Horizonte,MG,-19.9167,-43.9345
CLI1490,LOC_PORTO_ALEGRE,Porto Alegre,RS,-30.0346,-51.2177
CLI1491,LOC_BRASÍLIA,Brasília,DF,-15.7939,-47.8828
CLI1492,LOC_BRASÍLIA,Brasília,DF,-15.7939,-47.8828
CLI1493,LOC_FORTALEZA,Fortaleza,CE,-3.7172,-38.5433
CLI1494,LOC_CAMPINAS,Campinas,SP,-22.9099,-47.0626
CLI1495,LOC_SALVADOR,Salvador,BA,-12.9777,-38.5016
CLI1496,LOC_CURITIBA,Curitiba,PR,-25.4284,-49.2733
CLI1497,LOC_SÃO_PAULO,São Paulo,SP,-23.5505,-46.6333
CLI1498,LOC_FORTALEZA,Fortaleza,CE,-3.7172,-38.5433
CLI1499,LOC_BRASÍLIA,Brasília,DF,-15.7939,-47.8828
CLI1500,LOC_SALVADOR,Salvador,BA,-12.9777,-38.5016
