registro_id,nomeBruto,cpfBruto,telefoneBruto,dataNascimentoBruto,cidadeBruto,canalOrigem
REG0001,Bruno Pereira,***.642.***-**,(71) 95286-5290,2003-12-12,Brasília,Sistema Legado B
REG0002,Guilherme Araujo,048.230.737-78,94798-2911,1962-06-02,Salvador,Migração 2019
REG0003,EnzoP ereira,***.890.***-**,(11) 97741-8376,1969-06-16,RJ,Sistema Legado B
REG0004,Daniel Araujo,303.277.271-37,95227-4673,1977-04-16,SP,Agência Legada
REG0005,KARINA RODRIGUES,55613280882,91070-6797,1965-05-08,PR,Agência Legada
REG0006,FERNANDA MELO,113291714977,97429-6992,1965-05-29,RJ,Sistema Legado B
REG0007,Gabriela D.,1002.400.349-52,91290-3986,1981-10-22,Brasília,Agência Legada
REG0008,Felipe A.,79021859394,91819-2663,1981-08-11,Brasília,Migração 2019
REG0009,Isabela L.,***.114.***-**,(11) 93994-1159,1975-08-31,Porto Alegre,App
REG0010,HELENA MARTINS,19348418297,95506-9684,1971-12-06,Recife,Sistema Legado A
REG0011,Cai oBarbosa,382.748.949-45,91089-6468,1983-08-16,São Paulo,Sistema Legado A
REG0012,Vanessa L.,847.311.288-10,94152-6004,1974-05-09,Recife,Migração 2019
REG0013,Juliana A.,***.859.***-**,93138-7033,1981-10-06,Salvador,Migração 2019
REG0014,Rafael Costa,446.773.261-78,(81) 91245-2775,1999-09-29,Belo Horizonte,App
REG0015,Guihlerme Souza,1165.654.860-88,(11) 99082-9110,2000-10-05,SP,Sistema Legado B
REG0016,FELIPE SOUZA,746.232.649-63,(41) 96626-6343,2002-11-27,Belo Horizonte,Sistema Legado A
REG0017,ALINE GOMES,74419527523,99746-7289,1975-12-08,Fortaleza,Sistema Legado B
REG0018,Thiago Rodrigues,100465035062,92637-8890,1972-05-23,Fortaleza,App
REG0019,Bruna C.,***.239.***-**,97607-4639,1997-04-22,Rio de Janeiro,Migração 2019
REG0020,VANESSA LIMA,65744999233,97490-5007,1978-08-12,Porto Alegre,Sistema Legado B
REG0021,Henrique Pereira,1115.699.879-84,98937-7989,2002-10-26,Belo Horizonte,Agência Legada
REG0022,ISABELA RODRIGUES,81384673764,93015-1699,1966-09-02,Belo Horizonte,Migração 2019
REG0023,Helena Souza,24389493140,93539-7526,1978-10-30,Fortaleza,Migração 2019
REG0024,Juliana Rocha,1033.618.350-58,99613-9799,1961-07-18,Recife,Sistema Legado B
REG0025,Caio C.,02830880391,(11) 93013-6920,1983-09-07,Belo Horizonte,App
REG0026,GABRIELA GOMES,662.683.949-60,(11) 92886-8843,1964-07-26,SP,Sistema Legado B
REG0027,Daniel Barbosa,410.571.423-98,98547-7523,1960-10-02,Salvador,Migração 2019
REG0028,Guilherme A.,***.524.***-**,93185-6278,1977-03-31,PR,App
REG0029,Juliaan Araujo,50368123421,93669-6375,2002-01-04,Salvador,Migração 2019
REG0030,Thiago F.,640.366.273-74,(85) 98542-6556,2004-03-19,Recife,Agência Legada
REG0031,Isabela Rocha,075.234.394-66,98682-5228,2003-12-06,Fortaleza,Migração 2019
REG0032,Lucas Barbosa,***.560.***-**,(61) 99307-8059,1975-04-18,Rio de Janeiro,Sistema Legado B
REG0033,Luacs Rodrigues,***.241.***-**,98843-6605,1982-06-01,Campinas,Migração 2019
REG0034,Caio Gomes,75655415386,01296-9918,1960-01-06,Brasília,Sistema Legado B
REG0035,JOÃO NASCIMENTO,1298.439.536-24,95441-5727,1973-11-20,Fortaleza,Sistema Legado A
REG0036,Patrícia Ribiero,57239588816,92468-7611,1973-04-22,Belo Horizonte,Sistema Legado A
REG0037,Karina G.,289.430.239-30,97233-2277,1999-03-12,Salvador,Agência Legada
REG0038,Enzo C.,97168165919,98899-2692,1990-07-26,Belo Horizonte,Sistema Legado A
REG0039,Helean Rodrigues,1055.184.529-25,99479-1549,1965-01-10,São Paulo,Migração 2019
REG0040,DÉBORA FERREIRA,108738361395,91542-9689,1964-02-07,Campinas,Sistema Legado A
REG0041,Helena D.,***.679.***-**,93308-8145,1986-11-18,Curitiba,Migração 2019
REG0042,Daniel P.,115756894924,(51) 93216-1381,1970-10-16,Recife,App
REG0043,Isabela Carvalho,***.715.***-**,(71) 98349-7692,1975-11-02,Campinas,Migração 2019
REG0044,Thiago R.,104520584837,(61) 91176-3711,1985-12-02,DF,Migração 2019
REG0045,Isabela Oliveira,***.354.***-**,92198-6265,1985-12-07,PE,Migração 2019
REG0046,BRUNA MARTINS,120839164946,99623-3315,1985-07-17,Belo Horizonte,Sistema Legado B
REG0047,Bruna Rocha,***.392.***-**,(21) 91876-2886,1961-02-22,Brasília,Sistema Legado A
REG0048,Felipe C.,***.901.***-**,96189-4602,1982-04-06,Belo Horizonte,Sistema Legado A
REG0049,Gabriela Melo,888.217.385-68,(81) 97626-8076,1963-06-08,Salvador,Sistema Legado A
REG0050,Caio Dais,1254.724.342-41,97539-2782,2003-11-01,Salvador,Migração 2019
REG0051,KARINA RIBEIRO,***.798.***-**,(41) 92362-2124,1981-06-30,Fortaleza,Agência Legada
REG0052,Vanessa Oliveira,76416124057,(21) 91572-1511,2004-09-28,Rio de Janeiro,Sistema Legado A
REG0053,Lucas F.,78182023735,96997-4519,2003-08-23,Porto Alegre,Sistema Legado B
REG0054,FERNANDA LIMA,125682824656,92368-3192,1965-04-18,Porto Alegre,Agência Legada
REG0055,Isabela F.,40251661823,99832-3827,1966-06-29,Fortaleza,Sistema Legado A
REG0056,ENZO ROCHA,365.646.107-90,93653-8853,1965-12-11,Brasília,Sistema Legado B
REG0057,Juliana Rocha,75950453825,97815-4875,1980-11-06,Brasília,App
REG0058,HELENA OLIVEIRA,***.420.***-**,(11) 91740-6452,1973-07-05,RJ,Agência Legada
REG0059,Carla R.,***.370.***-**,(61) 93220-2148,1996-08-19,Salvador,Agência Legada
REG0060,Helena Dias,***.133.***-**,96121-6244,1988-07-19,Belo Horizonte,Migração 2019
REG0061,Nicolas Costa,***.121.***-**,91363-2191,1966-11-27,Belo Horizonte,Sistema Legado B
REG0062,Ana R.,89356925173,93617-4631,1988-05-21,Campinas,Sistema Legado B
REG0063,DÉBORA SOUZA,33519797115,(31) 94507-7749,1960-11-12,Porto Alegre,App
REG0064,ENZO PEREIRA,***.689.***-**,99312-5781,1991-10-31,Brasília,Agência Legada
REG0065,Otávio Cavralho,49286015776,78447-9552,1986-11-08,Fortaleza,Sistema Legado A
REG0066,ALINE RODRIGUES,84938423644,95481-1575,1964-08-15,São Paulo,App
REG0067,DÉBORA FERREIRA,1104.475.522-94,(41) 93528-9981,1990-06-27,Rio de Janeiro,App
REG0068,Otávio Dias,484.468.136-21,(21) 95900-2417,1986-11-07,Belo Horizonte,App
REG0069,CaioD ias,170.406.586-12,(41) 94208-4425,1993-01-17,Porto Alegre,Migração 2019
REG0070,Juilana Ribeiro,***.873.***-**,99535-2697,1977-08-16,Curitiba,Sistema Legado A
REG0071,Ana Ferreira,96346661274,94829-3889,1978-11-28,Belo Horizonte,Sistema Legado B
REG0072,JulianaS ilva,698.375.667-85,96215-2792,1969-08-02,Rio de Janeiro,Sistema Legado B
REG0073,Helena N.,473.601.804-51,(85) 94442-3824,2001-01-17,Belo Horizonte,Sistema Legado B
REG0074,Bruna Gomse,***.928.***-**,68356-6497,1962-06-13,Fortaleza,Sistema Legado A
REG0075,Ana A.,25258817926,(81) 91482-3690,1980-04-16,Curitiba,Sistema Legado B
REG0076,ISABELA MARTINS,109113377683,95886-3619,1967-01-19,Curitiba,Sistema Legado A
REG0077,BRUNO RIBEIRO,***.981.***-**,92595-8027,2001-11-29,MG,Migração 2019
REG0078,Thiago Lmia,***.844.***-**,96118-7788,2000-06-10,Salvador,Sistema Legado B
REG0079,ANA PEREIRA,70686012045,(61) 94427-3620,1992-02-07,BA,Sistema Legado A
REG0080,João Rodrigues,695.287.361-21,99413-0687,1973-01-11,Rio de Janeiro,Agência Legada
REG0081,OTÁVIO RODRIGUES,***.385.***-**,95255-1098,1987-03-06,Belo Horizonte,Sistema Legado B
REG0082,Nicolas Oilveira,1149.215.587-69,56553-4995,1997-03-28,São Paulo,Agência Legada
REG0083,CARLA PEREIRA,***.370.***-**,97028-1844,1977-12-09,São Paulo,Migração 2019
REG0084,Otávio M.,***.226.***-**,95265-6956,2002-12-07,São Paulo,Migração 2019
REG0085,NicolasS ouza,***.648.***-**,(85) 94981-2883,2000-07-17,RJ,Sistema Legado A
REG0086,ALINE MELO,***.507.***-**,96757-7809,1982-09-13,São Paulo,Migração 2019
REG0087,Mariana G.,***.667.***-**,97228-1377,1997-09-20,Brasília,Migração 2019
REG0088,Fernanda M.,18129086647,(21) 99329-9907,1963-05-12,São Paulo,Agência Legada
REG0089,Enzo M.,931.292.170-45,97294-5117,1997-12-15,Salvador,App
REG0090,JOÃO RODRIGUES,1019.303.750-21,91294-9321,1979-03-20,MG,Agência Legada
REG0091,Felipe Souza,9091.714.396-11,96234-1063,1982-08-26,Salvador,Migração 2019
REG0092,Enzo Carvalho,9092.127.739-71,97997-3684,1966-10-27,Belo Horizonte,Sistema Legado B
REG0093,Thiago Melo,9093.561.341-62,97187-1263,1988-06-12,Salvador,App
REG0094,Vanessa Rocha,9094.195.549-48,98941-4798,1994-11-20,Rio de Janeiro,Migração 2019
REG0095,Gabriela Nascimento,9095.551.761-77,99636-6735,2000-05-28,Salvador,Sistema Legado B
REG0096,Débora Nascimento,9096.799.796-54,96934-8416,1970-06-13,Brasília,Sistema Legado A
REG0097,Fernanda Nascimento,9097.648.359-43,95324-7394,1965-10-15,Rio de Janeiro,Migração 2019
REG0098,Helena Dias,9098.427.285-53,98846-5111,2002-11-01,Curitiba,Migração 2019
REG0099,Isabela Pereira,9099.549.755-30,92300-3320,1979-12-10,Fortaleza,App
REG0100,Rafael Araujo,9100.555.478-59,92191-2333,2002-01-30,Porto Alegre,Sistema Legado B
REG0101,Patrícia Dias,9101.991.784-78,94619-3078,1976-10-23,Salvador,App
REG0102,Aline Silva,9102.161.431-85,91201-6237,1985-09-19,São Paulo,Sistema Legado B
REG0103,Otávio Pereira,9103.488.429-80,96969-5659,1962-11-28,Rio de Janeiro,Sistema Legado B
REG0104,Carla Dias,9104.329.383-48,94029-5758,1996-09-01,Campinas,Sistema Legado A
REG0105,Daniel Rodrigues,9105.292.724-39,95046-1906,1996-06-17,Fortaleza,Sistema Legado B
REG0106,Gabriela Ribeiro,9106.998.910-34,97036-8738,1988-02-24,Curitiba,App
REG0107,Ana Dias,9107.505.930-30,99253-4045,1970-10-08,Brasília,App
REG0108,Juliana Silva,9108.637.601-81,99008-6328,2002-03-24,Recife,App
REG0109,Eduarda Melo,9109.294.576-64,95055-1776,2002-01-23,Brasília,Migração 2019
REG0110,Thiago Barbosa,9110.842.353-65,97304-7748,1962-06-11,Curitiba,App
REG0111,Bruna Dias,9111.610.615-51,96488-1182,1964-12-15,Fortaleza,Sistema Legado B
REG0112,Lucas Santos,9112.554.821-27,97549-3573,1962-06-10,Porto Alegre,Agência Legada
REG0113,Juliana Araujo,9113.726.336-33,93417-7631,1991-11-29,São Paulo,Sistema Legado A
REG0114,Rafael Ferreira,9114.453.396-59,94892-1257,1989-11-01,Fortaleza,App
REG0115,Bruna Oliveira,9115.855.459-64,99189-2983,1966-01-26,Porto Alegre,Migração 2019
