cliente_id,rg_id,numero,desde
CLI0001,RG0001,39749644,2024-02-16
CLI0002,RG0002,24255348,2022-07-08
CLI0003,RG0003,45279042,2022-10-15
CLI0004,RG0004,48561390,2025-11-20
CLI0005,RG0005,78761110,2022-06-15
CLI0006,RG0006,16293447,2025-05-09
CLI0007,RG0007,58885275,2018-04-06
CLI0008,RG0008,53858035,2019-07-23
CLI0009,RG0127,20686342,2021-05-29
CLI0010,RG0010,67210317,2019-09-07
CLI0011,RG0103,60170490,2024-02-26
CLI0012,RG0110,84067785,2020-07-13
CLI0013,RG0013,27667669,2020-06-07
CLI0014,RG0014,80703629,2025-12-29
CLI0015,RG0127,20686342,2025-04-26
CLI0016,RG0103,60170490,2018-11-23
CLI0017,RG0017,99833906,2020-06-27
CLI0018,RG0018,92362416,2018-04-27
CLI0019,RG0109,25826147,2023-03-19
CLI0020,RG0109,25826147,2021-09-02
CLI0021,RG0110,84067785,2022-09-07
CLI0022,RG0022,14535123,2020-11-10
CLI0023,RG0023,79767584,2021-09-16
CLI0024,RG0024,39807813,2021-06-01
CLI0025,RG0127,20686342,2022-08-06
CLI0026,RG0026,39318337,2023-04-25
CLI0027,RG0103,60170490,2022-02-12
CLI0028,RG0028,11089156,2024-01-11
CLI0029,RG0029,37374649,2025-09-25
CLI0030,RG0030,73305233,2023-11-05
CLI0031,RG0031,74435190,2025-09-20
CLI0032,RG0032,28208868,2024-12-06
CLI0033,RG0033,99896917,2025-01-28
CLI0034,RG0034,34380986,2021-01-17
CLI0035,RG0035,38866008,2025-05-22
CLI0036,RG0036,30829470,2025-07-05
CLI0037,RG0037,53883117,2021-12-25
CLI0038,RG0038,32355818,2025-12-23
CLI0039,RG0039,66086286,2020-06-19
CLI0040,RG0040,43169938,2019-04-20
CLI0041,RG0041,25633534,2021-11-15
CLI0042,RG0042,19379467,2020-05-13
CLI0043,RG0043,25101251,2022-07-31
CLI0044,RG0044,30030597,2019-12-25
CLI0045,RG0045,35292050,2023-02-05
CLI0046,RG0046,77573352,2023-05-02
CLI0047,RG0047,79032815,2022-03-19
CLI0048,RG0048,12326935,2019-04-13
CLI0049,RG0127,20686342,2020-10-29
CLI0050,RG0050,87468921,2021-12-12
CLI0051,RG0051,47203031,2024-03-14
CLI0052,RG0052,21092802,2022-09-19
CLI0053,RG0053,94998837,2021-04-29
CLI0054,RG0054,72619658,2020-06-16
CLI0055,RG0055,64048981,2023-10-06
CLI0056,RG0056,28251835,2019-10-25
CLI0057,RG0057,49407965,2019-06-20
CLI0058,RG0058,34003188,2018-09-17
CLI0059,RG0059,23483335,2024-04-26
CLI0060,RG0060,87367064,2025-02-08
CLI0061,RG0103,60170490,2022-04-27
CLI0062,RG0062,38805562,2025-11-21
CLI0063,RG0063,23041676,2022-12-10
CLI0064,RG0064,83778810,2022-01-10
CLI0065,RG0065,13629536,2021-09-15
CLI0066,RG0066,26523927,2020-01-17
CLI0067,RG0067,18094532,2022-09-03
CLI0068,RG0103,60170490,2024-10-01
CLI0069,RG0069,52873862,2018-07-05
CLI0070,RG0070,26736237,2018-06-22
CLI0071,RG0071,66799483,2020-11-17
CLI0072,RG0072,48257905,2025-06-17
CLI0073,RG0073,43702011,2025-10-02
CLI0074,RG0074,25906087,2022-08-04
CLI0075,RG0075,40850070,2024-03-03
CLI0076,RG0076,79293917,2021-10-14
CLI0077,RG0077,24415273,2020-05-26
CLI0078,RG0078,21332672,2019-05-22
CLI0079,RG0079,72001364,2025-12-13
CLI0080,RG0080,81228560,2018-02-25
CLI0081,RG0081,25328450,2022-03-27
CLI0082,RG0082,80883378,2018-02-15
CLI0083,RG0083,13984125,2020-06-10
CLI0084,RG0084,64033353,2019-03-23
CLI0085,RG0085,57410229,2018-05-10
CLI0086,RG0086,14306326,2024-11-07
CLI0087,RG0087,94132724,2025-10-04
CLI0088,RG0088,72727812,2022-09-23
CLI0089,RG0089,84092834,2018-04-24
CLI0090,RG0058,34003188,2025-05-02
CLI0091,RG0091,91350587,2023-08-08
CLI0092,RG0109,25826147,2020-05-04
CLI0093,RG0093,29923261,2019-09-09
CLI0094,RG0094,41312845,2021-09-02
CLI0095,RG0095,89319330,2018-10-19
CLI0096,RG0096,67819252,2023-02-07
CLI0097,RG0110,84067785,2018-06-18
CLI0098,RG0098,99302836,2021-05-07
CLI0099,RG0099,59576939,2025-05-31
CLI0100,RG0100,69653983,2025-06-09
CLI0101,RG0101,19477031,2018-07-04
CLI0102,RG0102,26138727,2023-08-31
CLI0103,RG0103,60170490,2024-03-23
CLI0104,RG0104,82490321,2018-12-31
CLI0105,RG0105,34136369,2019-08-22
CLI0106,RG0106,96966644,2019-03-17
CLI0107,RG0107,32192825,2018-06-21
CLI0108,RG0108,99962943,2019-04-03
CLI0109,RG0109,25826147,2023-04-21
CLI0110,RG0110,84067785,2021-04-10
CLI0111,RG0111,60652004,2019-05-10
CLI0112,RG0110,84067785,2019-09-09
CLI0113,RG0113,67620777,2023-01-11
CLI0114,RG0114,11558972,2019-12-29
CLI0115,RG0115,87845932,2019-11-20
CLI0116,RG0116,77448816,2020-06-14
CLI0117,RG0117,77351635,2025-07-06
CLI0118,RG0118,30312335,2019-08-12
CLI0119,RG0119,50251854,2018-10-21
CLI0120,RG0120,37457064,2020-11-26
CLI0121,RG0121,55866092,2022-11-13
CLI0122,RG0109,25826147,2023-09-03
CLI0123,RG0123,29413864,2021-07-10
CLI0124,RG0124,48809347,2018-05-16
CLI0125,RG0125,18768924,2022-08-21
CLI0126,RG0126,82617403,2020-02-29
CLI0127,RG0127,20686342,2025-07-29
CLI0128,RG0128,93556913,2020-03-23
CLI0129,RG0129,88083792,2020-05-29
CLI0130,RG0130,22119306,2024-04-08
CLI0131,RG0131,28088212,2019-03-31
CLI0132,RG0132,61202708,2023-12-13
CLI0133,RG0133,18303664,2023-10-16
CLI0134,RG0134,65135245,2025-03-20
CLI0135,RG0135,17490874,2022-08-07
CLI0136,RG0136,28238410,2019-05-19
CLI0137,RG0137,46771858,2019-03-31
CLI0138,RG0138,68492621,2020-06-06
CLI0139,RG0139,69471346,2023-10-19
CLI0140,RG0058,34003188,2023-09-15
CLI0141,RG0141,64282556,2023-12-23
CLI0142,RG0142,24549026,2021-08-28
CLI0143,RG0143,35063557,2019-05-14
CLI0144,RG0110,84067785,2023-08-08
CLI0145,RG0145,19037184,2024-01-22
CLI0146,RG0146,59997347,2020-11-01
CLI0147,RG0147,10821316,2021-04-02
CLI0148,RG0148,74585618,2020-10-03
CLI0149,RG0149,11828041,2024-12-08
CLI0150,RG0150,95710642,2023-09-18
CLI0151,RG0151,80969219,2021-07-17
CLI0152,RG0152,89019640,2021-06-04
CLI0153,RG0153,95303152,2018-08-21
CLI0154,RG0154,84825320,2018-04-28
CLI0155,RG0155,14219205,2020-05-13
CLI0156,RG0156,29547737,2022-08-28
CLI0157,RG0157,70055642,2020-11-27
CLI0158,RG0158,37686424,2022-03-15
CLI0159,RG0159,82329391,2022-03-29
CLI0160,RG0160,82867071,2023-11-22
CLI0161,RG0161,95274112,2021-03-28
CLI0162,RG0162,29438263,2023-11-28
CLI0163,RG0163,95143591,2025-11-20
CLI0164,RG0164,48467570,2018-01-01
CLI0165,RG0165,99929358,2018-11-21
CLI0166,RG0166,81817250,2023-12-17
CLI0167,RG0167,96139190,2022-10-01
CLI0168,RG0168,78785556,2023-12-31
CLI0169,RG0169,30804224,2025-01-21
CLI0170,RG0170,24046439,2025-12-11
CLI0171,RG0171,22018085,2020-02-07
CLI0172,RG0172,37344860,2020-04-12
CLI0173,RG0173,86237437,2020-05-29
CLI0174,RG0174,31087800,2025-06-25
CLI0175,RG0175,87587787,2024-07-24
CLI0176,RG0176,34845617,2022-01-24
CLI0177,RG0177,71915863,2024-09-15
CLI0178,RG0178,61839427,2020-10-18
CLI0179,RG0179,22474259,2018-08-20
CLI0180,RG0180,21415537,2024-08-09
CLI0181,RG0181,52260040,2021-05-27
CLI0182,RG0182,12268507,2023-12-03
CLI0183,RG0183,88963818,2021-10-07
CLI0184,RG0184,68096255,2020-08-24
CLI0185,RG0185,62745872,2023-09-17
CLI0186,RG0186,10212821,2020-10-05
CLI0187,RG0187,93028933,2021-05-18
CLI0188,RG0188,66329894,2024-06-05
CLI0189,RG0189,62132081,2023-04-01
CLI0190,RG0190,84547316,2022-02-27
CLI0191,RG0191,92458705,2018-01-20
CLI0192,RG0192,20406486,2021-09-02
CLI0193,RG0193,27810833,2022-09-14
CLI0194,RG0194,11971999,2022-04-21
CLI0195,RG0195,55045402,2021-07-03
CLI0196,RG0196,22108094,2021-08-19
CLI0197,RG0197,20016439,2025-08-20
CLI0198,RG0198,68484362,2023-02-03
CLI0199,RG0199,19992259,2025-02-01
CLI0200,RG0200,84296506,2024-07-21
CLI0201,RG0201,77887006,2018-01-07
CLI0202,RG0202,87111120,2018-02-05
CLI0203,RG0203,46924502,2025-03-12
CLI0204,RG0204,73082694,2018-04-11
CLI0205,RG0205,75159326,2023-08-22
CLI0206,RG0206,22091603,2024-07-13
CLI0207,RG0207,74621853,2024-11-29
CLI0208,RG0208,91928972,2024-02-19
CLI0209,RG0209,15854522,2021-12-14
CLI0210,RG0210,15885467,2023-07-15
CLI0211,RG0211,74943516,2020-02-18
CLI0212,RG0212,49330568,2024-11-05
CLI0213,RG0213,56253278,2024-02-20
CLI0214,RG0214,21823343,2022-10-12
CLI0215,RG0215,82265483,2021-05-16
CLI0216,RG0216,57217126,2021-02-03
CLI0217,RG0217,38633439,2024-10-18
CLI0218,RG0218,30318407,2018-01-20
CLI0219,RG0219,67615231,2024-12-01
CLI0220,RG0220,83438903,2024-11-09
CLI0221,RG0221,28508590,2019-10-15
CLI0222,RG0222,16727120,2019-04-16
CLI0223,RG0223,31401790,2022-07-26
CLI0224,RG0224,53560692,2020-12-13
CLI0225,RG0225,23385516,2019-02-07
CLI0226,RG0226,12563103,2021-06-23
CLI0227,RG0227,95073357,2023-10-03
CLI0228,RG0228,21161254,2019-03-03
CLI0229,RG0229,85952511,2018-11-02
CLI0230,RG0230,52883576,2024-07-12
CLI0231,RG0231,95055990,2024-12-04
CLI0232,RG0232,23407419,2022-07-30
CLI0233,RG0233,89173318,2020-08-03
CLI0234,RG0234,48633985,2023-07-21
CLI0235,RG0235,47236581,2023-04-02
CLI0236,RG0236,48146203,2021-08-16
CLI0237,RG0237,92758578,2025-08-02
CLI0238,RG0238,86112485,2022-07-21
CLI0239,RG0239,64701384,2025-05-06
CLI0240,RG0240,83483941,2024-08-24
CLI0241,RG0241,42431822,2020-10-21
CLI0242,RG0242,48785706,2024-01-23
CLI0243,RG0243,71535643,2022-06-10
CLI0244,RG0244,56699561,2018-10-23
CLI0245,RG0245,27449362,2025-03-15
CLI0246,RG0246,88129878,2023-12-08
CLI0247,RG0247,19360882,2018-07-29
CLI0248,RG0248,95524438,2022-07-02
CLI0249,RG0249,25656264,2021-12-07
CLI0250,RG0250,10871774,2025-05-10
CLI0251,RG0251,85912695,2018-05-13
CLI0252,RG0252,16231220,2018-04-05
CLI0253,RG0253,59666464,2025-09-05
CLI0254,RG0254,89971987,2020-02-04
CLI0255,RG0255,40286199,2025-01-06
CLI0256,RG0256,96843557,2024-03-24
CLI0257,RG0257,86886722,2024-03-29
CLI0258,RG0258,25041051,2025-03-11
CLI0259,RG0259,88992670,2019-01-25
CLI0260,RG0260,84626797,2018-11-13
CLI0261,RG0261,91050580,2018-12-19
CLI0262,RG0262,88099210,2021-01-18
CLI0263,RG0263,22881476,2021-03-02
CLI0264,RG0264,83980790,2021-05-26
CLI0265,RG0265,98917279,2018-12-22
CLI0266,RG0266,47414684,2023-01-21
CLI0267,RG0267,87480448,2022-10-27
CLI0268,RG0268,37898180,2024-05-10
CLI0269,RG0269,58207686,2019-10-02
CLI0270,RG0270,27534576,2022-01-24
CLI0271,RG0271,36446456,2025-01-23
CLI0272,RG0272,63403040,2021-07-25
CLI0273,RG0273,13075969,2021-04-11
CLI0274,RG0274,91620278,2018-03-25
CLI0275,RG0275,43278142,2021-09-21
CLI0276,RG0276,86167096,2018-02-15
CLI0277,RG0277,59243476,2022-03-22
CLI0278,RG0278,41389215,2021-02-14
CLI0279,RG0279,58542593,2019-01-22
CLI0280,RG0280,67912960,2023-04-23
CLI0281,RG0281,11145701,2024-04-14
CLI0282,RG0282,61719505,2019-12-21
CLI0283,RG0283,65154850,2025-12-21
CLI0284,RG0284,79080131,2019-11-03
CLI0285,RG0285,93587401,2020-11-18
CLI0286,RG0286,90636015,2020-09-06
CLI0287,RG0287,42134668,2018-08-03
CLI0288,RG0288,81354003,2019-06-12
CLI0289,RG0289,42331122,2024-02-24
CLI0290,RG0290,45846358,2021-07-10
CLI0291,RG0291,88762521,2020-01-10
CLI0292,RG0292,85741435,2023-03-15
CLI0293,RG0293,38000735,2024-09-03
CLI0294,RG0294,12969702,2019-08-28
CLI0295,RG0295,63566423,2019-06-27
CLI0296,RG0296,34390563,2020-04-18
CLI0297,RG0297,88987309,2022-12-18
CLI0298,RG0298,99616888,2023-12-07
CLI0299,RG0299,25615418,2022-09-27
CLI0300,RG0300,98286472,2018-05-11
CLI0301,RG0301,26372136,2019-10-10
CLI0302,RG0302,83683223,2018-09-17
CLI0303,RG0303,98307414,2019-12-22
CLI0304,RG0304,97306866,2022-07-29
CLI0305,RG0305,13397731,2025-06-17
CLI0306,RG0306,70796114,2022-12-13
CLI0307,RG0307,72818001,2024-04-06
CLI0308,RG0308,30468290,2021-11-22
CLI0309,RG0309,79678327,2024-06-27
CLI0310,RG0310,27183032,2023-11-22
CLI0311,RG0311,67099258,2023-01-28
CLI0312,RG0312,63418120,2024-10-05
CLI0313,RG0313,60745502,2024-07-26
CLI0314,RG0314,13595556,2018-03-09
CLI0315,RG0315,57278045,2023-11-09
CLI0316,RG0316,92671221,2023-01-20
CLI0317,RG0317,39804324,2023-08-27
CLI0318,RG0318,78085419,2020-08-12
CLI0319,RG0319,78645744,2022-05-27
CLI0320,RG0320,36830566,2021-04-24
CLI0321,RG0321,23391799,2021-06-14
CLI0322,RG0322,94592986,2019-01-25
CLI0323,RG0323,69406943,2020-01-02
CLI0324,RG0324,31660837,2020-01-04
CLI0325,RG0325,85190528,2022-02-07
CLI0326,RG0326,17671873,2018-12-25
CLI0327,RG0327,42513327,2018-08-27
CLI0328,RG0328,63260244,2022-12-20
CLI0329,RG0329,52312851,2020-08-14
CLI0330,RG0330,98582538,2024-02-25
CLI0331,RG0331,48496836,2025-05-25
CLI0332,RG0332,47158023,2021-02-20
CLI0333,RG0333,33391451,2023-08-05
CLI0334,RG0334,20400956,2023-10-18
CLI0335,RG0335,60462544,2022-10-04
CLI0336,RG0336,34811860,2023-03-14
CLI0337,RG0337,31246090,2025-01-24
CLI0338,RG0338,51269401,2018-12-27
CLI0339,RG0339,96874609,2019-11-07
CLI0340,RG0340,67225399,2020-06-03
CLI0341,RG0341,62264845,2019-09-01
CLI0342,RG0342,83107943,2021-06-01
CLI0343,RG0343,22307163,2025-08-10
CLI0344,RG0344,87607161,2018-12-08
CLI0345,RG0345,26247241,2019-05-31
CLI0346,RG0346,47955201,2023-07-08
CLI0347,RG0347,28828124,2020-08-29
CLI0348,RG0348,63809725,2025-09-03
CLI0349,RG0349,37018872,2019-10-17
CLI0350,RG0350,13094200,2023-12-20
CLI0351,RG0351,89035895,2025-11-18
CLI0352,RG0352,24751864,2020-09-15
CLI0353,RG0353,16649866,2025-07-04
CLI0354,RG0354,31677773,2021-01-25
CLI0355,RG0355,20517721,2019-09-15
CLI0356,RG0356,62810773,2022-11-28
CLI0357,RG0357,45128164,2020-02-08
CLI0358,RG0358,50983721,2022-01-16
CLI0359,RG0359,87620704,2024-01-12
CLI0360,RG0360,98232407,2018-12-07
CLI0361,RG0361,66388658,2024-05-29
CLI0362,RG0362,46186270,2024-11-17
CLI0363,RG0363,18214653,2024-05-16
CLI0364,RG0364,79601571,2019-10-08
CLI0365,RG0365,88598588,2024-10-27
CLI0366,RG0366,86059172,2018-12-05
CLI0367,RG0367,17329318,2023-08-18
CLI0368,RG0368,71937580,2020-10-25
CLI0369,RG0369,55282621,2021-12-07
CLI0370,RG0370,45043102,2022-11-10
CLI0371,RG0371,62061217,2025-06-18
CLI0372,RG0372,37474847,2025-07-31
CLI0373,RG0373,43374719,2018-07-12
CLI0374,RG0374,98049954,2018-03-26
CLI0375,RG0375,98319658,2023-03-29
CLI0376,RG0376,28907022,2018-12-13
CLI0377,RG0377,98941279,2022-07-22
CLI0378,RG0378,15038516,2024-02-04
CLI0379,RG0379,31927086,2024-09-28
CLI0380,RG0380,55201053,2025-05-28
CLI0381,RG0381,41376497,2020-01-01
CLI0382,RG0382,37435603,2024-08-24
CLI0383,RG0383,72873761,2020-11-12
CLI0384,RG0384,67293274,2022-05-21
CLI0385,RG0385,47311724,2022-07-02
CLI0386,RG0386,88077298,2020-11-07
CLI0387,RG0387,27691237,2018-04-23
CLI0388,RG0388,70964226,2019-10-08
CLI0389,RG0389,68968103,2025-09-29
CLI0390,RG0390,96193700,2020-10-04
CLI0391,RG0391,16717119,2018-10-02
CLI0392,RG0392,72969714,2024-10-06
CLI0393,RG0393,90369200,2018-03-22
CLI0394,RG0394,44188269,2025-07-05
CLI0395,RG0395,86960904,2023-11-06
CLI0396,RG0396,26002217,2025-09-17
CLI0397,RG0397,84195414,2018-08-17
CLI0398,RG0398,75059528,2024-09-15
CLI0399,RG0399,57641877,2023-04-03
CLI0400,RG0400,29073006,2025-01-25
CLI0401,RG0401,31951279,2025-06-06
CLI0402,RG0402,60584537,2025-10-18
CLI0403,RG0403,82420995,2021-11-09
CLI0404,RG0404,50900605,2021-08-09
CLI0405,RG0405,12793011,2023-09-02
CLI0406,RG0406,56890422,2023-07-31
CLI0407,RG0407,34381903,2024-02-17
CLI0408,RG0408,34828471,2019-09-19
CLI0409,RG0409,30617314,2022-06-28
CLI0410,RG0410,91146225,2024-01-13
CLI0411,RG0411,19574538,2022-08-26
CLI0412,RG0412,99233384,2018-12-06
CLI0413,RG0413,30692256,2024-08-10
CLI0414,RG0414,20200250,2020-01-26
CLI0415,RG0415,37482786,2018-08-23
CLI0416,RG0416,81730341,2023-09-30
CLI0417,RG0417,33205676,2019-12-04
CLI0418,RG0418,59994691,2018-10-31
CLI0419,RG0419,49990742,2023-06-18
CLI0420,RG0420,82106291,2024-10-27
CLI0421,RG0421,62112332,2019-07-14
CLI0422,RG0422,42823207,2020-11-16
CLI0423,RG0423,63592573,2025-02-10
CLI0424,RG0424,34198463,2024-04-03
CLI0425,RG0425,34564761,2024-02-04
CLI0426,RG0426,39119631,2023-01-24
CLI0427,RG0427,73224527,2019-12-24
CLI0428,RG0428,80712066,2020-12-25
CLI0429,RG0429,39439338,2024-04-05
CLI0430,RG0430,10286011,2023-04-26
CLI0431,RG0431,83010662,2025-01-04
CLI0432,RG0432,34086771,2025-01-24
CLI0433,RG0433,84242633,2018-04-19
CLI0434,RG0434,81669833,2023-04-10
CLI0435,RG0435,84599555,2021-11-23
CLI0436,RG0436,21180576,2018-03-06
CLI0437,RG0437,24059958,2019-06-21
CLI0438,RG0438,99096950,2024-09-14
CLI0439,RG0439,40038699,2020-01-21
CLI0440,RG0440,12655477,2020-02-21
CLI0441,RG0441,94443038,2025-02-05
CLI0442,RG0442,45755742,2022-12-15
CLI0443,RG0443,77534062,2025-04-13
CLI0444,RG0444,50118830,2023-03-11
CLI0445,RG0445,59477949,2021-02-03
CLI0446,RG0446,22643416,2025-03-12
CLI0447,RG0447,85900715,2022-07-19
CLI0448,RG0448,68405557,2018-11-01
CLI0449,RG0449,45986064,2021-07-21
CLI0450,RG0450,68770286,2023-06-11
CLI0451,RG0451,89898336,2022-04-24
CLI0452,RG0452,47017197,2020-03-18
CLI0453,RG0453,42552076,2019-12-01
CLI0454,RG0454,61112881,2025-08-17
CLI0455,RG0455,91192063,2018-07-29
CLI0456,RG0456,32015250,2025-08-02
CLI0457,RG0457,90776162,2018-09-03
CLI0458,RG0458,58126351,2021-09-03
CLI0459,RG0459,15522926,2022-05-05
CLI0460,RG0460,24225241,2024-10-09
CLI0461,RG0461,59735453,2023-02-02
CLI0462,RG0462,62395558,2019-12-21
CLI0463,RG0463,49296782,2025-10-16
CLI0464,RG0464,70240339,2023-01-04
CLI0465,RG0465,73364738,2019-06-28
CLI0466,RG0466,59977478,2018-10-17
CLI0467,RG0467,27653215,2021-12-23
CLI0468,RG0468,84977524,2022-01-31
CLI0469,RG0469,26917610,2021-09-22
CLI0470,RG0470,33925710,2019-03-15
CLI0471,RG0471,96908165,2019-10-02
CLI0472,RG0472,62183535,2021-06-12
CLI0473,RG0473,68662999,2024-08-30
CLI0474,RG0474,75645744,2019-11-25
CLI0475,RG0475,23640196,2020-07-26
CLI0476,RG0476,34808116,2023-11-01
CLI0477,RG0477,72185010,2021-05-29
CLI0478,RG0478,56507120,2024-04-15
CLI0479,RG0479,56476289,2025-03-08
CLI0480,RG0480,59424791,2018-05-17
CLI0481,RG0481,95460732,2024-01-01
CLI0482,RG0482,46137452,2023-08-29
CLI0483,RG0483,68835737,2021-10-09
CLI0484,RG0484,50302933,2018-10-07
CLI0485,RG0485,54744169,2021-12-16
CLI0486,RG0486,81115416,2019-10-21
CLI0487,RG0487,34457130,2024-03-30
CLI0488,RG0488,84734631,2025-12-06
CLI0489,RG0489,48284400,2024-02-18
CLI0490,RG0490,34365789,2024-12-23
CLI0491,RG0491,40390409,2018-12-22
CLI0492,RG0492,67023177,2022-09-25
CLI0493,RG0493,21760471,2022-05-21
CLI0494,RG0494,18765008,2021-02-18
CLI0495,RG0495,94437041,2021-02-20
CLI0496,RG0496,14956822,2023-11-10
CLI0497,RG0497,41400578,2020-05-21
CLI0498,RG0498,80070676,2018-01-22
CLI0499,RG0499,79350676,2024-09-07
CLI0500,RG0500,75804038,2024-11-30
CLI0501,RG0501,16891024,2022-06-24
CLI0502,RG0502,28476277,2022-05-26
CLI0503,RG0503,54045721,2021-12-06
CLI0504,RG0504,45685256,2022-12-28
CLI0505,RG0505,24067515,2024-05-09
CLI0506,RG0506,68306519,2018-12-11
CLI0507,RG0507,20708745,2021-09-08
CLI0508,RG0508,72815282,2025-05-13
CLI0509,RG0509,88544364,2020-09-30
CLI0510,RG0510,12773948,2024-02-20
CLI0511,RG0511,26312537,2019-10-13
CLI0512,RG0512,86974571,2022-02-07
CLI0513,RG0513,67256197,2022-01-12
CLI0514,RG0514,23564624,2025-01-21
CLI0515,RG0515,50176313,2024-08-28
CLI0516,RG0516,37600745,2018-06-29
CLI0517,RG0517,90474782,2020-06-10
CLI0518,RG0518,10954878,2025-11-23
CLI0519,RG0519,49177990,2019-04-29
CLI0520,RG0520,88488268,2021-12-30
CLI0521,RG0521,60980034,2018-12-27
CLI0522,RG0522,73288596,2024-08-21
CLI0523,RG0523,97262584,2022-10-31
CLI0524,RG0524,21033610,2022-09-27
CLI0525,RG0525,93678289,2023-02-15
CLI0526,RG0526,45648360,2025-10-31
CLI0527,RG0527,75822380,2020-02-02
CLI0528,RG0528,28028246,2019-10-08
CLI0529,RG0529,25577207,2023-07-14
CLI0530,RG0530,16026859,2022-02-27
CLI0531,RG0531,77868041,2023-09-02
CLI0532,RG0532,57057406,2022-06-30
CLI0533,RG0533,70869451,2025-12-30
CLI0534,RG0534,24181221,2025-08-15
CLI0535,RG0535,77629198,2024-06-13
CLI0536,RG0536,97496479,2022-04-05
CLI0537,RG0537,73739506,2023-07-04
CLI0538,RG0538,11671866,2023-11-16
CLI0539,RG0539,35003381,2024-11-04
CLI0540,RG0540,45160491,2023-07-08
CLI0541,RG0541,71985141,2025-12-14
CLI0542,RG0542,76403941,2022-10-13
CLI0543,RG0543,42238832,2019-07-02
CLI0544,RG0544,95133201,2025-01-19
CLI0545,RG0545,84896302,2019-01-18
CLI0546,RG0546,60089292,2018-10-30
CLI0547,RG0547,96662531,2023-11-01
CLI0548,RG0548,93464229,2025-08-22
CLI0549,RG0549,61201714,2025-05-23
CLI0550,RG0550,97617026,2020-12-31
CLI0551,RG0551,41735204,2020-07-15
CLI0552,RG0552,88301601,2024-12-15
CLI0553,RG0553,18044003,2018-05-15
CLI0554,RG0554,71927371,2024-10-03
CLI0555,RG0555,70595412,2023-09-28
CLI0556,RG0556,15537346,2020-10-11
CLI0557,RG0557,26099456,2025-06-14
CLI0558,RG0558,24892710,2018-03-13
CLI0559,RG0559,44471853,2022-06-12
CLI0560,RG0560,50471259,2023-09-24
CLI0561,RG0561,29336846,2021-03-02
CLI0562,RG0562,46453156,2025-04-07
CLI0563,RG0563,34512392,2023-10-06
CLI0564,RG0564,20590155,2021-03-19
CLI0565,RG0565,58196283,2020-10-28
CLI0566,RG0566,24267429,2024-02-25
CLI0567,RG0567,64304950,2021-11-30
CLI0568,RG0568,78946993,2024-01-11
CLI0569,RG0569,77135692,2018-06-03
CLI0570,RG0570,40966885,2023-02-02
CLI0571,RG0571,86135513,2021-07-15
CLI0572,RG0572,81012790,2023-08-04
CLI0573,RG0573,47393393,2018-12-11
CLI0574,RG0574,31168865,2023-01-04
CLI0575,RG0575,29868814,2020-10-24
CLI0576,RG0576,29915816,2020-12-02
CLI0577,RG0577,18181846,2021-08-29
CLI0578,RG0578,64130831,2019-04-05
CLI0579,RG0579,86252866,2021-03-10
CLI0580,RG0580,87798642,2025-02-06
CLI0581,RG0581,71303454,2020-01-02
CLI0582,RG0582,55209685,2023-03-14
CLI0583,RG0583,42875807,2020-11-24
CLI0584,RG0584,68325929,2019-11-25
CLI0585,RG0585,52726974,2021-03-25
CLI0586,RG0586,86951198,2020-10-14
CLI0587,RG0587,99218645,2023-09-26
CLI0588,RG0588,65414868,2019-01-07
CLI0589,RG0589,88115343,2024-05-21
CLI0590,RG0590,17859815,2019-12-16
CLI0591,RG0591,78047801,2024-06-14
CLI0592,RG0592,30037607,2024-08-09
CLI0593,RG0593,76690193,2018-07-26
CLI0594,RG0594,35857500,2024-01-13
CLI0595,RG0595,49548494,2025-08-02
CLI0596,RG0596,83679097,2025-09-03
CLI0597,RG0597,99329766,2024-08-18
CLI0598,RG0598,17433165,2025-01-20
CLI0599,RG0599,42521351,2022-08-03
CLI0600,RG0600,27066088,2020-04-08
CLI0601,RG0601,45499509,2019-11-17
CLI0602,RG0602,53634492,2021-04-26
CLI0603,RG0603,69029762,2021-01-07
CLI0604,RG0604,41755622,2019-07-03
CLI0605,RG0605,41524851,2025-06-27
CLI0606,RG0606,31901903,2024-04-11
CLI0607,RG0607,70809112,2022-06-11
CLI0608,RG0608,27451259,2021-10-02
CLI0609,RG0609,93690835,2022-10-29
CLI0610,RG0610,37876148,2021-09-15
CLI0611,RG0611,77189199,2024-08-23
CLI0612,RG0612,38115244,2018-11-27
CLI0613,RG0613,30242166,2021-06-12
CLI0614,RG0614,87152651,2025-08-10
CLI0615,RG0615,21803296,2021-12-24
CLI0616,RG0616,29696682,2020-11-02
CLI0617,RG0617,88753507,2021-12-12
CLI0618,RG0618,79366029,2021-11-23
CLI0619,RG0619,12454378,2019-03-16
CLI0620,RG0620,59804167,2025-05-08
CLI0621,RG0621,63881516,2025-01-27
CLI0622,RG0622,29096178,2019-12-06
CLI0623,RG0623,37064257,2022-03-02
CLI0624,RG0624,11772524,2022-01-01
CLI0625,RG0625,23274325,2021-01-21
CLI0626,RG0626,57617569,2023-01-26
CLI0627,RG0627,72633954,2022-09-14
CLI0628,RG0628,37653284,2024-07-28
CLI0629,RG0629,26022893,2025-11-09
CLI0630,RG0630,28468603,2018-02-23
CLI0631,RG0631,67277680,2025-02-17
CLI0632,RG0632,37219705,2023-11-04
CLI0633,RG0633,36570477,2018-08-29
CLI0634,RG0634,34435837,2025-03-26
CLI0635,RG0635,77176147,2019-04-19
CLI0636,RG0636,63051082,2023-01-25
CLI0637,RG0637,61600243,2022-06-13
CLI0638,RG0638,62201776,2023-06-18
CLI0639,RG0639,87586461,2018-11-04
CLI0640,RG0640,50022624,2023-04-07
CLI0641,RG0641,36524771,2020-06-01
CLI0642,RG0642,25100330,2023-05-01
CLI0643,RG0643,18852788,2018-01-14
CLI0644,RG0644,20011871,2025-12-03
CLI0645,RG0645,19565463,2020-01-10
CLI0646,RG0646,99623431,2023-01-26
CLI0647,RG0647,10421479,2020-06-07
CLI0648,RG0648,30866574,2023-11-04
CLI0649,RG0649,55226010,2024-02-01
CLI0650,RG0650,23217836,2020-12-28
CLI0651,RG0651,44842564,2020-10-10
CLI0652,RG0652,30603533,2024-11-02
CLI0653,RG0653,28971196,2023-12-24
CLI0654,RG0654,18206894,2018-01-27
CLI0655,RG0655,97555419,2024-10-31
CLI0656,RG0656,52687971,2023-05-31
CLI0657,RG0657,19783931,2023-11-06
CLI0658,RG0658,16685457,2023-04-09
CLI0659,RG0659,80877336,2018-05-06
CLI0660,RG0660,70222807,2019-06-17
CLI0661,RG0661,37766215,2023-05-07
CLI0662,RG0662,66045156,2023-10-14
CLI0663,RG0663,77638983,2018-11-14
CLI0664,RG0664,80238223,2024-07-23
CLI0665,RG0665,59729857,2025-04-13
CLI0666,RG0666,80440993,2020-11-29
CLI0667,RG0667,21248519,2020-04-06
CLI0668,RG0668,35749946,2022-03-06
CLI0669,RG0669,89910383,2021-04-06
CLI0670,RG0670,20331334,2023-08-22
CLI0671,RG0671,38193492,2024-04-08
CLI0672,RG0672,33630872,2021-08-03
CLI0673,RG0673,59793666,2020-04-02
CLI0674,RG0674,17678081,2024-02-21
CLI0675,RG0675,84153574,2024-11-05
CLI0676,RG0676,87656343,2021-11-04
CLI0677,RG0677,83765130,2023-08-14
CLI0678,RG0678,20392769,2023-06-28
CLI0679,RG0679,12593999,2022-07-04
CLI0680,RG0680,11446908,2019-07-15
CLI0681,RG0681,34634296,2021-09-10
CLI0682,RG0682,85591614,2024-01-13
CLI0683,RG0683,14363594,2020-12-04
CLI0684,RG0684,92241666,2020-08-26
CLI0685,RG0685,72010916,2020-08-24
CLI0686,RG0686,86851987,2023-09-11
CLI0687,RG0687,26836089,2024-07-18
CLI0688,RG0688,33037865,2022-02-11
CLI0689,RG0689,93675181,2025-06-14
CLI0690,RG0690,83300539,2022-09-18
CLI0691,RG0691,32769522,2025-11-17
CLI0692,RG0692,34987417,2018-12-13
CLI0693,RG0693,44768842,2024-08-13
CLI0694,RG0694,43187506,2021-09-24
CLI0695,RG0695,30664729,2022-10-31
CLI0696,RG0696,48074872,2019-10-14
CLI0697,RG0697,37937587,2021-04-23
CLI0698,RG0698,31905860,2024-04-26
CLI0699,RG0699,82258236,2020-07-22
CLI0700,RG0700,31701972,2023-04-13
CLI0701,RG0701,92104813,2021-04-28
CLI0702,RG0702,63886874,2022-03-26
CLI0703,RG0703,31481965,2020-07-09
CLI0704,RG0704,37266260,2022-03-31
CLI0705,RG0705,20202362,2019-12-10
CLI0706,RG0706,66848213,2023-12-13
CLI0707,RG0707,63504799,2021-11-20
CLI0708,RG0708,70205894,2021-12-26
CLI0709,RG0709,52332948,2022-05-29
CLI0710,RG0710,57490644,2024-02-15
CLI0711,RG0711,38170117,2023-10-08
CLI0712,RG0712,69272776,2025-09-30
CLI0713,RG0713,43732173,2018-04-17
CLI0714,RG0714,44141277,2024-08-09
CLI0715,RG0715,82844194,2019-04-21
CLI0716,RG0716,87118971,2024-05-22
CLI0717,RG0717,58045710,2021-05-09
CLI0718,RG0718,46901435,2019-02-02
CLI0719,RG0719,35783955,2022-12-31
CLI0720,RG0720,64295203,2025-06-26
CLI0721,RG0721,98377293,2021-11-17
CLI0722,RG0722,60094372,2019-08-19
CLI0723,RG0723,57024934,2024-12-30
CLI0724,RG0724,50248639,2025-11-22
CLI0725,RG0725,32753536,2020-06-21
CLI0726,RG0726,11536077,2025-06-25
CLI0727,RG0727,28036027,2018-02-22
CLI0728,RG0728,58493738,2021-03-28
CLI0729,RG0729,15279873,2025-11-10
CLI0730,RG0730,59759281,2024-01-04
CLI0731,RG0731,22568973,2022-12-09
CLI0732,RG0732,12854500,2020-05-04
CLI0733,RG0733,63683635,2019-01-12
CLI0734,RG0734,62468705,2021-07-27
CLI0735,RG0735,72146678,2021-01-15
CLI0736,RG0736,29678081,2022-01-25
CLI0737,RG0737,11668434,2021-11-16
CLI0738,RG0738,36850207,2024-03-16
CLI0739,RG0739,36390882,2020-07-06
CLI0740,RG0740,66401411,2018-06-22
CLI0741,RG0741,93708333,2025-01-29
CLI0742,RG0742,23433419,2021-01-07
CLI0743,RG0743,92610445,2025-06-22
CLI0744,RG0744,85210503,2024-01-18
CLI0745,RG0745,39396943,2020-01-04
CLI0746,RG0746,44296444,2025-10-14
CLI0747,RG0747,81949589,2020-07-28
CLI0748,RG0748,72761616,2022-05-22
CLI0749,RG0749,89942779,2022-04-18
CLI0750,RG0750,22263507,2021-04-26
CLI0751,RG0751,39578165,2021-08-14
CLI0752,RG0752,96911803,2024-05-30
CLI0753,RG0753,45154848,2020-09-04
CLI0754,RG0754,82777174,2025-07-13
CLI0755,RG0755,62036138,2025-12-09
CLI0756,RG0756,21694111,2025-12-03
CLI0757,RG0757,32405926,2025-12-16
CLI0758,RG0758,70991492,2022-10-20
CLI0759,RG0759,67499502,2024-08-24
CLI0760,RG0760,89475703,2022-09-24
CLI0761,RG0761,38318644,2023-02-22
CLI0762,RG0762,34616876,2020-05-30
CLI0763,RG0763,78706154,2018-07-06
CLI0764,RG0764,54223450,2018-02-16
CLI0765,RG0765,65661439,2023-05-08
CLI0766,RG0766,13230673,2018-06-09
CLI0767,RG0767,25830744,2021-04-17
CLI0768,RG0768,63884756,2022-11-08
CLI0769,RG0769,19358752,2020-10-13
CLI0770,RG0770,78312821,2018-09-20
CLI0771,RG0771,30658585,2019-03-22
CLI0772,RG0772,10815480,2021-01-30
CLI0773,RG0773,14054318,2018-12-10
CLI0774,RG0774,50599103,2022-01-13
CLI0775,RG0775,13594894,2025-12-06
CLI0776,RG0776,10267329,2024-01-28
CLI0777,RG0777,47303947,2018-09-25
CLI0778,RG0778,73280434,2024-05-02
CLI0779,RG0779,25287101,2021-10-01
CLI0780,RG0780,87969595,2021-03-13
CLI0781,RG0781,16225199,2020-07-30
CLI0782,RG0782,69896880,2019-01-24
CLI0783,RG0783,95982813,2022-06-23
CLI0784,RG0784,90616304,2020-06-28
CLI0785,RG0785,14052129,2024-09-29
CLI0786,RG0786,34676025,2020-12-15
CLI0787,RG0787,89502034,2023-05-14
CLI0788,RG0788,62601689,2021-07-19
CLI0789,RG0789,93872717,2018-10-09
CLI0790,RG0790,46147988,2023-09-07
CLI0791,RG0791,75035598,2023-04-01
CLI0792,RG0792,98841927,2024-04-08
CLI0793,RG0793,12492068,2024-09-24
CLI0794,RG0794,34513473,2025-10-16
CLI0795,RG0795,70244877,2024-06-26
CLI0796,RG0796,51384518,2021-10-24
CLI0797,RG0797,20624566,2023-06-23
CLI0798,RG0798,63701561,2021-05-13
CLI0799,RG0799,86498139,2024-12-24
CLI0800,RG0800,30437354,2018-04-15
CLI0801,RG0801,72222360,2018-09-30
CLI0802,RG0802,60040826,2024-09-14
CLI0803,RG0803,34963860,2020-06-30
CLI0804,RG0804,61517012,2025-05-21
CLI0805,RG0805,60594089,2023-12-18
CLI0806,RG0806,84201737,2024-10-29
CLI0807,RG0807,91995629,2020-09-09
CLI0808,RG0808,80490059,2021-03-08
CLI0809,RG0809,90949736,2023-10-13
CLI0810,RG0810,10593111,2024-06-07
CLI0811,RG0811,29702370,2021-09-07
CLI0812,RG0812,85701885,2021-11-10
CLI0813,RG0813,87163353,2019-03-20
CLI0814,RG0814,92261717,2020-09-09
CLI0815,RG0815,11524247,2025-06-18
CLI0816,RG0816,41155626,2018-01-05
CLI0817,RG0817,45033347,2018-11-14
CLI0818,RG0818,59663454,2021-01-11
CLI0819,RG0819,94281692,2019-01-23
CLI0820,RG0820,86755219,2021-06-10
CLI0821,RG0821,51252304,2022-01-24
CLI0822,RG0822,36061212,2024-09-08
CLI0823,RG0823,75792454,2025-01-24
CLI0824,RG0824,66243095,2025-04-02
CLI0825,RG0825,88360154,2024-11-02
CLI0826,RG0826,15410958,2024-01-11
CLI0827,RG0827,83813063,2022-01-30
CLI0828,RG0828,81745429,2023-05-18
CLI0829,RG0829,53131238,2018-03-07
CLI0830,RG0830,74870281,2018-06-19
CLI0831,RG0831,61476077,2019-08-27
CLI0832,RG0832,10195370,2020-04-20
CLI0833,RG0833,46406358,2023-09-18
CLI0834,RG0834,16293604,2019-10-05
CLI0835,RG0835,42994737,2022-05-14
CLI0836,RG0836,43372509,2021-04-22
CLI0837,RG0837,38052325,2025-09-04
CLI0838,RG0838,83012855,2025-06-12
CLI0839,RG0839,62578740,2023-06-14
CLI0840,RG0840,90572667,2025-12-14
CLI0841,RG0841,35484385,2019-11-07
CLI0842,RG0842,67982400,2019-06-02
CLI0843,RG0843,25768498,2019-11-27
CLI0844,RG0844,22331322,2021-09-01
CLI0845,RG0845,47000747,2018-03-24
CLI0846,RG0846,35027676,2025-06-22
CLI0847,RG0847,31331521,2018-12-01
CLI0848,RG0848,74076489,2021-04-23
CLI0849,RG0849,28466565,2022-12-17
CLI0850,RG0850,19855438,2021-02-04
CLI0851,RG0851,62007481,2018-10-29
CLI0852,RG0852,58761580,2018-02-02
CLI0853,RG0853,12207060,2022-06-04
CLI0854,RG0854,63859530,2019-10-18
CLI0855,RG0855,42038577,2023-12-10
CLI0856,RG0856,21774924,2019-07-10
CLI0857,RG0857,39038757,2021-10-21
CLI0858,RG0858,13867147,2020-09-13
CLI0859,RG0859,36847704,2019-10-05
CLI0860,RG0860,97143176,2025-03-09
CLI0861,RG0861,15771083,2022-10-17
CLI0862,RG0862,46688997,2019-03-04
CLI0863,RG0863,48294101,2022-02-17
CLI0864,RG0864,85304172,2023-12-22
CLI0865,RG0865,47982292,2025-03-30
CLI0866,RG0866,59794063,2018-12-16
CLI0867,RG0867,11620224,2020-10-23
CLI0868,RG0868,70081888,2018-05-17
CLI0869,RG0869,36406040,2020-12-10
CLI0870,RG0870,36715740,2022-10-19
CLI0871,RG0871,76712978,2018-12-02
CLI0872,RG0872,86783494,2021-07-07
CLI0873,RG0873,42922931,2021-03-21
CLI0874,RG0874,59038710,2025-12-08
CLI0875,RG0875,86862400,2025-06-23
CLI0876,RG0876,64306604,2024-10-21
CLI0877,RG0877,53254231,2024-01-22
CLI0878,RG0878,10928192,2025-06-26
CLI0879,RG0879,21905405,2023-02-18
CLI0880,RG0880,13427039,2021-02-12
CLI0881,RG0881,29281243,2022-06-16
CLI0882,RG0882,44772628,2024-08-26
CLI0883,RG0883,62986889,2023-07-19
CLI0884,RG0884,41776998,2023-04-21
CLI0885,RG0885,28342286,2021-04-20
CLI0886,RG0886,66811657,2022-08-21
CLI0887,RG0887,38510236,2023-09-01
CLI0888,RG0888,74863590,2022-03-21
CLI0889,RG0889,62211236,2018-03-20
CLI0890,RG0890,13953310,2020-08-23
CLI0891,RG0891,68048625,2025-02-21
CLI0892,RG0892,37347134,2023-02-21
CLI0893,RG0893,74175195,2019-04-05
CLI0894,RG0894,60794986,2019-11-14
CLI0895,RG0895,50833796,2019-07-24
CLI0896,RG0896,17200210,2020-01-17
CLI0897,RG0897,32414961,2019-10-10
CLI0898,RG0898,31461553,2023-10-17
CLI0899,RG0899,57892935,2023-07-06
CLI0900,RG0900,52286809,2020-10-28
CLI0901,RG0901,87083309,2020-03-02
CLI0902,RG0902,14614633,2019-09-21
CLI0903,RG0903,98830506,2021-01-20
CLI0904,RG0904,39854281,2018-05-07
CLI0905,RG0905,83558381,2021-11-03
CLI0906,RG0906,55558092,2024-04-14
CLI0907,RG0907,31924339,2022-01-01
CLI0908,RG0908,95493329,2021-12-19
CLI0909,RG0909,78906283,2023-02-10
CLI0910,RG0910,96296633,2021-11-01
CLI0911,RG0911,62067464,2019-11-10
CLI0912,RG0912,96226007,2018-04-09
CLI0913,RG0913,13288524,2025-10-26
CLI0914,RG0914,61918178,2019-11-03
CLI0915,RG0915,26016228,2024-04-28
CLI0916,RG0916,27771564,2025-03-13
CLI0917,RG0917,77990328,2022-10-05
CLI0918,RG0918,58113555,2020-08-14
CLI0919,RG0919,46855808,2020-04-15
CLI0920,RG0920,65690277,2020-02-19
CLI0921,RG0921,61353651,2022-07-23
CLI0922,RG0922,44898234,2024-08-05
CLI0923,RG0923,81039251,2020-02-23
CLI0924,RG0924,73075887,2023-01-10
CLI0925,RG0925,16117894,2021-02-12
CLI0926,RG0926,65191972,2024-05-17
CLI0927,RG0927,14079788,2024-07-09
CLI0928,RG0928,68150952,2020-02-13
CLI0929,RG0929,30516061,2025-02-06
CLI0930,RG0930,11769327,2024-05-02
CLI0931,RG0931,76054312,2023-07-05
CLI0932,RG0932,43717476,2025-07-02
CLI0933,RG0933,32627200,2022-02-18
CLI0934,RG0934,41308738,2020-01-27
CLI0935,RG0935,91943167,2018-05-07
CLI0936,RG0936,22934433,2019-12-28
CLI0937,RG0937,58663883,2025-12-04
CLI0938,RG0938,45877042,2020-10-11
CLI0939,RG0939,27332399,2022-11-29
CLI0940,RG0940,47104988,2022-05-15
CLI0941,RG0941,67628113,2021-05-08
CLI0942,RG0942,74500417,2023-03-18
CLI0943,RG0943,64070299,2020-01-25
CLI0944,RG0944,22123631,2025-03-13
CLI0945,RG0945,58561828,2020-12-01
CLI0946,RG0946,30503442,2023-11-07
CLI0947,RG0947,70439581,2020-02-11
CLI0948,RG0948,86934791,2023-04-07
CLI0949,RG0949,84113583,2020-11-23
CLI0950,RG0950,76625623,2021-03-20
CLI0951,RG0951,38203297,2021-04-06
CLI0952,RG0952,17795115,2024-02-18
CLI0953,RG0953,64356439,2023-07-31
CLI0954,RG0954,65166830,2019-09-05
CLI0955,RG0955,20639917,2019-03-31
CLI0956,RG0956,54793775,2025-10-28
CLI0957,RG0957,61937771,2024-12-23
CLI0958,RG0958,63927336,2025-12-20
CLI0959,RG0959,74565120,2024-01-16
CLI0960,RG0960,46896581,2020-02-06
CLI0961,RG0961,52437340,2025-06-16
CLI0962,RG0962,40237434,2022-09-21
CLI0963,RG0963,41692245,2022-11-09
CLI0964,RG0964,94842464,2018-04-13
CLI0965,RG0965,74215283,2025-09-09
CLI0966,RG0966,16001207,2025-09-14
CLI0967,RG0967,18575358,2024-04-14
CLI0968,RG0968,36635790,2020-07-05
CLI0969,RG0969,81647438,2018-06-22
CLI0970,RG0970,17172167,2022-02-26
CLI0971,RG0971,49181178,2021-02-14
CLI0972,RG0972,66808785,2022-09-04
CLI0973,RG0973,92296403,2024-07-13
CLI0974,RG0974,57656317,2021-02-05
CLI0975,RG0975,68946043,2023-07-22
CLI0976,RG0976,15066164,2020-09-19
CLI0977,RG0977,31968410,2018-04-29
CLI0978,RG0978,60042850,2021-06-01
CLI0979,RG0979,62218908,2018-04-28
CLI0980,RG0980,44172923,2025-06-29
CLI0981,RG0981,21050290,2024-05-17
CLI0982,RG0982,55187097,2019-05-01
CLI0983,RG0983,85771821,2019-07-08
CLI0984,RG0984,99609973,2019-06-28
CLI0985,RG0985,70364220,2023-06-23
CLI0986,RG0986,95486212,2025-09-27
CLI0987,RG0987,13968838,2023-05-10
CLI0988,RG0988,60615059,2020-11-18
CLI0989,RG0989,10200744,2022-06-02
CLI0990,RG0990,27180666,2019-05-28
CLI0991,RG0991,68749531,2021-11-20
CLI0992,RG0992,73666579,2025-06-02
CLI0993,RG0993,64170999,2020-04-10
CLI0994,RG0994,57038194,2023-10-12
CLI0995,RG0995,60585874,2019-02-03
CLI0996,RG0996,39284333,2023-08-06
CLI0997,RG0997,34522612,2022-12-23
CLI0998,RG0998,39035574,2022-11-26
CLI0999,RG0999,18528983,2019-06-25
CLI1000,RG1000,28881997,2025-04-26
CLI1001,RG1001,42373360,2018-06-22
CLI1002,RG1002,21232956,2024-08-01
CLI1003,RG1003,44992489,2018-05-10
CLI1004,RG1004,18526538,2018-11-25
CLI1005,RG1005,76511207,2025-08-26
CLI1006,RG1006,80912122,2021-03-06
CLI1007,RG1007,21512405,2018-07-08
CLI1008,RG1008,68134282,2025-03-01
CLI1009,RG1009,83618872,2025-01-20
CLI1010,RG1010,80397937,2024-08-09
CLI1011,RG1011,64565700,2023-03-12
CLI1012,RG1012,19677366,2019-07-17
CLI1013,RG1013,34788160,2022-07-21
CLI1014,RG1014,54981354,2019-05-02
CLI1015,RG1015,48825980,2022-08-31
CLI1016,RG1016,52283563,2022-12-14
CLI1017,RG1017,43534134,2021-02-12
CLI1018,RG1018,15014140,2019-08-06
CLI1019,RG1019,59987814,2024-10-16
CLI1020,RG1020,37881659,2025-02-08
CLI1021,RG1021,40578143,2024-10-04
CLI1022,RG1022,38813492,2025-10-07
CLI1023,RG1023,26943702,2020-03-15
CLI1024,RG1024,69420662,2021-05-27
CLI1025,RG1025,45919709,2025-09-24
CLI1026,RG1026,99928690,2019-11-30
CLI1027,RG1027,57809882,2024-08-27
CLI1028,RG1028,54629491,2018-10-08
CLI1029,RG1029,43056251,2019-09-13
CLI1030,RG1030,73449085,2025-03-21
CLI1031,RG1031,48727665,2025-10-04
CLI1032,RG1032,41316383,2025-08-11
CLI1033,RG1033,48874301,2020-08-06
CLI1034,RG1034,20978502,2018-03-05
CLI1035,RG1035,38521600,2020-05-26
CLI1036,RG1036,99758895,2024-11-22
CLI1037,RG1037,85901032,2022-05-03
CLI1038,RG1038,40145757,2021-10-29
CLI1039,RG1039,36405217,2018-05-12
CLI1040,RG1040,37946715,2022-07-31
CLI1041,RG1041,10545853,2025-08-29
CLI1042,RG1042,12563422,2024-04-06
CLI1043,RG1043,48315802,2019-12-12
CLI1044,RG1044,47308656,2018-12-25
CLI1045,RG1045,35669800,2024-03-01
CLI1046,RG1046,86860780,2025-01-29
CLI1047,RG1047,61441320,2018-06-21
CLI1048,RG1048,83914229,2022-12-04
CLI1049,RG1049,24419839,2022-01-26
CLI1050,RG1050,90749674,2018-05-19
CLI1051,RG1051,46493377,2025-01-31
CLI1052,RG1052,23474234,2022-03-01
CLI1053,RG1053,68272017,2019-11-21
CLI1054,RG1054,63748388,2025-07-05
CLI1055,RG1055,31682819,2022-10-06
CLI1056,RG1056,25981296,2019-05-26
CLI1057,RG1057,26373743,2019-10-06
CLI1058,RG1058,18041483,2022-02-15
CLI1059,RG1059,22907499,2021-02-06
CLI1060,RG1060,53476543,2021-07-16
CLI1061,RG1061,23121267,2021-07-29
CLI1062,RG1062,79894489,2024-07-19
CLI1063,RG1063,94825727,2025-06-10
CLI1064,RG1064,73946272,2019-02-05
CLI1065,RG1065,91228073,2020-04-18
CLI1066,RG1066,60861919,2021-01-07
CLI1067,RG1067,56754892,2023-10-29
CLI1068,RG1068,16898679,2024-04-28
CLI1069,RG1069,43993444,2018-12-04
CLI1070,RG1070,51860882,2024-12-10
CLI1071,RG1071,18724766,2024-02-03
CLI1072,RG1072,62402189,2025-01-06
CLI1073,RG1073,89302151,2021-04-22
CLI1074,RG1074,59072728,2018-08-30
CLI1075,RG1075,30946328,2025-02-13
CLI1076,RG1076,61376074,2019-04-07
CLI1077,RG1077,46836644,2025-09-11
CLI1078,RG1078,44987476,2022-08-04
CLI1079,RG1079,82678279,2021-08-06
CLI1080,RG1080,73312164,2020-08-30
CLI1081,RG1081,98530136,2025-06-01
CLI1082,RG1082,84633968,2021-11-21
CLI1083,RG1083,80599711,2021-04-08
CLI1084,RG1084,84389476,2019-08-25
CLI1085,RG1085,25496941,2021-10-13
CLI1086,RG1086,69457952,2019-05-01
CLI1087,RG1087,68610285,2021-06-29
CLI1088,RG1088,42247700,2022-08-27
CLI1089,RG1089,93491436,2025-06-30
CLI1090,RG1090,26944674,2024-12-03
CLI1091,RG1091,70952599,2025-05-03
CLI1092,RG1092,84553321,2022-03-10
CLI1093,RG1093,85060646,2025-12-02
CLI1094,RG1094,29583570,2025-05-20
CLI1095,RG1095,87270347,2022-01-03
CLI1096,RG1096,86794695,2020-01-02
CLI1097,RG1097,90898773,2024-01-13
CLI1098,RG1098,82910006,2021-11-12
CLI1099,RG1099,71699587,2024-07-28
CLI1100,RG1100,63562697,2023-03-22
CLI1101,RG1101,85180553,2025-02-03
CLI1102,RG1102,47628327,2024-12-16
CLI1103,RG1103,71717603,2018-09-01
CLI1104,RG1104,34720986,2022-09-24
CLI1105,RG1105,14282852,2021-11-09
CLI1106,RG1106,43098160,2024-07-13
CLI1107,RG1107,47821028,2023-02-13
CLI1108,RG1108,60844847,2024-09-04
CLI1109,RG1109,38574272,2025-04-11
CLI1110,RG1110,53239383,2019-01-08
CLI1111,RG1111,12718687,2022-05-04
CLI1112,RG1112,31197225,2021-10-23
CLI1113,RG1113,50538516,2023-07-29
CLI1114,RG1114,42311297,2020-01-24
CLI1115,RG1115,39701146,2025-09-05
CLI1116,RG1116,31057613,2021-09-28
CLI1117,RG1117,16050973,2024-08-13
CLI1118,RG1118,60153380,2019-07-29
CLI1119,RG1119,17802724,2024-06-06
CLI1120,RG1120,34723692,2020-04-17
CLI1121,RG1121,59454698,2018-07-10
CLI1122,RG1122,10063145,2018-12-21
CLI1123,RG1123,94224928,2019-12-26
CLI1124,RG1124,69202385,2019-11-26
CLI1125,RG1125,49689300,2018-06-21
CLI1126,RG1126,67432865,2019-04-03
CLI1127,RG1127,73207342,2020-09-02
CLI1128,RG1128,21615274,2024-12-02
CLI1129,RG1129,93879044,2024-05-05
CLI1130,RG1130,74217871,2022-11-10
CLI1131,RG1131,67388548,2019-08-04
CLI1132,RG1132,82363632,2019-04-05
CLI1133,RG1133,48182780,2025-09-15
CLI1134,RG1134,48395262,2019-09-18
CLI1135,RG1135,42862031,2021-05-09
CLI1136,RG1136,19817970,2023-10-06
CLI1137,RG1137,61001316,2020-08-23
CLI1138,RG1138,75885973,2021-12-11
CLI1139,RG1139,38227237,2025-02-15
CLI1140,RG1140,14071341,2024-07-09
CLI1141,RG1141,67858924,2020-03-28
CLI1142,RG1142,52402423,2022-10-22
CLI1143,RG1143,62647157,2019-05-21
CLI1144,RG1144,49393597,2022-01-24
CLI1145,RG1145,59339530,2023-10-01
CLI1146,RG1146,10780283,2020-05-22
CLI1147,RG1147,24744772,2021-10-26
CLI1148,RG1148,90165167,2021-03-23
CLI1149,RG1149,46143610,2019-12-26
CLI1150,RG1150,98146576,2025-11-24
CLI1151,RG1151,83833690,2025-05-18
CLI1152,RG1152,60141100,2018-08-06
CLI1153,RG1153,97205292,2025-04-30
CLI1154,RG1154,42616985,2024-10-03
CLI1155,RG1155,62976745,2025-03-24
CLI1156,RG1156,39488936,2021-01-15
CLI1157,RG1157,28564766,2025-01-14
CLI1158,RG1158,26978567,2020-12-02
CLI1159,RG1159,70580360,2020-08-31
CLI1160,RG1160,95649359,2020-07-09
CLI1161,RG1161,48391676,2025-10-25
CLI1162,RG1162,86270465,2022-04-23
CLI1163,RG1163,22560324,2023-11-07
CLI1164,RG1164,24533256,2019-10-20
CLI1165,RG1165,81215433,2021-01-29
CLI1166,RG1166,95754703,2024-05-06
CLI1167,RG1167,46499069,2020-10-21
CLI1168,RG1168,38665803,2021-05-04
CLI1169,RG1169,39157658,2018-09-06
CLI1170,RG1170,15645571,2020-01-06
CLI1171,RG1171,70046150,2019-03-28
CLI1172,RG1172,14993136,2022-05-23
CLI1173,RG1173,23801703,2018-03-13
CLI1174,RG1174,79438761,2023-02-05
CLI1175,RG1175,79969884,2019-04-15
CLI1176,RG1176,53063432,2024-01-19
CLI1177,RG1177,57853595,2020-08-31
CLI1178,RG1178,30126105,2025-09-13
CLI1179,RG1179,47888143,2021-07-03
CLI1180,RG1180,85102612,2025-10-21
CLI1181,RG1181,75079143,2024-10-23
CLI1182,RG1182,37448673,2023-08-28
CLI1183,RG1183,52500820,2021-09-01
CLI1184,RG1184,50241725,2022-08-13
CLI1185,RG1185,81829418,2022-07-28
CLI1186,RG1186,40032596,2021-07-04
CLI1187,RG1187,77278338,2018-07-16
CLI1188,RG1188,36631419,2023-03-27
CLI1189,RG1189,16449155,2024-10-07
CLI1190,RG1190,39072409,2021-11-21
CLI1191,RG1191,93086620,2025-03-27
CLI1192,RG1192,91861257,2025-07-09
CLI1193,RG1193,91504474,2025-09-02
CLI1194,RG1194,12344166,2021-08-27
CLI1195,RG1195,58926292,2025-08-16
CLI1196,RG1196,20192332,2020-07-20
CLI1197,RG1197,48186811,2022-12-18
CLI1198,RG1198,95971790,2019-04-04
CLI1199,RG1199,19293611,2019-10-08
CLI1200,RG1200,63865025,2020-09-25
CLI1201,RG1201,37287550,2022-06-07
CLI1202,RG1202,76034666,2022-09-30
CLI1203,RG1203,86522141,2023-11-06
CLI1204,RG1204,42220998,2023-07-24
CLI1205,RG1205,98234692,2022-11-04
CLI1206,RG1206,82306586,2020-04-06
CLI1207,RG1207,14614759,2023-04-16
CLI1208,RG1208,50828255,2020-02-15
CLI1209,RG1209,55354912,2018-12-10
CLI1210,RG1210,17653101,2024-01-29
CLI1211,RG1211,90298801,2019-02-22
CLI1212,RG1212,17035055,2021-04-05
CLI1213,RG1213,10476674,2022-05-27
CLI1214,RG1214,47403668,2019-11-13
CLI1215,RG1215,45233778,2025-06-28
CLI1216,RG1216,66033776,2019-06-02
CLI1217,RG1217,28401973,2024-09-24
CLI1218,RG1218,71587674,2018-05-15
CLI1219,RG1219,21848331,2021-05-20
CLI1220,RG1220,37219757,2018-05-07
CLI1221,RG1221,51396067,2025-11-20
CLI1222,RG1222,13863004,2025-05-13
CLI1223,RG1223,76469934,2021-01-25
CLI1224,RG1224,41700552,2022-11-11
CLI1225,RG1225,95883279,2024-03-26
CLI1226,RG1226,68382207,2019-01-29
CLI1227,RG1227,63039291,2018-01-27
CLI1228,RG1228,49115599,2019-02-07
CLI1229,RG1229,55821717,2020-07-14
CLI1230,RG1230,76572741,2023-09-30
CLI1231,RG1231,81430821,2019-10-03
CLI1232,RG1232,62013608,2018-05-19
CLI1233,RG1233,57099533,2018-12-16
CLI1234,RG1234,80542438,2023-02-19
CLI1235,RG1235,46207877,2019-04-03
CLI1236,RG1236,95825795,2020-11-03
CLI1237,RG1237,26574707,2023-04-14
CLI1238,RG1238,93961787,2018-10-31
CLI1239,RG1239,34314630,2023-03-19
CLI1240,RG1240,85268425,2023-01-29
CLI1241,RG1241,36248368,2023-10-24
CLI1242,RG1242,44837871,2021-09-08
CLI1243,RG1243,53839745,2019-01-03
CLI1244,RG1244,76577067,2018-05-05
CLI1245,RG1245,96696765,2022-02-13
CLI1246,RG1246,61112422,2024-05-31
CLI1247,RG1247,99423512,2021-05-24
CLI1248,RG1248,57402173,2024-12-18
CLI1249,RG1249,68274194,2018-10-26
CLI1250,RG1250,71837216,2023-02-16
CLI1251,RG1251,31349759,2024-11-07
CLI1252,RG1252,55260429,2022-07-20
CLI1253,RG1253,17995804,2025-06-02
CLI1254,RG1254,11099317,2021-11-09
CLI1255,RG1255,16130851,2025-08-19
CLI1256,RG1256,95219696,2020-03-26
CLI1257,RG1257,28482756,2020-03-26
CLI1258,RG1258,95365934,2023-08-17
CLI1259,RG1259,38147836,2019-10-25
CLI1260,RG1260,41211039,2019-12-11
CLI1261,RG1261,29090624,2021-09-29
CLI1262,RG1262,71836669,2019-07-08
CLI1263,RG1263,16860211,2024-02-05
CLI1264,RG1264,49266149,2019-08-04
CLI1265,RG1265,41158687,2022-02-08
CLI1266,RG1266,39517099,2020-10-29
CLI1267,RG1267,24449015,2019-06-17
CLI1268,RG1268,28843795,2024-12-06
CLI1269,RG1269,67096487,2022-02-08
CLI1270,RG1270,25908597,2020-12-14
CLI1271,RG1271,86640998,2024-08-18
CLI1272,RG1272,90223665,2022-11-13
CLI1273,RG1273,54282473,2025-04-06
CLI1274,RG1274,40543125,2021-11-11
CLI1275,RG1275,81271728,2019-08-29
CLI1276,RG1276,98257644,2023-08-23
CLI1277,RG1277,49967346,2023-02-01
CLI1278,RG1278,27785811,2018-01-22
CLI1279,RG1279,91823674,2023-03-23
CLI1280,RG1280,44730286,2019-04-18
CLI1281,RG1281,59997735,2020-02-10
CLI1282,RG1282,96237148,2023-08-31
CLI1283,RG1283,72773560,2024-01-17
CLI1284,RG1284,78348181,2021-06-06
CLI1285,RG1285,40680563,2022-06-06
CLI1286,RG1286,86128309,2023-06-25
CLI1287,RG1287,74967606,2020-02-13
CLI1288,RG1288,10131375,2023-03-21
CLI1289,RG1289,44130969,2024-02-03
CLI1290,RG1290,96731757,2022-12-20
CLI1291,RG1291,51564356,2018-05-05
CLI1292,RG1292,63230861,2021-06-16
CLI1293,RG1293,64772502,2018-08-29
CLI1294,RG1294,66903502,2024-02-01
CLI1295,RG1295,33155666,2022-06-01
CLI1296,RG1296,18067349,2024-05-26
CLI1297,RG1297,81862479,2018-01-01
CLI1298,RG1298,83843003,2020-03-17
CLI1299,RG1299,65745443,2019-04-20
CLI1300,RG1300,61053150,2018-11-28
CLI1301,RG1301,74712102,2018-07-13
CLI1302,RG1302,23384614,2020-10-09
CLI1303,RG1303,46103797,2025-02-02
CLI1304,RG1304,71576114,2023-05-26
CLI1305,RG1305,45545068,2019-10-20
CLI1306,RG1306,92790229,2024-03-22
CLI1307,RG1307,67416478,2019-10-20
CLI1308,RG1308,77246547,2018-11-04
CLI1309,RG1309,24301134,2025-07-17
CLI1310,RG1310,58782294,2022-07-22
CLI1311,RG1311,48452777,2025-11-27
CLI1312,RG1312,61107527,2023-08-14
CLI1313,RG1313,66943605,2018-10-15
CLI1314,RG1314,22987218,2023-03-31
CLI1315,RG1315,40435778,2023-07-26
CLI1316,RG1316,74316841,2024-08-13
CLI1317,RG1317,78520004,2021-09-06
CLI1318,RG1318,13799276,2018-09-23
CLI1319,RG1319,20570710,2023-12-21
CLI1320,RG1320,17737798,2024-12-28
CLI1321,RG1321,60616239,2024-01-07
CLI1322,RG1322,78929256,2024-06-17
CLI1323,RG1323,82004262,2024-08-29
CLI1324,RG1324,92251573,2019-05-20
CLI1325,RG1325,90566532,2023-01-22
CLI1326,RG1326,47468133,2023-05-24
CLI1327,RG1327,93189631,2022-03-24
CLI1328,RG1328,52061564,2025-01-21
CLI1329,RG1329,90044457,2022-06-02
CLI1330,RG1330,66177153,2018-12-20
CLI1331,RG1331,21902422,2021-12-04
CLI1332,RG1332,16356704,2018-02-01
CLI1333,RG1333,35303414,2024-03-18
CLI1334,RG1334,26177844,2020-02-26
CLI1335,RG1335,14916524,2018-11-08
CLI1336,RG1336,57950242,2025-01-17
CLI1337,RG1337,66518812,2020-08-12
CLI1338,RG1338,39236279,2021-05-26
CLI1339,RG1339,46551388,2020-11-28
CLI1340,RG1340,66501883,2020-06-23
CLI1341,RG1341,82746008,2021-10-01
CLI1342,RG1342,84471877,2018-05-04
CLI1343,RG1343,17076128,2020-05-02
CLI1344,RG1344,93451534,2024-06-24
CLI1345,RG1345,94508548,2022-05-24
CLI1346,RG1346,97355671,2019-12-20
CLI1347,RG1347,38963196,2021-05-14
CLI1348,RG1348,28265078,2020-01-10
CLI1349,RG1349,27797823,2019-10-13
CLI1350,RG1350,40807548,2023-04-06
CLI1351,RG1351,51966025,2021-06-06
CLI1352,RG1352,46031484,2018-05-07
CLI1353,RG1353,59372757,2021-12-06
CLI1354,RG1354,99698735,2018-10-19
CLI1355,RG1355,92233671,2018-07-11
CLI1356,RG1356,93348828,2018-01-02
CLI1357,RG1357,95401061,2020-04-02
CLI1358,RG1358,20213068,2022-07-25
CLI1359,RG1359,45858655,2023-10-15
CLI1360,RG1360,61218112,2018-07-26
CLI1361,RG1361,41099966,2018-01-19
CLI1362,RG1362,82714596,2024-04-23
CLI1363,RG1363,94681467,2025-07-21
CLI1364,RG1364,35208863,2021-05-20
CLI1365,RG1365,91135680,2023-09-30
CLI1366,RG1366,80707260,2021-05-22
CLI1367,RG1367,48650694,2023-02-23
CLI1368,RG1368,54260904,2021-02-22
CLI1369,RG1369,56626718,2022-01-01
CLI1370,RG1370,86412598,2023-02-24
CLI1371,RG1371,22901830,2022-09-18
CLI1372,RG1372,83745651,2025-01-28
CLI1373,RG1373,78271020,2022-11-15
CLI1374,RG1374,60639183,2025-09-28
CLI1375,RG1375,12201320,2018-03-27
CLI1376,RG1376,45012338,2024-09-10
CLI1377,RG1377,80276331,2018-07-18
CLI1378,RG1378,68000193,2025-10-06
CLI1379,RG1379,12684730,2020-04-25
CLI1380,RG1380,48129457,2020-01-31
CLI1381,RG1381,53514076,2025-05-23
CLI1382,RG1382,56057576,2019-03-26
CLI1383,RG1383,73300954,2025-01-30
CLI1384,RG1384,27455427,2020-01-22
CLI1385,RG1385,33143117,2024-07-26
CLI1386,RG1386,43469627,2020-02-23
CLI1387,RG1387,61722494,2018-06-14
CLI1388,RG1388,20665796,2019-09-30
CLI1389,RG1389,91925144,2019-12-12
CLI1390,RG1390,75729850,2023-09-19
CLI1391,RG1391,53962735,2018-01-02
CLI1392,RG1392,47749932,2019-01-26
CLI1393,RG1393,42830348,2018-03-25
CLI1394,RG1394,69021497,2025-12-26
CLI1395,RG1395,69928296,2024-01-21
CLI1396,RG1396,65495867,2019-10-16
CLI1397,RG1397,15521737,2023-01-08
CLI1398,RG1398,60242229,2024-04-15
CLI1399,RG1399,54866609,2024-04-02
CLI1400,RG1400,44057736,2025-08-03
CLI1401,RG1401,73796343,2018-03-28
CLI1402,RG1402,72712681,2023-10-28
CLI1403,RG1403,20204755,2022-07-11
CLI1404,RG1404,14337677,2024-09-28
CLI1405,RG1405,77946468,2021-02-01
CLI1406,RG1406,54765932,2023-01-04
CLI1407,RG1407,27466246,2019-02-23
CLI1408,RG1408,72601168,2021-02-23
CLI1409,RG1409,51294087,2023-02-28
CLI1410,RG1410,89399096,2025-05-14
CLI1411,RG1411,52719028,2023-05-21
CLI1412,RG1412,51126010,2022-09-07
CLI1413,RG1413,75345348,2024-02-11
CLI1414,RG1414,29765067,2025-12-13
CLI1415,RG1415,90584175,2023-08-17
CLI1416,RG1416,41228500,2024-04-06
CLI1417,RG1417,12328554,2021-05-26
CLI1418,RG1418,19004041,2020-07-18
CLI1419,RG1419,60478809,2019-03-25
CLI1420,RG1420,84056415,2022-05-11
CLI1421,RG1421,71096872,2020-05-14
CLI1422,RG1422,23839405,2025-10-10
CLI1423,RG1423,21017493,2020-01-10
CLI1424,RG1424,37351825,2025-11-03
CLI1425,RG1425,28972245,2020-07-05
CLI1426,RG1426,20540762,2022-07-31
CLI1427,RG1427,25962162,2023-12-14
CLI1428,RG1428,20197356,2018-08-29
CLI1429,RG1429,60571870,2018-08-20
CLI1430,RG1430,39573433,2021-11-06
CLI1431,RG1431,81520534,2018-11-09
CLI1432,RG1432,31070330,2019-12-12
CLI1433,RG1433,23637172,2021-04-25
CLI1434,RG1434,22170582,2018-06-23
CLI1435,RG1435,96048773,2025-02-13
CLI1436,RG1436,35475774,2020-06-22
CLI1437,RG1437,23396039,2024-03-05
CLI1438,RG1438,71286298,2018-12-03
CLI1439,RG1439,84942046,2023-08-29
CLI1440,RG1440,30495168,2025-07-29
CLI1441,RG1441,61330934,2024-02-25
CLI1442,RG1442,27772406,2024-10-10
CLI1443,RG1443,77572962,2025-07-18
CLI1444,RG1444,97292994,2024-02-06
CLI1445,RG1445,46371670,2020-06-02
CLI1446,RG1446,98858674,2019-11-23
CLI1447,RG1447,37009538,2018-04-07
CLI1448,RG1448,55580382,2020-08-14
CLI1449,RG1449,29427754,2019-03-31
CLI1450,RG1450,78681848,2024-07-14
CLI1451,RG1451,48659554,2024-01-09
CLI1452,RG1452,58132110,2022-03-11
CLI1453,RG1453,91468439,2021-02-14
CLI1454,RG1454,77468091,2024-03-14
CLI1455,RG1455,14734820,2025-04-22
CLI1456,RG1456,79098417,2022-03-13
CLI1457,RG1457,67118764,2023-02-02
CLI1458,RG1458,96859583,2019-08-31
CLI1459,RG1459,61296749,2018-01-28
CLI1460,RG1460,78308735,2020-12-11
CLI1461,RG1461,53305637,2025-12-20
CLI1462,RG1462,71686661,2022-02-06
CLI1463,RG1463,85268530,2025-06-16
CLI1464,RG1464,17555847,2022-10-04
CLI1465,RG1465,11050459,2021-11-23
CLI1466,RG1466,65548895,2018-08-18
CLI1467,RG1467,34906958,2025-07-30
CLI1468,RG1468,39304265,2019-09-02
CLI1469,RG1469,56016286,2019-07-19
CLI1470,RG1470,12479283,2018-07-19
CLI1471,RG1471,47678462,2024-01-10
CLI1472,RG1472,95386415,2020-11-16
CLI1473,RG1473,94356947,2019-06-05
CLI1474,RG1474,21675008,2021-12-15
CLI1475,RG1475,69560834,2022-04-14
CLI1476,RG1476,45999989,2025-07-19
CLI1477,RG1477,96077332,2023-03-22
CLI1478,RG1478,11065188,2022-09-21
CLI1479,RG1479,24798481,2022-06-13
CLI1480,RG1480,95805582,2020-05-20
CLI1481,RG1481,82672212,2019-10-22
CLI1482,RG1482,16552492,2019-08-06
CLI1483,RG1483,46855423,2024-06-17
CLI1484,RG1484,39416977,2024-02-25
CLI1485,RG1485,56428671,2020-04-14
CLI1486,RG1486,30701884,2021-08-04
CLI1487,RG1487,64076401,2022-11-11
CLI1488,RG1488,37677056,2019-09-30
CLI1489,RG1489,56845230,2019-04-23
CLI1490,RG1490,21474449,2021-09-23
CLI1491,RG1491,76723313,2023-06-16
CLI1492,RG1492,34480374,2019-07-12
CLI1493,RG1493,48731392,2022-07-03
CLI1494,RG1494,56089546,2024-06-08
CLI1495,RG1495,59704219,2025-06-13
CLI1496,RG1496,32174293,2024-04-23
CLI1497,RG1497,42821225,2019-06-20
CLI1498,RG1498,60900106,2025-09-01
CLI1499,RG1499,92242860,2023-12-25
CLI1500,RG1500,76119571,2021-08-26
