cliente_id,telefone_id,numero,ddd,desde
CLI0001,TEL0001,96625-9679,61,2024-01-14
CLI0002,TEL0002,97049-6993,11,2021-10-25
CLI0003,TEL0003,96314-1256,61,2022-07-09
CLI0004,TEL0004,94673-1124,41,2022-12-13
CLI0005,TEL0087,92111-2908,11,2018-09-23
CLI0006,TEL0006,96465-4866,51,2019-03-14
CLI0007,TEL0007,96039-2445,61,2021-04-25
CLI0008,TEL0008,94314-2756,41,2023-11-16
CLI0009,TEL0009,97872-8796,85,2022-06-20
CLI0010,TEL0010,91750-1263,51,2022-03-26
CLI0011,TEL0011,95644-2427,11,2018-05-19
CLI0012,TEL0012,99670-2999,85,2018-10-31
CLI0013,TEL0013,91110-5451,61,2021-07-08
CLI0014,TEL0014,97589-3667,31,2022-04-08
CLI0015,TEL0015,99297-7807,81,2022-11-16
CLI0016,TEL0016,93264-9072,61,2023-07-07
CLI0017,TEL0017,96562-7913,61,2018-10-08
CLI0018,TEL0018,99225-3111,51,2022-08-14
CLI0019,TEL0019,93230-1102,11,2025-12-14
CLI0020,TEL0020,94802-2191,41,2020-10-23
CLI0021,TEL0021,92134-4413,11,2023-08-28
CLI0022,TEL0087,92111-2908,11,2022-08-11
CLI0023,TEL0023,97276-7321,81,2020-07-09
CLI0024,TEL0126,97565-8564,85,2025-08-06
CLI0025,TEL0025,93747-7042,51,2024-07-24
CLI0026,TEL0026,99902-2734,31,2024-11-09
CLI0027,TEL0027,91116-5994,21,2023-01-11
CLI0028,TEL0028,99512-5009,71,2025-06-25
CLI0029,TEL0029,98588-6652,11,2020-08-11
CLI0030,TEL0030,92426-8471,31,2019-05-16
CLI0031,TEL0031,95265-6950,85,2019-11-23
CLI0032,TEL0032,91535-6331,31,2020-10-10
CLI0033,TEL0033,97265-4950,21,2024-03-15
CLI0034,TEL0034,92981-8680,31,2018-02-24
CLI0035,TEL0035,94559-4049,11,2020-01-25
CLI0036,TEL0036,94507-7749,31,2023-05-05
CLI0037,TEL0037,92234-5967,41,2023-01-27
CLI0038,TEL0126,97565-8564,85,2022-04-22
CLI0039,TEL0039,98586-9078,41,2019-03-31
CLI0040,TEL0040,96449-5276,51,2023-03-06
CLI0041,TEL0041,98189-1044,31,2019-06-24
CLI0042,TEL0001,96625-9679,61,2022-11-24
CLI0043,TEL0043,96355-3265,85,2025-05-23
CLI0044,TEL0044,93207-6968,71,2023-12-15
CLI0045,TEL0045,91728-5346,85,2021-10-27
CLI0046,TEL0046,98182-6723,41,2022-03-03
CLI0047,TEL0047,94879-9765,71,2019-07-11
CLI0048,TEL0048,94871-7354,21,2025-04-07
CLI0049,TEL0049,93670-4441,21,2019-10-21
CLI0050,TEL0050,96705-1393,21,2024-03-22
CLI0051,TEL0051,94159-1928,41,2020-12-03
CLI0052,TEL0052,99189-2522,21,2023-05-13
CLI0053,TEL0006,96465-4866,51,2021-03-19
CLI0054,TEL0054,91876-2886,21,2021-03-21
CLI0055,TEL0004,94673-1124,41,2025-02-07
CLI0056,TEL0001,96625-9679,61,2019-05-13
CLI0057,TEL0057,98068-7230,61,2023-09-11
CLI0058,TEL0058,99535-2697,31,2023-01-21
CLI0059,TEL0059,91372-7468,85,2018-09-24
CLI0060,TEL0060,93205-3459,51,2025-07-12
CLI0061,TEL0061,96733-7234,21,2021-10-29
CLI0062,TEL0062,96656-3100,81,2024-02-07
CLI0063,TEL0063,92943-3324,51,2018-10-13
CLI0064,TEL0001,96625-9679,61,2023-06-07
CLI0065,TEL0065,93558-1420,31,2023-12-24
CLI0066,TEL0004,94673-1124,41,2022-01-16
CLI0067,TEL0067,92007-8259,21,2019-03-24
CLI0068,TEL0068,93129-3072,51,2022-05-08
CLI0069,TEL0069,91124-4634,51,2025-01-12
CLI0070,TEL0070,96950-7644,81,2022-07-18
CLI0071,TEL0071,92063-7076,81,2023-12-25
CLI0072,TEL0072,95032-5116,81,2023-03-31
CLI0073,TEL0073,91044-2811,11,2025-01-23
CLI0074,TEL0074,93009-1634,41,2022-01-26
CLI0075,TEL0075,97531-5524,21,2025-05-08
CLI0076,TEL0076,91215-9468,21,2022-01-05
CLI0077,TEL0077,91499-2772,61,2023-06-10
CLI0078,TEL0078,91695-7694,81,2020-02-07
CLI0079,TEL0079,96441-2305,11,2023-05-19
CLI0080,TEL0080,99061-5919,41,2019-06-08
CLI0081,TEL0087,92111-2908,11,2019-06-12
CLI0082,TEL0082,98320-7978,71,2020-08-01
CLI0083,TEL0083,91089-6468,41,2025-08-17
CLI0084,TEL0084,95165-8167,71,2021-12-19
CLI0085,TEL0085,99595-4941,31,2024-10-22
CLI0086,TEL0086,97602-7796,71,2022-11-12
CLI0087,TEL0087,92111-2908,11,2018-08-01
CLI0088,TEL0088,91611-1321,51,2020-07-22
CLI0089,TEL0089,95416-1049,61,2022-05-26
CLI0090,TEL0090,99222-1620,51,2022-03-26
CLI0091,TEL0087,92111-2908,11,2019-01-29
CLI0092,TEL0092,97262-5794,21,2022-11-29
CLI0093,TEL0093,95696-1804,81,2018-05-24
CLI0094,TEL0094,96280-8158,31,2021-08-25
CLI0095,TEL0004,94673-1124,41,2019-12-07
CLI0096,TEL0096,91431-4511,81,2025-01-17
CLI0097,TEL0097,92731-2458,71,2020-07-26
CLI0098,TEL0006,96465-4866,51,2020-10-29
CLI0099,TEL0099,99404-9265,81,2025-09-30
CLI0100,TEL0100,99806-9251,51,2018-12-31
CLI0101,TEL0101,97537-5260,51,2024-06-07
CLI0102,TEL0001,96625-9679,61,2020-09-18
CLI0103,TEL0103,99832-3827,11,2018-10-14
CLI0104,TEL0104,98771-6246,81,2018-01-28
CLI0105,TEL0105,97230-2394,51,2021-08-02
CLI0106,TEL0106,93585-9370,81,2022-11-28
CLI0107,TEL0006,96465-4866,51,2022-03-18
CLI0108,TEL0108,91819-5376,11,2024-01-05
CLI0109,TEL0109,97938-2843,61,2022-02-24
CLI0110,TEL0110,93900-8987,51,2020-09-30
CLI0111,TEL0004,94673-1124,41,2018-12-03
CLI0112,TEL0112,97165-7287,85,2023-10-25
CLI0113,TEL0113,98422-9383,51,2021-01-12
CLI0114,TEL0114,96538-2674,71,2019-07-12
CLI0115,TEL0115,97662-5509,85,2023-01-24
CLI0116,TEL0116,94637-5356,85,2025-09-07
CLI0117,TEL0117,91673-8141,31,2024-07-23
CLI0118,TEL0118,98293-2116,71,2022-12-10
CLI0119,TEL0119,92850-5067,61,2018-11-06
CLI0120,TEL0120,92768-4811,41,2018-12-07
CLI0121,TEL0121,91717-5169,61,2019-01-11
CLI0122,TEL0122,93712-6903,51,2024-01-30
CLI0123,TEL0123,92595-8027,61,2020-08-06
CLI0124,TEL0124,97822-7587,21,2023-04-24
CLI0125,TEL0125,93077-5238,85,2021-01-08
CLI0126,TEL0126,97565-8564,85,2018-07-25
CLI0127,TEL0127,97778-9470,21,2024-01-19
CLI0128,TEL0128,97169-5342,85,2023-06-03
CLI0129,TEL0129,98214-6105,85,2024-05-08
CLI0130,TEL0006,96465-4866,51,2023-08-31
CLI0131,TEL0131,93958-1959,81,2025-10-03
CLI0132,TEL0132,96755-2857,21,2019-11-30
CLI0133,TEL0126,97565-8564,85,2019-03-18
CLI0134,TEL0134,92638-9432,51,2018-04-01
CLI0135,TEL0135,91125-1805,11,2021-03-12
CLI0136,TEL0136,95099-3931,11,2024-10-05
CLI0137,TEL0137,98125-8067,81,2024-10-22
CLI0138,TEL0004,94673-1124,41,2022-01-06
CLI0139,TEL0139,91478-8382,51,2025-04-15
CLI0140,TEL0140,91473-7965,31,2024-12-08
CLI0141,TEL0087,92111-2908,11,2023-02-24
CLI0142,TEL0142,96685-4750,11,2018-02-23
CLI0143,TEL0143,93492-5818,31,2022-10-12
CLI0144,TEL0144,96089-7573,31,2021-12-11
CLI0145,TEL0145,92698-2295,31,2020-08-30
CLI0146,TEL0126,97565-8564,85,2024-06-14
CLI0147,TEL0001,96625-9679,61,2019-05-18
CLI0148,TEL0148,93094-4209,21,2019-12-26
CLI0149,TEL0149,98309-3210,71,2021-06-13
CLI0150,TEL0150,92247-3412,21,2024-09-04
CLI0151,TEL0151,98843-6605,41,2023-09-08
CLI0152,TEL0152,99721-1787,81,2022-12-06
CLI0153,TEL0153,95337-9422,31,2024-05-09
CLI0154,TEL0154,99248-6313,51,2021-04-07
CLI0155,TEL0155,95169-6005,61,2023-11-02
CLI0156,TEL0156,92256-2825,31,2025-11-26
CLI0157,TEL0157,99048-2390,81,2019-10-09
CLI0158,TEL0158,93725-9016,31,2020-03-18
CLI0159,TEL0159,92192-8778,61,2018-12-23
CLI0160,TEL0160,97341-5045,11,2024-01-24
CLI0161,TEL0161,97334-4760,61,2020-03-11
CLI0162,TEL0162,94759-6423,41,2021-10-07
CLI0163,TEL0163,99432-2132,71,2023-07-12
CLI0164,TEL0164,97962-6658,31,2020-10-03
CLI0165,TEL0165,95286-5290,71,2025-11-21
CLI0166,TEL0166,92080-8784,41,2022-04-24
CLI0167,TEL0167,94947-3020,31,2019-03-23
CLI0168,TEL0168,99828-7324,71,2024-10-31
CLI0169,TEL0169,91998-6014,61,2025-11-01
CLI0170,TEL0170,93253-5158,71,2020-03-29
CLI0171,TEL0171,99854-7247,51,2020-11-12
CLI0172,TEL0172,94709-8365,31,2024-04-25
CLI0173,TEL0173,93473-2846,85,2019-08-04
CLI0174,TEL0174,94442-3824,85,2021-07-23
CLI0175,TEL0175,93748-3387,21,2022-06-03
CLI0176,TEL0176,91034-1266,21,2018-02-12
CLI0177,TEL0177,92877-1742,11,2020-07-20
CLI0178,TEL0178,99974-2369,51,2020-02-23
CLI0179,TEL0179,94854-5740,61,2021-03-20
CLI0180,TEL0180,91776-8906,51,2023-08-16
CLI0181,TEL0181,96183-2600,11,2019-09-16
CLI0182,TEL0182,93988-1057,61,2024-10-02
CLI0183,TEL0183,92221-6429,11,2025-11-16
CLI0184,TEL0184,97915-5401,21,2023-11-13
CLI0185,TEL0185,95900-2417,21,2018-09-18
CLI0186,TEL0186,99874-6307,21,2019-01-13
CLI0187,TEL0187,99565-1246,61,2023-11-07
CLI0188,TEL0188,95820-3307,71,2019-10-07
CLI0189,TEL0189,91252-9650,41,2019-12-27
CLI0190,TEL0190,92938-8741,85,2018-04-02
CLI0191,TEL0191,91501-7078,71,2018-03-25
CLI0192,TEL0192,97177-1382,41,2020-07-29
CLI0193,TEL0193,98447-9552,85,2024-05-12
CLI0194,TEL0194,91095-7038,31,2024-01-17
CLI0195,TEL0195,92929-8545,81,2020-08-29
CLI0196,TEL0196,98999-5862,71,2019-02-08
CLI0197,TEL0197,93370-5592,21,2022-02-10
CLI0198,TEL0198,93665-3308,81,2018-03-02
CLI0199,TEL0199,95330-7003,51,2024-10-19
CLI0200,TEL0200,97108-8964,11,2021-04-24
CLI0201,TEL0201,93318-3069,61,2023-07-28
CLI0202,TEL0202,92038-7542,41,2022-03-07
CLI0203,TEL0203,98526-3812,41,2022-11-18
CLI0204,TEL0204,93669-6375,51,2018-12-16
CLI0205,TEL0205,93994-3636,51,2020-06-05
CLI0206,TEL0206,92187-7381,85,2020-07-22
CLI0207,TEL0207,96757-1966,21,2022-12-09
CLI0208,TEL0208,92789-2411,61,2024-11-13
CLI0209,TEL0209,94725-8218,11,2021-02-22
CLI0210,TEL0210,92161-8048,61,2021-03-21
CLI0211,TEL0211,99260-6116,85,2023-06-29
CLI0212,TEL0212,99550-8673,71,2025-06-22
CLI0213,TEL0213,95212-5571,81,2022-12-06
CLI0214,TEL0214,99432-3314,81,2023-02-20
CLI0215,TEL0215,92158-1581,51,2021-03-08
CLI0216,TEL0216,97607-4633,31,2022-10-28
CLI0217,TEL0217,98173-5194,85,2024-03-02
CLI0218,TEL0218,91990-7645,51,2020-07-30
CLI0219,TEL0219,99977-4588,51,2021-06-19
CLI0220,TEL0220,96208-4733,71,2019-11-07
CLI0221,TEL0221,96420-6472,11,2023-01-06
CLI0222,TEL0222,98356-6497,61,2020-06-04
CLI0223,TEL0223,93994-1159,11,2023-07-02
CLI0224,TEL0224,99083-6070,11,2025-06-02
CLI0225,TEL0225,92640-8580,85,2024-06-28
CLI0226,TEL0226,95832-8293,71,2020-07-17
CLI0227,TEL0227,97077-4830,61,2022-05-19
CLI0228,TEL0228,91010-2354,31,2023-08-27
CLI0229,TEL0229,91173-3587,71,2024-12-02
CLI0230,TEL0230,94515-3999,61,2022-05-24
CLI0231,TEL0231,96567-1524,81,2021-09-26
CLI0232,TEL0232,94133-3115,81,2025-01-01
CLI0233,TEL0233,91459-4778,21,2020-08-12
CLI0234,TEL0234,94542-5981,11,2019-09-05
CLI0235,TEL0235,91514-4514,71,2022-12-09
CLI0236,TEL0236,99892-5913,21,2020-02-29
CLI0237,TEL0237,99936-6884,61,2023-12-18
CLI0238,TEL0238,91748-6920,71,2025-03-02
CLI0239,TEL0239,91213-1314,71,2021-07-24
CLI0240,TEL0240,99957-7338,81,2018-10-28
CLI0241,TEL0241,95375-3053,41,2021-07-24
CLI0242,TEL0242,97143-4686,11,2020-11-05
CLI0243,TEL0243,96475-6375,11,2018-10-19
CLI0244,TEL0244,92194-9081,41,2021-04-24
CLI0245,TEL0245,94008-5683,21,2019-11-21
CLI0246,TEL0246,93448-4585,41,2022-04-19
CLI0247,TEL0247,91652-7910,11,2022-02-15
CLI0248,TEL0248,97783-9362,51,2022-04-20
CLI0249,TEL0249,97432-8275,41,2025-04-03
CLI0250,TEL0250,98479-6473,85,2022-11-09
CLI0251,TEL0251,92437-3801,71,2021-07-21
CLI0252,TEL0252,97866-3935,11,2023-04-25
CLI0253,TEL0253,94056-2273,51,2022-06-13
CLI0254,TEL0254,98289-2876,21,2022-01-30
CLI0255,TEL0255,91100-3964,41,2021-04-12
CLI0256,TEL0256,93800-2106,61,2023-09-25
CLI0257,TEL0257,91070-6997,21,2021-11-22
CLI0258,TEL0258,94464-9774,61,2019-04-27
CLI0259,TEL0259,98598-8707,31,2020-07-27
CLI0260,TEL0260,91824-6565,41,2018-04-13
CLI0261,TEL0261,92100-9970,71,2025-09-07
CLI0262,TEL0262,99340-5523,61,2019-06-11
CLI0263,TEL0263,93754-8811,31,2019-01-11
CLI0264,TEL0264,95825-9792,31,2024-04-20
CLI0265,TEL0265,91969-5128,21,2022-07-10
CLI0266,TEL0266,93157-9599,21,2022-07-16
CLI0267,TEL0267,91167-3073,11,2021-08-29
CLI0268,TEL0268,93445-4588,31,2020-03-31
CLI0269,TEL0269,92691-4992,61,2024-05-11
CLI0270,TEL0270,97847-6496,11,2023-07-04
CLI0271,TEL0271,96643-4781,81,2020-11-26
CLI0272,TEL0272,92572-9802,41,2019-02-15
CLI0273,TEL0273,92468-7811,21,2025-05-22
CLI0274,TEL0274,99698-4574,21,2024-03-16
CLI0275,TEL0275,95520-2095,71,2023-12-29
CLI0276,TEL0276,92941-7877,81,2023-04-05
CLI0277,TEL0277,97038-7843,71,2024-01-17
CLI0278,TEL0278,93506-2378,85,2025-06-07
CLI0279,TEL0279,95701-5173,51,2021-12-17
CLI0280,TEL0280,96016-4089,41,2023-09-04
CLI0281,TEL0281,97175-3740,81,2019-09-23
CLI0282,TEL0282,92924-2449,51,2024-07-29
CLI0283,TEL0283,96628-6252,51,2022-06-29
CLI0284,TEL0284,91643-9745,81,2024-02-09
CLI0285,TEL0285,93416-4933,51,2021-02-15
CLI0286,TEL0286,95319-4614,41,2020-03-12
CLI0287,TEL0287,95615-8551,31,2024-02-29
CLI0288,TEL0288,95022-5271,41,2021-08-05
CLI0289,TEL0289,96993-9667,81,2019-07-04
CLI0290,TEL0290,97396-5400,81,2025-04-11
CLI0291,TEL0291,96496-4266,61,2020-06-09
CLI0292,TEL0292,97439-7335,85,2019-01-31
CLI0293,TEL0293,93072-2295,31,2023-11-09
CLI0294,TEL0294,96440-6019,85,2019-12-11
CLI0295,TEL0295,96293-7081,71,2023-11-29
CLI0296,TEL0296,91221-8425,51,2023-11-29
CLI0297,TEL0297,93975-7304,21,2022-12-07
CLI0298,TEL0298,99920-4201,41,2019-01-22
CLI0299,TEL0299,96061-4497,11,2023-05-13
CLI0300,TEL0300,94702-2708,11,2024-06-24
CLI0301,TEL0301,96837-3736,31,2019-06-02
CLI0302,TEL0302,95601-6215,31,2025-04-23
CLI0303,TEL0303,98093-9281,81,2020-04-17
CLI0304,TEL0304,91796-2842,81,2022-07-07
CLI0305,TEL0305,97732-6594,31,2022-11-19
CLI0306,TEL0306,98044-7558,61,2019-11-30
CLI0307,TEL0307,95565-2014,11,2021-07-16
CLI0308,TEL0308,99798-2030,11,2019-05-19
CLI0309,TEL0309,91595-1414,31,2024-09-07
CLI0310,TEL0310,94052-6239,81,2023-06-20
CLI0311,TEL0311,95933-4714,21,2019-04-28
CLI0312,TEL0312,99099-3694,11,2019-04-30
CLI0313,TEL0313,96751-3525,85,2022-09-23
CLI0314,TEL0314,98940-5032,61,2020-07-08
CLI0315,TEL0315,94844-3430,31,2024-01-21
CLI0316,TEL0316,93855-1023,51,2020-07-15
CLI0317,TEL0317,94694-3116,41,2023-01-24
CLI0318,TEL0318,98692-7506,21,2025-03-03
CLI0319,TEL0319,99156-2979,85,2019-10-04
CLI0320,TEL0320,92616-1231,81,2020-05-03
CLI0321,TEL0321,94641-3996,21,2021-07-18
CLI0322,TEL0322,99751-5231,71,2021-12-23
CLI0323,TEL0323,93146-3378,41,2020-09-13
CLI0324,TEL0324,91276-2738,51,2025-01-01
CLI0325,TEL0325,93527-4016,31,2021-09-05
CLI0326,TEL0326,96530-4458,61,2022-10-09
CLI0327,TEL0327,95008-2092,21,2024-01-03
CLI0328,TEL0328,95518-2712,41,2021-05-17
CLI0329,TEL0329,95995-2999,85,2023-02-11
CLI0330,TEL0330,97313-3859,71,2025-09-29
CLI0331,TEL0331,94755-8758,61,2025-11-21
CLI0332,TEL0332,91737-6923,61,2020-02-11
CLI0333,TEL0333,97034-2416,71,2022-01-19
CLI0334,TEL0334,96405-8016,51,2018-12-09
CLI0335,TEL0335,96259-8386,85,2024-01-24
CLI0336,TEL0336,91008-3246,11,2023-05-08
CLI0337,TEL0337,92165-9128,21,2025-02-12
CLI0338,TEL0338,94991-8045,71,2024-10-17
CLI0339,TEL0339,91595-9572,81,2022-04-28
CLI0340,TEL0340,94790-2309,31,2018-06-11
CLI0341,TEL0341,98542-6556,85,2018-09-18
CLI0342,TEL0342,94886-4407,51,2025-03-20
CLI0343,TEL0343,96387-6058,41,2022-05-17
CLI0344,TEL0344,93976-4820,21,2018-06-14
CLI0345,TEL0345,96766-1385,61,2021-02-26
CLI0346,TEL0346,95654-8863,11,2023-11-20
CLI0347,TEL0347,98606-7482,51,2019-08-25
CLI0348,TEL0348,98337-8375,51,2025-05-06
CLI0349,TEL0349,97989-1553,51,2023-06-15
CLI0350,TEL0350,96783-6156,41,2018-07-30
CLI0351,TEL0351,95462-7989,31,2023-12-08
CLI0352,TEL0352,96867-3250,71,2023-10-31
CLI0353,TEL0353,98634-1130,31,2022-08-13
CLI0354,TEL0354,98580-7775,41,2021-06-21
CLI0355,TEL0355,95751-9593,85,2024-07-19
CLI0356,TEL0356,97782-8120,41,2023-08-29
CLI0357,TEL0357,94627-6036,51,2024-08-19
CLI0358,TEL0358,97480-5007,41,2025-02-25
CLI0359,TEL0359,94709-5417,71,2024-01-02
CLI0360,TEL0360,93807-3393,41,2025-01-03
CLI0361,TEL0361,98815-4580,85,2019-11-16
CLI0362,TEL0362,93583-2697,11,2021-01-05
CLI0363,TEL0363,92886-8843,11,2024-11-06
CLI0364,TEL0364,95703-7763,61,2022-03-16
CLI0365,TEL0365,91610-5004,11,2025-10-27
CLI0366,TEL0366,97250-2050,31,2025-01-19
CLI0367,TEL0367,93317-6828,21,2023-05-05
CLI0368,TEL0368,96836-9663,71,2025-09-12
CLI0369,TEL0369,91037-8049,21,2020-12-31
CLI0370,TEL0370,95888-4099,51,2025-06-23
CLI0371,TEL0371,92187-4650,85,2024-07-02
CLI0372,TEL0372,94121-7674,31,2019-10-28
CLI0373,TEL0373,98495-5796,31,2024-08-15
CLI0374,TEL0374,95935-4800,81,2018-03-28
CLI0375,TEL0375,91459-1535,85,2021-09-06
CLI0376,TEL0376,97249-1821,31,2025-05-16
CLI0377,TEL0377,98178-5686,21,2019-10-01
CLI0378,TEL0378,96218-1957,31,2023-02-22
CLI0379,TEL0379,95592-7916,71,2018-12-09
CLI0380,TEL0380,94259-4293,31,2021-11-18
CLI0381,TEL0381,91266-3202,61,2021-12-19
CLI0382,TEL0382,94763-1359,41,2018-02-27
CLI0383,TEL0383,93012-8008,81,2020-08-26
CLI0384,TEL0384,96691-6164,41,2019-12-02
CLI0385,TEL0385,94450-1918,21,2022-10-15
CLI0386,TEL0386,98989-3795,41,2021-05-06
CLI0387,TEL0387,99850-5849,81,2018-08-31
CLI0388,TEL0388,93677-3169,51,2022-04-16
CLI0389,TEL0389,95242-9953,81,2018-07-05
CLI0390,TEL0390,96261-5267,71,2023-03-15
CLI0391,TEL0391,99873-4725,85,2021-06-16
CLI0392,TEL0392,96562-9286,21,2020-02-13
CLI0393,TEL0393,96623-7312,71,2019-09-06
CLI0394,TEL0394,93415-5053,81,2021-09-01
CLI0395,TEL0395,94052-2633,31,2025-04-20
CLI0396,TEL0396,99413-1687,41,2022-08-16
CLI0397,TEL0397,91819-2211,81,2021-02-17
CLI0398,TEL0398,94695-3474,61,2024-09-30
CLI0399,TEL0399,96215-2792,81,2021-07-11
CLI0400,TEL0400,97353-5170,41,2023-12-15
CLI0401,TEL0401,95739-3451,31,2019-02-15
CLI0402,TEL0402,95270-7266,41,2020-05-18
CLI0403,TEL0403,94315-5749,51,2024-08-28
CLI0404,TEL0404,99177-9332,61,2018-08-20
CLI0405,TEL0405,91169-7130,71,2020-01-19
CLI0406,TEL0406,96131-4104,81,2024-03-09
CLI0407,TEL0407,94427-3620,61,2022-07-18
CLI0408,TEL0408,98768-6224,31,2020-10-11
CLI0409,TEL0409,92319-7543,61,2019-06-04
CLI0410,TEL0410,97043-3583,31,2024-08-16
CLI0411,TEL0411,94577-1688,31,2025-08-29
CLI0412,TEL0412,97590-4810,71,2020-10-05
CLI0413,TEL0413,93823-5860,31,2020-03-09
CLI0414,TEL0414,99427-1443,85,2018-12-13
CLI0415,TEL0415,94654-9819,11,2020-06-13
CLI0416,TEL0416,93572-2052,21,2022-03-09
CLI0417,TEL0417,97096-5850,85,2025-11-12
CLI0418,TEL0418,98134-9903,71,2022-06-04
CLI0419,TEL0419,92703-2797,85,2022-10-07
CLI0420,TEL0420,96067-6006,31,2022-06-29
CLI0421,TEL0421,99232-9156,81,2023-01-20
CLI0422,TEL0422,99532-6362,71,2018-06-27
CLI0423,TEL0423,92945-8132,31,2019-05-06
CLI0424,TEL0424,93308-8145,31,2024-05-09
CLI0425,TEL0425,92047-1745,51,2020-11-10
CLI0426,TEL0426,95610-8956,85,2020-03-10
CLI0427,TEL0427,98315-3513,71,2022-12-12
CLI0428,TEL0428,99416-4263,21,2019-08-05
CLI0429,TEL0429,97918-7714,11,2025-04-17
CLI0430,TEL0430,96698-4222,31,2023-12-16
CLI0431,TEL0431,92578-1063,61,2018-08-23
CLI0432,TEL0432,99674-4849,85,2021-06-14
CLI0433,TEL0433,97847-3800,11,2024-10-08
CLI0434,TEL0434,93687-8493,71,2025-11-02
CLI0435,TEL0435,99218-7313,41,2018-09-10
CLI0436,TEL0436,92868-9885,71,2019-06-27
CLI0437,TEL0437,95992-2780,11,2024-06-02
CLI0438,TEL0438,94295-4696,31,2022-11-29
CLI0439,TEL0439,98554-2037,85,2019-02-20
CLI0440,TEL0440,99077-7318,21,2021-05-11
CLI0441,TEL0441,93736-1102,85,2019-12-20
CLI0442,TEL0442,93087-8652,81,2022-11-19
CLI0443,TEL0443,96772-7864,85,2020-11-09
CLI0444,TEL0444,93919-1272,31,2020-04-04
CLI0445,TEL0445,99746-7299,31,2023-02-12
CLI0446,TEL0446,98343-4344,51,2024-03-27
CLI0447,TEL0447,96626-6343,41,2022-11-04
CLI0448,TEL0448,98280-5880,31,2019-12-24
CLI0449,TEL0449,93338-7750,71,2019-07-15
CLI0450,TEL0450,97493-8936,11,2020-09-13
CLI0451,TEL0451,99159-5176,85,2022-12-30
CLI0452,TEL0452,94170-9258,51,2019-06-17
CLI0453,TEL0453,99503-6625,41,2022-10-11
CLI0454,TEL0454,99744-1458,51,2020-02-20
CLI0455,TEL0455,97463-1162,61,2019-05-17
CLI0456,TEL0456,98515-1640,71,2022-01-02
CLI0457,TEL0457,91296-9918,31,2025-08-05
CLI0458,TEL0458,94628-1008,85,2018-09-18
CLI0459,TEL0459,95999-9861,85,2019-08-01
CLI0460,TEL0460,97815-4875,11,2018-08-30
CLI0461,TEL0461,91774-1010,41,2023-11-09
CLI0462,TEL0462,92668-6830,41,2019-10-20
CLI0463,TEL0463,95277-4138,81,2021-06-21
CLI0464,TEL0464,99235-8861,11,2023-10-11
CLI0465,TEL0465,91572-1511,21,2020-01-27
CLI0466,TEL0466,91779-4783,51,2025-11-22
CLI0467,TEL0467,91708-7445,81,2022-02-26
CLI0468,TEL0468,97131-3700,51,2020-07-02
CLI0469,TEL0469,96639-8146,81,2020-10-26
CLI0470,TEL0470,93046-1129,61,2019-10-10
CLI0471,TEL0471,98202-1481,51,2019-04-06
CLI0472,TEL0472,95727-6335,61,2021-03-09
CLI0473,TEL0473,92579-4797,85,2018-12-16
CLI0474,TEL0474,93247-5709,61,2025-07-13
CLI0475,TEL0475,91923-1054,41,2020-10-26
CLI0476,TEL0476,92113-8738,41,2023-03-01
CLI0477,TEL0477,97973-5435,85,2022-03-15
CLI0478,TEL0478,96263-6320,31,2023-11-23
CLI0479,TEL0479,92661-7653,21,2023-09-05
CLI0480,TEL0480,98350-2090,11,2019-10-25
CLI0481,TEL0481,96054-2519,51,2024-04-28
CLI0482,TEL0482,96998-4519,61,2022-04-20
CLI0483,TEL0483,95846-2837,81,2025-04-18
CLI0484,TEL0484,98527-4267,51,2021-06-14
CLI0485,TEL0485,99364-9754,11,2023-07-24
CLI0486,TEL0486,92362-2124,41,2018-07-11
CLI0487,TEL0487,99404-8773,85,2021-11-11
CLI0488,TEL0488,93852-8862,85,2025-02-07
CLI0489,TEL0489,98123-4013,61,2025-05-24
CLI0490,TEL0490,96009-7694,61,2018-05-09
CLI0491,TEL0491,91819-2663,85,2020-07-25
CLI0492,TEL0492,94080-5792,51,2025-10-26
CLI0493,TEL0493,98253-7207,31,2019-07-08
CLI0494,TEL0494,94439-7488,31,2021-01-01
CLI0495,TEL0495,95292-6594,11,2023-06-08
CLI0496,TEL0496,99720-6575,81,2025-05-19
CLI0497,TEL0497,93682-2559,21,2023-08-12
CLI0498,TEL0498,93788-5830,71,2018-11-16
CLI0499,TEL0499,98500-7073,81,2022-12-29
CLI0500,TEL0500,96710-9518,31,2020-05-17
CLI0501,TEL0501,92170-8227,81,2018-07-23
CLI0502,TEL0502,99854-4072,81,2018-01-15
CLI0503,TEL0503,99669-5902,51,2019-08-13
CLI0504,TEL0504,97970-9132,31,2018-03-22
CLI0505,TEL0505,94565-1486,41,2025-05-30
CLI0506,TEL0506,92869-2342,41,2019-03-28
CLI0507,TEL0507,91186-1371,31,2020-02-01
CLI0508,TEL0508,97068-6171,31,2022-12-07
CLI0509,TEL0509,97122-2465,61,2019-07-03
CLI0510,TEL0510,91194-6216,41,2025-06-14
CLI0511,TEL0511,94950-2307,11,2025-10-25
CLI0512,TEL0512,93202-6163,61,2019-03-28
CLI0513,TEL0513,91967-9701,61,2023-09-18
CLI0514,TEL0514,93015-1699,51,2023-09-10
CLI0515,TEL0515,94384-7561,21,2023-12-15
CLI0516,TEL0516,93291-8206,21,2025-03-25
CLI0517,TEL0517,95019-4424,61,2020-10-15
CLI0518,TEL0518,99921-6271,71,2022-10-18
CLI0519,TEL0519,92408-6477,71,2020-08-02
CLI0520,TEL0520,94046-6850,61,2025-01-06
CLI0521,TEL0521,97437-1697,31,2025-03-17
CLI0522,TEL0522,98486-1461,31,2025-10-07
CLI0523,TEL0523,91076-6621,41,2021-09-30
CLI0524,TEL0524,95201-2125,71,2019-01-12
CLI0525,TEL0525,96297-4354,61,2018-07-08
CLI0526,TEL0526,93038-1613,41,2023-02-13
CLI0527,TEL0527,95326-3338,81,2019-05-26
CLI0528,TEL0528,92678-5313,51,2021-07-05
CLI0529,TEL0529,94766-6193,41,2025-08-05
CLI0530,TEL0530,97588-5261,11,2023-01-28
CLI0531,TEL0531,99341-8443,51,2024-07-02
CLI0532,TEL0532,96384-9808,81,2025-01-27
CLI0533,TEL0533,91348-7960,85,2020-06-19
CLI0534,TEL0534,95439-1575,41,2025-06-10
CLI0535,TEL0535,92065-9310,81,2022-04-12
CLI0536,TEL0536,99388-4644,41,2025-08-17
CLI0537,TEL0537,95113-2544,41,2020-05-05
CLI0538,TEL0538,96719-4162,85,2021-09-22
CLI0539,TEL0539,97486-3183,61,2018-05-20
CLI0540,TEL0540,94811-2392,11,2021-03-25
CLI0541,TEL0541,95399-5579,21,2018-01-21
CLI0542,TEL0542,95458-2633,41,2024-03-11
CLI0543,TEL0543,92233-1974,81,2021-04-20
CLI0544,TEL0544,93362-5539,85,2019-12-25
CLI0545,TEL0545,97386-5190,71,2023-06-15
CLI0546,TEL0546,95891-3361,31,2020-02-10
CLI0547,TEL0547,93824-7868,21,2025-11-13
CLI0548,TEL0548,94152-6004,71,2018-02-26
CLI0549,TEL0549,98780-1196,31,2022-05-21
CLI0550,TEL0550,93481-1575,11,2023-04-26
CLI0551,TEL0551,93220-2148,61,2019-09-21
CLI0552,TEL0552,96553-8616,81,2022-06-27
CLI0553,TEL0553,94987-3237,61,2018-08-30
CLI0554,TEL0554,98560-2465,41,2020-06-08
CLI0555,TEL0555,92532-2788,41,2019-03-08
CLI0556,TEL0556,98743-2238,71,2019-07-19
CLI0557,TEL0557,96180-5576,71,2021-11-09
CLI0558,TEL0558,99964-2120,81,2022-06-13
CLI0559,TEL0559,97669-1881,31,2024-08-07
CLI0560,TEL0560,94009-6907,31,2023-02-08
CLI0561,TEL0561,94517-5421,21,2022-01-20
CLI0562,TEL0562,98773-3953,71,2022-02-18
CLI0563,TEL0563,96174-2546,41,2021-05-14
CLI0564,TEL0564,95916-1394,31,2025-04-13
CLI0565,TEL0565,96746-2834,71,2020-10-04
CLI0566,TEL0566,96237-9798,21,2024-03-03
CLI0567,TEL0567,99779-7776,51,2018-03-18
CLI0568,TEL0568,93079-4504,81,2022-12-26
CLI0569,TEL0569,96111-8474,51,2023-04-26
CLI0570,TEL0570,92451-2794,11,2022-07-17
CLI0571,TEL0571,98162-5927,11,2024-10-22
CLI0572,TEL0572,97439-3094,41,2022-08-16
CLI0573,TEL0573,99353-8160,51,2019-05-12
CLI0574,TEL0574,99647-7721,61,2020-08-08
CLI0575,TEL0575,93755-2080,31,2020-04-21
CLI0576,TEL0576,96886-6387,11,2025-10-16
CLI0577,TEL0577,99987-9503,71,2022-09-19
CLI0578,TEL0578,92822-1079,11,2020-01-04
CLI0579,TEL0579,95130-2951,71,2018-02-17
CLI0580,TEL0580,97299-3494,41,2022-12-03
CLI0581,TEL0581,99715-8533,11,2021-07-23
CLI0582,TEL0582,92346-9972,71,2020-06-29
CLI0583,TEL0583,91377-9438,51,2020-05-24
CLI0584,TEL0584,95002-8301,21,2022-04-12
CLI0585,TEL0585,97051-5245,61,2023-05-09
CLI0586,TEL0586,93458-1297,41,2021-04-19
CLI0587,TEL0587,96947-4333,61,2022-02-10
CLI0588,TEL0588,98315-6269,71,2021-08-27
CLI0589,TEL0589,97626-8076,81,2021-12-31
CLI0590,TEL0590,95374-1262,31,2021-10-02
CLI0591,TEL0591,94645-9410,81,2025-05-31
CLI0592,TEL0592,93305-1551,85,2024-11-07
CLI0593,TEL0593,93227-8660,41,2021-07-10
CLI0594,TEL0594,93617-4641,61,2019-11-25
CLI0595,TEL0595,92551-3285,85,2025-07-16
CLI0596,TEL0596,92137-3894,61,2024-03-24
CLI0597,TEL0597,92874-1519,11,2019-01-28
CLI0598,TEL0598,97691-1385,11,2023-04-09
CLI0599,TEL0599,98508-2419,11,2025-07-18
CLI0600,TEL0600,92124-6748,21,2025-09-28
CLI0601,TEL0601,97131-1188,81,2019-01-24
CLI0602,TEL0602,96112-7255,11,2020-07-18
CLI0603,TEL0603,95912-7272,11,2021-12-06
CLI0604,TEL0604,99179-4358,51,2024-10-22
CLI0605,TEL0605,97911-2361,81,2022-05-31
CLI0606,TEL0606,92663-3067,81,2022-03-29
CLI0607,TEL0607,97422-7853,71,2021-03-10
CLI0608,TEL0608,98240-7697,85,2021-12-22
CLI0609,TEL0609,98652-2319,31,2022-08-29
CLI0610,TEL0610,91598-7763,21,2021-10-22
CLI0611,TEL0611,95937-3385,31,2025-02-06
CLI0612,TEL0612,96033-7869,71,2022-05-27
CLI0613,TEL0613,98091-5141,61,2025-01-29
CLI0614,TEL0614,91281-7548,51,2024-01-04
CLI0615,TEL0615,92656-9078,41,2020-03-29
CLI0616,TEL0616,91041-8029,41,2018-06-23
CLI0617,TEL0617,99199-9236,31,2022-06-22
CLI0618,TEL0618,97877-9795,11,2025-07-04
CLI0619,TEL0619,92650-1716,31,2025-03-01
CLI0620,TEL0620,95570-2347,31,2021-01-01
CLI0621,TEL0621,99648-7944,11,2021-12-03
CLI0622,TEL0622,97308-1866,11,2019-01-26
CLI0623,TEL0623,98319-1810,21,2018-10-24
CLI0624,TEL0624,98779-2913,41,2019-08-03
CLI0625,TEL0625,97798-1746,21,2023-01-11
CLI0626,TEL0626,91834-9312,51,2021-05-15
CLI0627,TEL0627,96384-6974,11,2024-08-21
CLI0628,TEL0628,96582-4661,61,2022-03-17
CLI0629,TEL0629,93727-9658,81,2021-10-16
CLI0630,TEL0630,91921-4714,81,2024-09-11
CLI0631,TEL0631,99388-2819,81,2023-01-01
CLI0632,TEL0632,97294-5117,81,2020-09-08
CLI0633,TEL0633,94714-1660,81,2023-02-15
CLI0634,TEL0634,99962-1244,85,2019-02-04
CLI0635,TEL0635,93780-5208,51,2023-07-25
CLI0636,TEL0636,93658-2991,71,2020-10-24
CLI0637,TEL0637,96773-8469,51,2024-03-07
CLI0638,TEL0638,96841-2086,71,2018-05-31
CLI0639,TEL0639,93327-2465,61,2021-01-30
CLI0640,TEL0640,97363-2191,11,2025-01-28
CLI0641,TEL0641,99563-5227,31,2018-09-11
CLI0642,TEL0642,94639-3243,51,2022-08-24
CLI0643,TEL0643,91167-5938,21,2023-10-20
CLI0644,TEL0644,96183-4745,11,2019-05-16
CLI0645,TEL0645,96975-7359,51,2022-09-08
CLI0646,TEL0646,96406-4812,51,2023-07-06
CLI0647,TEL0647,92941-5524,81,2024-05-15
CLI0648,TEL0648,97954-3003,61,2020-10-23
CLI0649,TEL0649,93241-9945,21,2024-08-29
CLI0650,TEL0650,97096-9155,85,2023-10-17
CLI0651,TEL0651,91747-8567,31,2020-04-15
CLI0652,TEL0652,98129-7058,51,2020-08-29
CLI0653,TEL0653,92059-8234,21,2019-09-05
CLI0654,TEL0654,98599-3007,61,2023-08-15
CLI0655,TEL0655,94766-8883,11,2020-10-04
CLI0656,TEL0656,99684-1261,31,2022-09-08
CLI0657,TEL0657,99245-6313,81,2023-06-29
CLI0658,TEL0658,93830-6444,51,2022-03-18
CLI0659,TEL0659,98387-4046,85,2019-07-01
CLI0660,TEL0660,95107-3229,11,2024-06-06
CLI0661,TEL0661,92107-4383,61,2018-06-30
CLI0662,TEL0662,96867-3054,41,2024-06-10
CLI0663,TEL0663,91853-7659,11,2023-05-10
CLI0664,TEL0664,94829-3889,11,2024-10-19
CLI0665,TEL0665,95255-1098,61,2022-08-27
CLI0666,TEL0666,93372-8770,41,2021-07-02
CLI0667,TEL0667,98362-8029,51,2025-01-25
CLI0668,TEL0668,97741-8376,11,2020-05-07
CLI0669,TEL0669,99188-6554,61,2021-07-19
CLI0670,TEL0670,94952-9633,51,2019-12-03
CLI0671,TEL0671,93133-8461,41,2025-11-21
CLI0672,TEL0672,98899-2692,21,2019-08-20
CLI0673,TEL0673,97978-2977,81,2023-04-24
CLI0674,TEL0674,93582-9899,61,2018-08-12
CLI0675,TEL0675,94812-1530,61,2023-07-20
CLI0676,TEL0676,93935-4066,11,2023-01-01
CLI0677,TEL0677,95360-4020,71,2024-05-19
CLI0678,TEL0678,99951-1414,21,2025-10-19
CLI0679,TEL0679,92317-7554,41,2022-04-13
CLI0680,TEL0680,95771-4248,41,2018-07-23
CLI0681,TEL0681,97172-4667,21,2020-05-30
CLI0682,TEL0682,98098-4959,85,2022-09-28
CLI0683,TEL0683,96326-5261,11,2020-04-12
CLI0684,TEL0684,96325-2781,41,2021-12-08
CLI0685,TEL0685,99081-3952,85,2018-04-20
CLI0686,TEL0686,94640-6702,11,2024-01-05
CLI0687,TEL0687,97877-8414,71,2025-12-31
CLI0688,TEL0688,95976-6831,41,2019-11-02
CLI0689,TEL0689,97121-1383,81,2025-09-09
CLI0690,TEL0690,91045-7859,81,2019-04-01
CLI0691,TEL0691,91167-2692,31,2022-05-15
CLI0692,TEL0692,97085-5903,41,2021-12-26
CLI0693,TEL0693,91566-4689,31,2024-12-05
CLI0694,TEL0694,91107-3748,41,2024-01-24
CLI0695,TEL0695,96429-6636,11,2024-01-24
CLI0696,TEL0696,94703-7632,85,2018-11-15
CLI0697,TEL0697,95023-4157,31,2023-04-15
CLI0698,TEL0698,93166-1118,85,2020-10-02
CLI0699,TEL0699,93006-3069,51,2019-04-24
CLI0700,TEL0700,91942-8279,61,2023-09-15
CLI0701,TEL0701,93193-1924,21,2024-12-10
CLI0702,TEL0702,98882-8533,51,2021-11-07
CLI0703,TEL0703,97290-3986,51,2018-09-30
CLI0704,TEL0704,96601-2602,31,2020-10-10
CLI0705,TEL0705,92636-8890,61,2018-05-15
CLI0706,TEL0706,98757-6218,31,2024-05-22
CLI0707,TEL0707,92685-3324,11,2023-10-28
CLI0708,TEL0708,91433-1073,31,2025-11-30
CLI0709,TEL0709,95431-2000,41,2018-07-01
CLI0710,TEL0710,96437-6810,11,2025-06-08
CLI0711,TEL0711,92644-2721,51,2025-11-20
CLI0712,TEL0712,98552-3288,51,2024-09-09
CLI0713,TEL0713,93512-2530,85,2018-10-28
CLI0714,TEL0714,99842-2793,31,2018-09-02
CLI0715,TEL0715,91679-8068,81,2018-02-08
CLI0716,TEL0716,94841-3787,85,2023-07-13
CLI0717,TEL0717,91936-3718,61,2024-09-08
CLI0718,TEL0718,96464-9248,61,2024-10-29
CLI0719,TEL0719,93814-6253,71,2025-12-18
CLI0720,TEL0720,91294-9321,51,2020-07-11
CLI0721,TEL0721,96937-5999,41,2024-01-18
CLI0722,TEL0722,97419-3765,85,2022-01-05
CLI0723,TEL0723,99737-4004,61,2020-07-10
CLI0724,TEL0724,97736-4091,51,2018-06-28
CLI0725,TEL0725,95025-5481,21,2019-09-22
CLI0726,TEL0726,97840-7462,31,2025-05-17
CLI0727,TEL0727,91004-5297,61,2025-10-23
CLI0728,TEL0728,94032-2093,81,2021-04-30
CLI0729,TEL0729,92226-1817,21,2022-08-16
CLI0730,TEL0730,99826-3910,31,2020-01-24
CLI0731,TEL0731,94640-7263,11,2019-02-02
CLI0732,TEL0732,93352-8559,81,2023-01-11
CLI0733,TEL0733,92816-7848,11,2020-09-03
CLI0734,TEL0734,99613-6799,11,2019-03-10
CLI0735,TEL0735,95446-7941,21,2021-06-21
CLI0736,TEL0736,92823-4368,41,2019-07-31
CLI0737,TEL0737,95243-5638,21,2019-04-12
CLI0738,TEL0738,97374-6717,51,2019-02-02
CLI0739,TEL0739,98600-8698,71,2021-09-03
CLI0740,TEL0740,97913-4414,51,2018-02-14
CLI0741,TEL0741,95545-8021,21,2019-08-09
CLI0742,TEL0742,98231-1323,21,2023-09-02
CLI0743,TEL0743,93825-5911,31,2021-12-07
CLI0744,TEL0744,96040-5368,51,2022-01-07
CLI0745,TEL0745,98018-6492,41,2022-01-06
CLI0746,TEL0746,91176-3711,61,2022-12-22
CLI0747,TEL0747,97201-3241,71,2025-05-29
CLI0748,TEL0748,99449-8108,51,2023-02-24
CLI0749,TEL0749,99206-6524,61,2018-03-18
CLI0750,TEL0750,94841-6263,11,2024-06-25
CLI0751,TEL0751,92272-5290,71,2019-01-03
CLI0752,TEL0752,92537-5810,41,2020-06-18
CLI0753,TEL0753,98488-1839,71,2021-05-20
CLI0754,TEL0754,96757-7809,51,2023-07-25
CLI0755,TEL0755,97621-2100,61,2021-10-26
CLI0756,TEL0756,99479-1549,11,2022-07-10
CLI0757,TEL0757,91181-9470,51,2021-12-18
CLI0758,TEL0758,97308-1334,51,2021-09-04
CLI0759,TEL0759,91598-4733,41,2020-01-02
CLI0760,TEL0760,94461-1443,71,2018-06-07
CLI0761,TEL0761,98716-2970,85,2025-06-11
CLI0762,TEL0762,98788-5607,21,2022-06-27
CLI0763,TEL0763,99307-8059,61,2021-03-14
CLI0764,TEL0764,91764-7344,81,2023-06-04
CLI0765,TEL0765,93771-9438,85,2019-03-04
CLI0766,TEL0766,96286-1358,51,2018-09-05
CLI0767,TEL0767,91961-5298,85,2025-09-03
CLI0768,TEL0768,91487-7670,71,2024-08-05
CLI0769,TEL0769,91242-8775,41,2021-10-10
CLI0770,TEL0770,92312-9790,31,2020-10-15
CLI0771,TEL0771,94343-4823,81,2022-10-23
CLI0772,TEL0772,96045-5299,31,2022-03-24
CLI0773,TEL0773,99774-4840,21,2023-04-07
CLI0774,TEL0774,91315-2850,51,2024-03-17
CLI0775,TEL0775,93943-2040,61,2022-12-04
CLI0776,TEL0776,99691-3660,51,2020-02-25
CLI0777,TEL0777,91889-3403,21,2022-09-08
CLI0778,TEL0778,97330-7175,51,2021-12-24
CLI0779,TEL0779,91848-2686,71,2025-11-10
CLI0780,TEL0780,99372-2526,61,2025-06-11
CLI0781,TEL0781,91891-3557,71,2022-04-15
CLI0782,TEL0782,94335-1509,85,2025-06-21
CLI0783,TEL0783,98442-3610,71,2021-07-05
CLI0784,TEL0784,93848-5849,51,2024-10-20
CLI0785,TEL0785,98498-3413,85,2025-12-20
CLI0786,TEL0786,95515-2455,21,2022-05-31
CLI0787,TEL0787,97305-2805,31,2020-05-21
CLI0788,TEL0788,91542-9689,31,2018-02-04
CLI0789,TEL0789,91930-3870,71,2018-01-08
CLI0790,TEL0790,97250-4012,51,2018-05-09
CLI0791,TEL0791,92330-3926,11,2025-09-17
CLI0792,TEL0792,95886-3659,61,2023-12-14
CLI0793,TEL0793,93559-4650,81,2021-05-08
CLI0794,TEL0794,98394-7636,11,2019-03-28
CLI0795,TEL0795,95811-4969,71,2018-06-19
CLI0796,TEL0796,96814-4642,71,2018-10-22
CLI0797,TEL0797,98202-7016,51,2024-01-25
CLI0798,TEL0798,99356-9958,31,2020-07-03
CLI0799,TEL0799,95075-9483,61,2025-01-01
CLI0800,TEL0800,94781-8010,11,2024-12-11
CLI0801,TEL0801,99666-7680,51,2024-01-03
CLI0802,TEL0802,98939-3853,31,2025-04-10
CLI0803,TEL0803,97339-4023,31,2023-10-04
CLI0804,TEL0804,92190-8433,71,2025-06-24
CLI0805,TEL0805,93528-9981,41,2022-09-08
CLI0806,TEL0806,97550-9433,81,2024-12-20
CLI0807,TEL0807,98107-1202,51,2020-12-16
CLI0808,TEL0808,99573-5120,41,2019-03-03
CLI0809,TEL0809,92386-3535,31,2018-09-27
CLI0810,TEL0810,95744-5874,11,2020-04-08
CLI0811,TEL0811,92103-5996,41,2024-07-08
CLI0812,TEL0812,95923-2936,11,2020-01-12
CLI0813,TEL0813,93495-9905,81,2019-04-26
CLI0814,TEL0814,96361-7287,51,2021-08-10
CLI0815,TEL0815,93479-1911,85,2020-06-22
CLI0816,TEL0816,98937-7989,71,2023-11-13
CLI0817,TEL0817,97564-3049,85,2020-01-19
CLI0818,TEL0818,93157-1070,21,2018-09-10
CLI0819,TEL0819,98349-7692,71,2022-06-25
CLI0820,TEL0820,93505-5757,11,2020-06-22
CLI0821,TEL0821,92974-3676,61,2020-05-06
CLI0822,TEL0822,96173-7630,21,2025-12-18
CLI0823,TEL0823,93778-2200,81,2022-12-22
CLI0824,TEL0824,93938-1737,31,2019-07-28
CLI0825,TEL0825,94248-9448,81,2021-11-29
CLI0826,TEL0826,94012-5815,51,2024-02-23
CLI0827,TEL0827,95438-9083,71,2020-01-20
CLI0828,TEL0828,94694-6164,21,2018-06-16
CLI0829,TEL0829,92168-8720,11,2025-05-06
CLI0830,TEL0830,93727-9818,61,2022-08-18
CLI0831,TEL0831,91606-2202,85,2019-02-21
CLI0832,TEL0832,99922-2295,21,2024-04-24
CLI0833,TEL0833,97429-6992,41,2025-04-19
CLI0834,TEL0834,98746-1044,11,2018-04-08
CLI0835,TEL0835,96103-6225,51,2024-05-06
CLI0836,TEL0836,93451-3919,21,2023-06-07
CLI0837,TEL0837,97449-3626,11,2023-08-31
CLI0838,TEL0838,95566-1344,81,2023-07-09
CLI0839,TEL0839,96536-2483,71,2025-10-30
CLI0840,TEL0840,94878-6612,71,2023-07-04
CLI0841,TEL0841,95914-5319,11,2024-04-03
CLI0842,TEL0842,99283-8912,11,2023-04-21
CLI0843,TEL0843,92518-9861,51,2018-08-08
CLI0844,TEL0844,97386-7202,21,2023-02-03
CLI0845,TEL0845,91770-6618,31,2019-05-25
CLI0846,TEL0846,92825-7607,11,2024-05-14
CLI0847,TEL0847,96137-4700,81,2019-09-22
CLI0848,TEL0848,96953-5563,51,2018-04-28
CLI0849,TEL0849,92309-8271,21,2022-12-15
CLI0850,TEL0850,96553-4995,51,2018-12-15
CLI0851,TEL0851,97675-3945,41,2021-01-26
CLI0852,TEL0852,93258-7297,21,2019-07-07
CLI0853,TEL0853,98965-8346,11,2023-08-21
CLI0854,TEL0854,91849-7444,41,2019-07-04
CLI0855,TEL0855,97077-1721,31,2022-08-22
CLI0856,TEL0856,95357-1131,85,2020-07-20
CLI0857,TEL0857,92937-3701,11,2021-12-12
CLI0858,TEL0858,93216-1381,51,2020-05-07
CLI0859,TEL0859,97078-8659,61,2019-12-03
CLI0860,TEL0860,97429-1682,11,2023-05-02
CLI0861,TEL0861,96715-9077,51,2019-07-03
CLI0862,TEL0862,93245-1718,61,2019-06-30
CLI0863,TEL0863,94688-9418,21,2020-10-20
CLI0864,TEL0864,97378-6699,61,2020-04-18
CLI0865,TEL0865,97523-7654,31,2024-02-02
CLI0866,TEL0866,99082-9110,11,2022-10-27
CLI0867,TEL0867,92680-7881,31,2024-03-17
CLI0868,TEL0868,98354-3527,71,2018-10-28
CLI0869,TEL0869,96996-9257,61,2018-06-27
CLI0870,TEL0870,92111-8228,41,2023-04-23
CLI0871,TEL0871,96177-7934,11,2025-11-25
CLI0872,TEL0872,93112-3936,51,2018-12-23
CLI0873,TEL0873,96039-8247,51,2018-12-12
CLI0874,TEL0874,96240-8660,11,2022-07-20
CLI0875,TEL0875,99596-9708,71,2021-04-05
CLI0876,TEL0876,98039-6408,71,2022-05-13
CLI0877,TEL0877,99108-5322,85,2020-03-14
CLI0878,TEL0878,91805-4043,41,2025-04-10
CLI0879,TEL0879,95003-1097,21,2018-12-15
CLI0880,TEL0880,98085-9009,41,2022-03-03
CLI0881,TEL0881,98848-4484,31,2025-09-03
CLI0882,TEL0882,93185-6278,41,2022-03-02
CLI0883,TEL0883,97161-4061,51,2025-11-22
CLI0884,TEL0884,94667-9764,61,2024-11-16
CLI0885,TEL0885,91355-2538,51,2022-08-18
CLI0886,TEL0886,94734-3870,85,2023-01-05
CLI0887,TEL0887,99104-2156,85,2018-09-27
CLI0888,TEL0888,92377-6378,51,2019-08-21
CLI0889,TEL0889,96301-8150,21,2023-04-28
CLI0890,TEL0890,95658-5028,41,2025-09-15
CLI0891,TEL0891,93101-9073,81,2020-12-17
CLI0892,TEL0892,97785-9294,11,2021-01-06
CLI0893,TEL0893,91056-4396,85,2021-10-04
CLI0894,TEL0894,96489-6131,31,2025-03-12
CLI0895,TEL0895,92389-1615,81,2019-03-28
CLI0896,TEL0896,95427-1303,71,2019-07-09
CLI0897,TEL0897,97885-3256,61,2024-03-25
CLI0898,TEL0898,95015-7632,41,2020-05-27
CLI0899,TEL0899,95298-7744,21,2021-03-22
CLI0900,TEL0900,94422-2711,85,2020-05-28
CLI0901,TEL0901,95551-2267,51,2024-07-24
CLI0902,TEL0902,96160-6137,11,2020-09-29
CLI0903,TEL0903,97831-8151,51,2023-05-07
CLI0904,TEL0904,95214-7242,21,2018-11-06
CLI0905,TEL0905,92222-2709,61,2025-08-24
CLI0906,TEL0906,91266-1066,21,2022-04-22
CLI0907,TEL0907,99700-5983,81,2025-04-11
CLI0908,TEL0908,97515-8554,85,2018-11-08
CLI0909,TEL0909,99623-3315,31,2025-11-09
CLI0910,TEL0910,91947-6403,85,2024-08-18
CLI0911,TEL0911,97298-2262,41,2020-09-08
CLI0912,TEL0912,96012-8660,85,2022-07-22
CLI0913,TEL0913,99442-8018,81,2021-03-24
CLI0914,TEL0914,94955-1060,81,2022-10-01
CLI0915,TEL0915,91972-3305,71,2024-01-10
CLI0916,TEL0916,97859-6286,61,2025-04-27
CLI0917,TEL0917,96415-9179,85,2018-10-14
CLI0918,TEL0918,96768-2636,31,2020-12-02
CLI0919,TEL0919,91856-7331,85,2019-07-01
CLI0920,TEL0920,93175-5770,11,2022-01-15
CLI0921,TEL0921,96326-2745,31,2018-10-24
CLI0922,TEL0922,98738-5851,11,2019-01-31
CLI0923,TEL0923,97976-1278,85,2023-09-04
CLI0924,TEL0924,92040-8415,11,2023-11-24
CLI0925,TEL0925,95887-5387,31,2025-06-04
CLI0926,TEL0926,91740-6452,11,2023-04-03
CLI0927,TEL0927,92133-4483,51,2025-05-03
CLI0928,TEL0928,98792-8942,81,2021-07-22
CLI0929,TEL0929,92794-4436,61,2024-02-26
CLI0930,TEL0930,91692-8602,41,2018-06-14
CLI0931,TEL0931,91232-6273,81,2021-08-13
CLI0932,TEL0932,96517-9986,11,2019-11-03
CLI0933,TEL0933,95111-5428,31,2021-05-28
CLI0934,TEL0934,96796-9690,31,2024-03-17
CLI0935,TEL0935,98678-4132,51,2024-09-24
CLI0936,TEL0936,98533-8719,51,2018-11-16
CLI0937,TEL0937,92862-6058,21,2018-01-03
CLI0938,TEL0938,93604-4300,11,2020-05-17
CLI0939,TEL0939,96242-9519,71,2018-09-04
CLI0940,TEL0940,97885-3607,41,2025-02-12
CLI0941,TEL0941,99988-7172,51,2022-02-09
CLI0942,TEL0942,94437-2616,81,2020-06-16
CLI0943,TEL0943,94500-2416,61,2025-01-05
CLI0944,TEL0944,99202-3450,51,2019-03-30
CLI0945,TEL0945,96118-7788,85,2021-03-20
CLI0946,TEL0946,98539-3366,41,2020-08-10
CLI0947,TEL0947,91441-3482,31,2020-07-23
CLI0948,TEL0948,98019-6183,51,2019-11-15
CLI0949,TEL0949,98317-6291,51,2021-07-09
CLI0950,TEL0950,94318-9598,21,2020-05-12
CLI0951,TEL0951,92086-6779,21,2020-10-06
CLI0952,TEL0952,95956-7055,85,2018-03-31
CLI0953,TEL0953,94442-9282,51,2020-04-23
CLI0954,TEL0954,91374-3548,11,2022-12-03
CLI0955,TEL0955,97539-2782,31,2023-07-28
CLI0956,TEL0956,99965-9959,21,2023-09-07
CLI0957,TEL0957,99368-3192,11,2019-02-05
CLI0958,TEL0958,91600-2940,11,2019-12-26
CLI0959,TEL0959,93358-7350,85,2023-04-10
CLI0960,TEL0960,98154-5977,81,2018-03-22
CLI0961,TEL0961,99041-6372,81,2021-09-09
CLI0962,TEL0962,96543-6805,81,2019-02-16
CLI0963,TEL0963,93798-4572,21,2021-09-24
CLI0964,TEL0964,98208-1536,61,2020-12-30
CLI0965,TEL0965,94647-9463,51,2018-06-11
CLI0966,TEL0966,99341-9804,41,2019-09-06
CLI0967,TEL0967,91842-2677,31,2023-03-21
CLI0968,TEL0968,98273-2865,61,2024-08-05
CLI0969,TEL0969,91613-8174,81,2022-04-25
CLI0970,TEL0970,94803-5957,51,2023-05-15
CLI0971,TEL0971,98750-5807,11,2021-04-12
CLI0972,TEL0972,95885-1354,21,2024-03-24
CLI0973,TEL0973,94582-9169,85,2022-07-30
CLI0974,TEL0974,96997-8422,31,2020-11-08
CLI0975,TEL0975,99340-7447,85,2024-04-27
CLI0976,TEL0976,92453-6430,85,2021-05-18
CLI0977,TEL0977,94713-3868,51,2021-05-15
CLI0978,TEL0978,96684-5166,85,2025-12-09
CLI0979,TEL0979,94396-5913,51,2022-04-28
CLI0980,TEL0980,93004-6658,61,2019-01-25
CLI0981,TEL0981,95386-2882,71,2018-10-17
CLI0982,TEL0982,93712-2260,85,2021-12-23
CLI0983,TEL0983,95696-2620,41,2022-12-26
CLI0984,TEL0984,91959-5180,85,2018-01-14
CLI0985,TEL0985,93104-3054,85,2022-10-01
CLI0986,TEL0986,91469-3483,71,2024-09-10
CLI0987,TEL0987,97299-4066,21,2021-01-24
CLI0988,TEL0988,93017-7185,71,2023-04-13
CLI0989,TEL0989,97457-4940,51,2024-08-13
CLI0990,TEL0990,95401-9916,11,2020-07-15
CLI0991,TEL0991,94616-7897,81,2024-12-02
CLI0992,TEL0992,92182-6364,31,2020-12-25
CLI0993,TEL0993,95813-1440,31,2018-04-05
CLI0994,TEL0994,95981-7479,61,2024-08-29
CLI0995,TEL0995,92802-7287,41,2021-03-15
CLI0996,TEL0996,96844-7248,61,2025-06-09
CLI0997,TEL0997,97154-5304,21,2024-03-16
CLI0998,TEL0998,96298-1040,31,2018-11-21
CLI0999,TEL0999,95441-5727,51,2023-11-18
CLI1000,TEL1000,99780-4746,11,2023-08-26
CLI1001,TEL1001,92083-5140,61,2021-08-06
CLI1002,TEL1002,95790-4243,31,2025-12-27
CLI1003,TEL1003,98503-9617,85,2025-03-14
CLI1004,TEL1004,95743-1228,61,2024-05-10
CLI1005,TEL1005,97961-2552,85,2022-06-22
CLI1006,TEL1006,99225-1845,11,2023-04-25
CLI1007,TEL1007,92381-6317,21,2024-11-09
CLI1008,TEL1008,97759-3798,21,2025-10-11
CLI1009,TEL1009,98472-2594,11,2024-05-14
CLI1010,TEL1010,95934-3111,61,2022-05-03
CLI1011,TEL1011,91037-3339,71,2025-11-16
CLI1012,TEL1012,93936-4214,11,2022-04-12
CLI1013,TEL1013,94031-9228,71,2024-03-17
CLI1014,TEL1014,96348-3262,31,2019-03-10
CLI1015,TEL1015,91447-7614,71,2024-07-24
CLI1016,TEL1016,96238-3321,11,2019-06-27
CLI1017,TEL1017,93304-3109,31,2021-07-30
CLI1018,TEL1018,94802-3137,31,2022-09-27
CLI1019,TEL1019,91451-2566,11,2022-05-13
CLI1020,TEL1020,96025-4425,41,2022-07-22
CLI1021,TEL1021,96957-3974,85,2025-12-29
CLI1022,TEL1022,95164-6497,71,2019-12-10
CLI1023,TEL1023,94042-9201,71,2020-11-29
CLI1024,TEL1024,93838-5320,85,2022-08-17
CLI1025,TEL1025,96842-5055,71,2021-02-11
CLI1026,TEL1026,95533-6906,31,2018-10-20
CLI1027,TEL1027,96482-3909,71,2023-06-15
CLI1028,TEL1028,95382-8994,71,2024-06-28
CLI1029,TEL1029,91992-7824,71,2022-05-15
CLI1030,TEL1030,94590-5083,71,2022-12-25
CLI1031,TEL1031,95436-7452,71,2021-11-21
CLI1032,TEL1032,97680-3085,85,2021-07-30
CLI1033,TEL1033,99091-3469,51,2022-08-03
CLI1034,TEL1034,97854-4219,85,2022-02-07
CLI1035,TEL1035,97730-9987,61,2023-01-02
CLI1036,TEL1036,97765-2659,71,2022-11-28
CLI1037,TEL1037,94872-9951,21,2025-12-21
CLI1038,TEL1038,92364-2663,71,2018-06-12
CLI1039,TEL1039,92448-1478,41,2024-09-03
CLI1040,TEL1040,97218-1965,81,2019-02-21
CLI1041,TEL1041,95487-9786,71,2020-06-04
CLI1042,TEL1042,97334-5507,41,2018-08-02
CLI1043,TEL1043,95879-8242,71,2024-06-01
CLI1044,TEL1044,93694-7366,51,2025-11-29
CLI1045,TEL1045,98536-3272,51,2018-07-01
CLI1046,TEL1046,92309-2799,31,2021-09-10
CLI1047,TEL1047,98539-2448,71,2025-05-12
CLI1048,TEL1048,96384-4615,21,2022-05-13
CLI1049,TEL1049,91451-2861,71,2024-08-01
CLI1050,TEL1050,91555-2332,41,2025-03-14
CLI1051,TEL1051,97869-8897,41,2019-05-14
CLI1052,TEL1052,99937-5346,21,2024-06-22
CLI1053,TEL1053,94547-1617,21,2018-04-05
CLI1054,TEL1054,92360-1408,11,2024-03-29
CLI1055,TEL1055,93466-9677,85,2021-05-31
CLI1056,TEL1056,91540-2185,11,2025-11-14
CLI1057,TEL1057,95224-9223,61,2023-11-08
CLI1058,TEL1058,94235-2223,71,2022-02-18
CLI1059,TEL1059,92633-4365,85,2022-05-27
CLI1060,TEL1060,92620-2415,81,2023-02-01
CLI1061,TEL1061,91265-3217,51,2024-10-23
CLI1062,TEL1062,95740-2507,21,2024-09-18
CLI1063,TEL1063,93239-8939,21,2018-01-21
CLI1064,TEL1064,97037-9042,71,2025-02-12
CLI1065,TEL1065,92305-1614,81,2022-01-29
CLI1066,TEL1066,95690-3774,41,2018-04-04
CLI1067,TEL1067,92247-4890,21,2019-12-08
CLI1068,TEL1068,98099-4039,71,2024-06-25
CLI1069,TEL1069,96523-3739,61,2023-07-27
CLI1070,TEL1070,91033-3276,61,2023-06-08
CLI1071,TEL1071,99893-5520,85,2025-07-16
CLI1072,TEL1072,99301-4619,11,2021-06-25
CLI1073,TEL1073,98089-8396,61,2019-08-04
CLI1074,TEL1074,95853-3386,31,2018-10-02
CLI1075,TEL1075,93183-6924,71,2020-01-25
CLI1076,TEL1076,98805-1369,11,2018-08-21
CLI1077,TEL1077,91083-7194,85,2025-01-12
CLI1078,TEL1078,98292-2681,11,2023-04-17
CLI1079,TEL1079,95455-2643,81,2018-02-01
CLI1080,TEL1080,94148-9216,21,2020-11-26
CLI1081,TEL1081,94757-3340,85,2023-08-29
CLI1082,TEL1082,91215-9782,51,2020-11-15
CLI1083,TEL1083,95868-1523,11,2025-02-24
CLI1084,TEL1084,92897-4738,61,2025-01-21
CLI1085,TEL1085,96685-1486,61,2020-04-02
CLI1086,TEL1086,93698-9693,31,2022-09-21
CLI1087,TEL1087,96888-9017,85,2025-06-02
CLI1088,TEL1088,99854-1281,21,2018-04-05
CLI1089,TEL1089,94974-5936,21,2020-07-23
CLI1090,TEL1090,92566-5303,51,2018-07-02
CLI1091,TEL1091,91596-3871,21,2025-06-20
CLI1092,TEL1092,94658-1369,71,2018-11-22
CLI1093,TEL1093,94724-8612,85,2023-03-08
CLI1094,TEL1094,98284-5105,41,2020-05-20
CLI1095,TEL1095,96438-6294,61,2025-03-23
CLI1096,TEL1096,99924-5558,31,2025-05-18
CLI1097,TEL1097,91800-5883,61,2024-11-01
CLI1098,TEL1098,97181-2092,11,2025-11-20
CLI1099,TEL1099,98411-5478,61,2018-09-18
CLI1100,TEL1100,98277-7789,21,2025-04-09
CLI1101,TEL1101,91959-3293,61,2023-05-26
CLI1102,TEL1102,97528-3633,71,2022-03-31
CLI1103,TEL1103,93954-6293,11,2020-04-15
CLI1104,TEL1104,95104-3852,41,2024-07-16
CLI1105,TEL1105,98444-3064,51,2022-11-25
CLI1106,TEL1106,92769-6367,85,2025-11-14
CLI1107,TEL1107,91471-7294,31,2020-11-08
CLI1108,TEL1108,95547-3695,61,2022-09-05
CLI1109,TEL1109,96536-5769,61,2022-07-05
CLI1110,TEL1110,93282-9607,71,2025-09-04
CLI1111,TEL1111,98128-7427,31,2019-10-10
CLI1112,TEL1112,95841-3571,31,2019-11-20
CLI1113,TEL1113,98602-9873,31,2023-02-15
CLI1114,TEL1114,97653-7266,41,2020-03-24
CLI1115,TEL1115,91540-4529,21,2020-03-22
CLI1116,TEL1116,95949-9710,61,2018-11-11
CLI1117,TEL1117,91798-2740,41,2025-09-24
CLI1118,TEL1118,99018-8982,21,2021-11-17
CLI1119,TEL1119,94011-6596,71,2022-02-27
CLI1120,TEL1120,97169-5600,81,2022-03-18
CLI1121,TEL1121,96064-1040,81,2020-03-29
CLI1122,TEL1122,94558-3239,41,2025-08-10
CLI1123,TEL1123,99756-2236,51,2021-10-14
CLI1124,TEL1124,95015-8273,11,2022-03-20
CLI1125,TEL1125,94208-2710,21,2019-04-28
CLI1126,TEL1126,98012-6570,11,2020-01-19
CLI1127,TEL1127,92096-3048,11,2021-10-15
CLI1128,TEL1128,98811-9969,11,2021-03-08
CLI1129,TEL1129,93163-5028,21,2019-03-07
CLI1130,TEL1130,98238-1393,71,2025-02-28
CLI1131,TEL1131,95031-3219,31,2024-10-07
CLI1132,TEL1132,93544-2173,31,2019-11-11
CLI1133,TEL1133,97023-7784,41,2021-07-11
CLI1134,TEL1134,96104-4154,11,2018-07-18
CLI1135,TEL1135,95024-9812,31,2025-02-28
CLI1136,TEL1136,95254-8165,61,2021-07-06
CLI1137,TEL1137,93077-8843,85,2021-07-10
CLI1138,TEL1138,94304-9141,71,2025-10-31
CLI1139,TEL1139,93284-1675,21,2019-03-02
CLI1140,TEL1140,96785-3681,71,2018-10-08
CLI1141,TEL1141,97042-2042,31,2018-10-08
CLI1142,TEL1142,94614-5078,81,2021-10-10
CLI1143,TEL1143,98688-7729,51,2021-11-17
CLI1144,TEL1144,93617-3698,51,2023-08-14
CLI1145,TEL1145,91355-6027,71,2024-12-16
CLI1146,TEL1146,93123-7861,61,2020-02-21
CLI1147,TEL1147,97909-3070,81,2025-02-04
CLI1148,TEL1148,96235-1356,81,2023-09-19
CLI1149,TEL1149,92195-3146,21,2025-08-18
CLI1150,TEL1150,94048-3414,41,2021-11-09
CLI1151,TEL1151,95700-6650,81,2023-06-28
CLI1152,TEL1152,95772-1850,81,2020-01-09
CLI1153,TEL1153,93194-2533,51,2023-01-28
CLI1154,TEL1154,93556-1919,51,2020-08-02
CLI1155,TEL1155,98295-1192,71,2024-04-26
CLI1156,TEL1156,99523-7985,41,2019-06-26
CLI1157,TEL1157,91443-1802,85,2020-01-12
CLI1158,TEL1158,99898-4334,41,2022-09-01
CLI1159,TEL1159,97242-1375,85,2024-10-31
CLI1160,TEL1160,97245-1142,61,2021-02-25
CLI1161,TEL1161,93180-1393,85,2024-02-03
CLI1162,TEL1162,92863-4076,31,2024-08-17
CLI1163,TEL1163,94525-7130,11,2021-11-27
CLI1164,TEL1164,95780-7414,21,2023-09-26
CLI1165,TEL1165,99861-1799,41,2021-10-17
CLI1166,TEL1166,95683-5182,21,2021-05-30
CLI1167,TEL1167,96710-7646,71,2019-08-17
CLI1168,TEL1168,94128-9559,21,2020-02-16
CLI1169,TEL1169,98505-6238,61,2025-04-14
CLI1170,TEL1170,92689-7607,85,2018-04-30
CLI1171,TEL1171,98385-9993,51,2024-09-19
CLI1172,TEL1172,92682-7632,85,2019-03-05
CLI1173,TEL1173,92748-6993,85,2023-09-17
CLI1174,TEL1174,92395-8700,71,2019-03-18
CLI1175,TEL1175,93618-7780,21,2020-07-23
CLI1176,TEL1176,96453-9786,41,2020-07-26
CLI1177,TEL1177,92097-6697,71,2020-06-24
CLI1178,TEL1178,95045-6975,41,2019-08-21
CLI1179,TEL1179,97556-3326,21,2024-09-16
CLI1180,TEL1180,96410-9837,51,2019-02-10
CLI1181,TEL1181,91070-4316,11,2021-10-19
CLI1182,TEL1182,93928-8847,71,2019-05-25
CLI1183,TEL1183,92003-3696,61,2024-03-29
CLI1184,TEL1184,94908-1072,85,2023-02-07
CLI1185,TEL1185,98731-3049,11,2024-10-06
CLI1186,TEL1186,98926-8784,81,2023-05-12
CLI1187,TEL1187,96227-3101,81,2020-11-18
CLI1188,TEL1188,92007-1141,81,2021-01-02
CLI1189,TEL1189,95565-3307,41,2018-05-06
CLI1190,TEL1190,96714-8920,81,2025-07-28
CLI1191,TEL1191,92971-8778,21,2025-11-28
CLI1192,TEL1192,97533-7596,81,2019-03-13
CLI1193,TEL1193,99585-4842,41,2024-01-21
CLI1194,TEL1194,93495-3645,51,2022-11-26
CLI1195,TEL1195,94281-3986,31,2024-08-08
CLI1196,TEL1196,94995-1217,81,2020-07-15
CLI1197,TEL1197,97903-1820,21,2025-10-03
CLI1198,TEL1198,92353-6386,11,2023-05-23
CLI1199,TEL1199,97865-1146,11,2020-09-11
CLI1200,TEL1200,94423-5286,81,2025-09-10
CLI1201,TEL1201,95735-9316,85,2020-07-17
CLI1202,TEL1202,94062-2766,51,2021-05-31
CLI1203,TEL1203,97298-4972,85,2025-12-06
CLI1204,TEL1204,91375-4402,21,2022-01-24
CLI1205,TEL1205,96977-3396,85,2025-01-02
CLI1206,TEL1206,93727-9160,31,2025-10-29
CLI1207,TEL1207,91340-9947,71,2022-06-13
CLI1208,TEL1208,91286-6236,21,2023-08-17
CLI1209,TEL1209,93346-9118,21,2022-09-10
CLI1210,TEL1210,94841-6247,71,2024-02-05
CLI1211,TEL1211,91210-2464,11,2020-12-07
CLI1212,TEL1212,94846-2080,85,2025-04-05
CLI1213,TEL1213,99711-1734,31,2025-04-24
CLI1214,TEL1214,99908-3944,11,2023-02-23
CLI1215,TEL1215,98266-7834,71,2019-03-22
CLI1216,TEL1216,99745-1405,85,2018-06-14
CLI1217,TEL1217,99518-2094,61,2019-12-31
CLI1218,TEL1218,98503-1061,61,2021-12-17
CLI1219,TEL1219,99986-4474,41,2024-02-27
CLI1220,TEL1220,99254-5754,31,2019-12-08
CLI1221,TEL1221,94813-8772,71,2020-03-09
CLI1222,TEL1222,97644-8959,71,2023-12-29
CLI1223,TEL1223,93052-9696,85,2022-04-18
CLI1224,TEL1224,99617-6857,11,2023-04-28
CLI1225,TEL1225,97578-3816,31,2018-05-10
CLI1226,TEL1226,99435-1183,41,2019-12-13
CLI1227,TEL1227,93769-4068,85,2019-05-23
CLI1228,TEL1228,94962-6209,85,2023-04-01
CLI1229,TEL1229,98868-8616,31,2022-12-24
CLI1230,TEL1230,91408-9995,41,2021-11-07
CLI1231,TEL1231,91480-2186,51,2022-06-29
CLI1232,TEL1232,94087-2146,31,2018-12-19
CLI1233,TEL1233,99755-9730,81,2022-12-25
CLI1234,TEL1234,91918-6915,11,2022-11-02
CLI1235,TEL1235,99566-8327,85,2023-03-10
CLI1236,TEL1236,94816-1272,31,2022-07-28
CLI1237,TEL1237,96568-1216,21,2024-10-12
CLI1238,TEL1238,95509-3800,11,2021-02-17
CLI1239,TEL1239,94097-7685,41,2025-08-30
CLI1240,TEL1240,93754-1685,11,2020-05-14
CLI1241,TEL1241,95287-3830,71,2024-06-26
CLI1242,TEL1242,98392-6955,41,2019-12-10
CLI1243,TEL1243,95539-5998,71,2023-05-05
CLI1244,TEL1244,97232-9892,81,2025-06-19
CLI1245,TEL1245,97105-4585,51,2019-09-09
CLI1246,TEL1246,99994-9789,71,2022-02-09
CLI1247,TEL1247,99301-4248,51,2025-11-13
CLI1248,TEL1248,98028-3621,71,2020-12-14
CLI1249,TEL1249,99480-6131,41,2025-04-13
CLI1250,TEL1250,99593-8716,11,2022-02-05
CLI1251,TEL1251,94578-5125,51,2024-01-23
CLI1252,TEL1252,91518-6833,11,2022-01-07
CLI1253,TEL1253,93865-9716,51,2023-07-27
CLI1254,TEL1254,94228-5593,31,2018-03-16
CLI1255,TEL1255,98320-4723,81,2021-11-19
CLI1256,TEL1256,91078-4959,85,2019-11-14
CLI1257,TEL1257,96753-2801,61,2023-12-31
CLI1258,TEL1258,96627-1379,31,2023-06-08
CLI1259,TEL1259,92060-3281,81,2021-10-02
CLI1260,TEL1260,99052-6416,41,2023-04-20
CLI1261,TEL1261,91478-5501,31,2021-11-03
CLI1262,TEL1262,93441-8112,71,2019-12-12
CLI1263,TEL1263,99124-4660,85,2023-01-16
CLI1264,TEL1264,95252-8067,11,2023-10-07
CLI1265,TEL1265,92284-8809,51,2023-11-23
CLI1266,TEL1266,91512-7846,31,2022-08-28
CLI1267,TEL1267,94273-5054,81,2024-07-24
CLI1268,TEL1268,96201-8792,61,2025-09-01
CLI1269,TEL1269,93847-7951,11,2025-08-23
CLI1270,TEL1270,97426-3617,11,2019-02-21
CLI1271,TEL1271,98069-4940,11,2021-03-23
CLI1272,TEL1272,98140-9094,11,2023-08-28
CLI1273,TEL1273,99844-3340,31,2025-05-16
CLI1274,TEL1274,93838-4527,51,2021-03-20
CLI1275,TEL1275,99693-1630,51,2025-05-14
CLI1276,TEL1276,91936-3379,61,2025-06-27
CLI1277,TEL1277,93371-3878,41,2018-09-08
CLI1278,TEL1278,97079-8234,71,2020-12-22
CLI1279,TEL1279,96426-5797,11,2022-09-03
CLI1280,TEL1280,99541-4327,51,2025-01-12
CLI1281,TEL1281,91624-3568,81,2020-09-11
CLI1282,TEL1282,91258-7684,31,2021-01-15
CLI1283,TEL1283,97386-6566,21,2018-12-19
CLI1284,TEL1284,93314-2366,11,2020-03-08
CLI1285,TEL1285,93549-3567,21,2024-02-10
CLI1286,TEL1286,96279-8252,41,2020-01-14
CLI1287,TEL1287,96881-3243,85,2025-03-08
CLI1288,TEL1288,96673-2326,61,2018-11-20
CLI1289,TEL1289,91837-1169,31,2019-04-24
CLI1290,TEL1290,94998-9099,85,2023-03-12
CLI1291,TEL1291,91905-3786,61,2021-09-03
CLI1292,TEL1292,91778-5459,11,2019-11-05
CLI1293,TEL1293,96701-5875,21,2020-03-26
CLI1294,TEL1294,92577-1731,21,2023-09-30
CLI1295,TEL1295,96137-2640,41,2018-11-18
CLI1296,TEL1296,96087-3616,31,2021-12-17
CLI1297,TEL1297,93769-6925,41,2024-07-24
CLI1298,TEL1298,92258-7336,85,2019-10-08
CLI1299,TEL1299,94892-9805,21,2018-03-15
CLI1300,TEL1300,98632-9360,51,2018-02-23
CLI1301,TEL1301,91700-1379,61,2022-06-11
CLI1302,TEL1302,98764-1144,81,2019-09-10
CLI1303,TEL1303,91451-9734,61,2021-06-03
CLI1304,TEL1304,97083-2325,21,2021-11-02
CLI1305,TEL1305,96927-5252,61,2024-07-18
CLI1306,TEL1306,96544-7381,21,2024-11-30
CLI1307,TEL1307,94871-8195,81,2025-12-12
CLI1308,TEL1308,93316-7973,41,2024-02-14
CLI1309,TEL1309,97253-8219,85,2019-03-09
CLI1310,TEL1310,98516-2612,41,2020-08-22
CLI1311,TEL1311,93717-3290,41,2022-05-30
CLI1312,TEL1312,95946-5868,71,2021-09-21
CLI1313,TEL1313,91013-5863,21,2023-05-02
CLI1314,TEL1314,93852-2675,61,2025-02-19
CLI1315,TEL1315,97500-9714,71,2022-10-16
CLI1316,TEL1316,97361-6131,71,2024-04-17
CLI1317,TEL1317,91357-4546,71,2022-03-12
CLI1318,TEL1318,94602-8969,41,2024-10-28
CLI1319,TEL1319,93967-3375,21,2019-03-13
CLI1320,TEL1320,94654-5590,21,2021-09-16
CLI1321,TEL1321,92543-2342,85,2024-12-16
CLI1322,TEL1322,98861-3032,85,2022-02-04
CLI1323,TEL1323,97561-1875,81,2023-02-02
CLI1324,TEL1324,95129-8816,51,2018-01-07
CLI1325,TEL1325,93641-3208,21,2023-04-18
CLI1326,TEL1326,96500-7840,61,2023-04-24
CLI1327,TEL1327,91154-8088,21,2018-05-15
CLI1328,TEL1328,92551-7683,41,2022-07-03
CLI1329,TEL1329,96773-8350,31,2023-02-04
CLI1330,TEL1330,97725-4570,81,2019-07-27
CLI1331,TEL1331,99610-1877,71,2025-04-27
CLI1332,TEL1332,91212-9185,21,2022-09-09
CLI1333,TEL1333,92882-7373,41,2023-09-21
CLI1334,TEL1334,92259-8703,85,2022-01-22
CLI1335,TEL1335,96086-1922,41,2019-04-13
CLI1336,TEL1336,97087-9452,61,2020-03-10
CLI1337,TEL1337,99981-3026,31,2023-11-21
CLI1338,TEL1338,93383-6278,61,2025-04-02
CLI1339,TEL1339,94018-6286,85,2024-06-13
CLI1340,TEL1340,92741-3985,41,2023-02-16
CLI1341,TEL1341,95278-6865,51,2024-09-18
CLI1342,TEL1342,94829-2537,61,2019-03-01
CLI1343,TEL1343,91142-8705,71,2023-07-22
CLI1344,TEL1344,98022-6011,61,2025-03-15
CLI1345,TEL1345,93880-2763,81,2020-02-12
CLI1346,TEL1346,97857-7561,85,2025-05-23
CLI1347,TEL1347,98708-4147,71,2022-06-30
CLI1348,TEL1348,94708-5812,11,2019-05-20
CLI1349,TEL1349,93797-5429,21,2019-07-25
CLI1350,TEL1350,97746-5024,31,2018-11-10
CLI1351,TEL1351,92542-9917,21,2018-06-18
CLI1352,TEL1352,95435-3544,11,2022-03-14
CLI1353,TEL1353,96040-8196,71,2025-11-30
CLI1354,TEL1354,97976-2067,61,2021-09-24
CLI1355,TEL1355,95669-2688,51,2021-06-21
CLI1356,TEL1356,92064-4154,81,2020-04-14
CLI1357,TEL1357,96321-2529,11,2025-03-11
CLI1358,TEL1358,91445-4270,61,2025-09-10
CLI1359,TEL1359,93874-1577,31,2018-04-18
CLI1360,TEL1360,97937-3838,31,2020-05-27
CLI1361,TEL1361,92528-5096,21,2025-02-09
CLI1362,TEL1362,91266-4776,51,2023-10-17
CLI1363,TEL1363,95817-1036,71,2019-12-24
CLI1364,TEL1364,94134-4302,51,2021-07-11
CLI1365,TEL1365,95216-4419,81,2023-12-04
CLI1366,TEL1366,95168-1610,85,2019-08-13
CLI1367,TEL1367,95081-3893,71,2020-12-10
CLI1368,TEL1368,98368-5407,41,2023-05-01
CLI1369,TEL1369,99569-7114,51,2021-11-10
CLI1370,TEL1370,97913-5642,61,2024-03-13
CLI1371,TEL1371,97633-6376,11,2019-08-19
CLI1372,TEL1372,91074-1616,61,2018-01-05
CLI1373,TEL1373,94477-5501,51,2020-02-21
CLI1374,TEL1374,98040-8372,85,2025-06-24
CLI1375,TEL1375,98496-1364,71,2025-08-15
CLI1376,TEL1376,92344-2323,11,2021-11-13
CLI1377,TEL1377,92681-6516,71,2020-03-16
CLI1378,TEL1378,91000-6549,21,2019-11-05
CLI1379,TEL1379,97297-9051,51,2023-03-31
CLI1380,TEL1380,97028-8126,85,2024-11-18
CLI1381,TEL1381,96490-7700,71,2025-02-05
CLI1382,TEL1382,93223-5330,31,2022-09-16
CLI1383,TEL1383,93749-6425,81,2018-11-30
CLI1384,TEL1384,94943-9829,61,2022-03-20
CLI1385,TEL1385,95929-9424,21,2024-10-26
CLI1386,TEL1386,95005-7671,85,2025-07-30
CLI1387,TEL1387,99391-6747,41,2023-06-24
CLI1388,TEL1388,98197-9999,71,2023-07-31
CLI1389,TEL1389,91025-5816,85,2021-07-31
CLI1390,TEL1390,99588-7161,81,2024-08-28
CLI1391,TEL1391,91845-4183,71,2020-05-01
CLI1392,TEL1392,95229-7602,85,2021-03-30
CLI1393,TEL1393,99801-2178,31,2022-12-20
CLI1394,TEL1394,92454-8811,11,2025-07-27
CLI1395,TEL1395,96854-8552,81,2018-08-18
CLI1396,TEL1396,97359-5014,71,2021-08-09
CLI1397,TEL1397,99001-9124,51,2022-10-15
CLI1398,TEL1398,95699-4922,51,2019-04-22
CLI1399,TEL1399,96802-4117,81,2019-11-19
CLI1400,TEL1400,94932-8802,71,2020-07-31
CLI1401,TEL1401,95344-3462,11,2020-09-13
CLI1402,TEL1402,96048-8293,61,2022-01-31
CLI1403,TEL1403,94402-4407,11,2018-11-13
CLI1404,TEL1404,95550-1548,71,2025-11-11
CLI1405,TEL1405,95759-5315,61,2022-06-17
CLI1406,TEL1406,96987-5030,61,2020-11-19
CLI1407,TEL1407,98042-1522,11,2024-06-07
CLI1408,TEL1408,92289-2149,11,2020-03-04
CLI1409,TEL1409,97904-2274,21,2025-02-13
CLI1410,TEL1410,96150-2316,21,2020-09-24
CLI1411,TEL1411,98337-5533,71,2019-12-18
CLI1412,TEL1412,97964-2523,85,2023-12-26
CLI1413,TEL1413,95598-8562,71,2023-12-16
CLI1414,TEL1414,91259-7109,31,2019-05-02
CLI1415,TEL1415,91274-9630,21,2025-08-07
CLI1416,TEL1416,91059-3956,31,2022-05-20
CLI1417,TEL1417,98883-4964,85,2021-01-31
CLI1418,TEL1418,96809-2101,41,2022-07-29
CLI1419,TEL1419,98938-6038,81,2019-08-07
CLI1420,TEL1420,95150-8434,85,2022-12-19
CLI1421,TEL1421,93100-1043,41,2022-10-26
CLI1422,TEL1422,94701-9266,81,2023-06-06
CLI1423,TEL1423,97776-6080,81,2024-05-09
CLI1424,TEL1424,97004-2250,85,2025-12-16
CLI1425,TEL1425,97125-4204,51,2025-10-14
CLI1426,TEL1426,99638-9814,61,2023-08-24
CLI1427,TEL1427,96371-6631,11,2019-12-30
CLI1428,TEL1428,97145-6411,61,2018-02-28
CLI1429,TEL1429,93913-4524,85,2021-12-03
CLI1430,TEL1430,92502-9974,11,2018-09-08
CLI1431,TEL1431,97310-4097,51,2025-06-24
CLI1432,TEL1432,97061-8590,41,2021-06-01
CLI1433,TEL1433,99437-6151,31,2020-08-01
CLI1434,TEL1434,97579-2443,41,2021-06-22
CLI1435,TEL1435,94207-1884,21,2020-07-30
CLI1436,TEL1436,95863-1168,81,2018-12-20
CLI1437,TEL1437,97672-6907,85,2024-09-22
CLI1438,TEL1438,94889-6004,61,2023-03-06
CLI1439,TEL1439,92610-3316,71,2022-05-03
CLI1440,TEL1440,96026-2344,21,2021-04-09
CLI1441,TEL1441,92528-1282,11,2020-02-20
CLI1442,TEL1442,93195-3023,71,2020-11-28
CLI1443,TEL1443,93489-2371,81,2018-03-17
CLI1444,TEL1444,97249-3392,11,2020-06-30
CLI1445,TEL1445,92414-1063,11,2019-06-07
CLI1446,TEL1446,99065-3121,31,2021-04-24
CLI1447,TEL1447,91499-1763,81,2022-05-02
CLI1448,TEL1448,93110-5162,41,2025-10-23
CLI1449,TEL1449,92447-5837,61,2020-07-14
CLI1450,TEL1450,93415-9454,71,2024-03-27
CLI1451,TEL1451,93842-3980,51,2022-04-12
CLI1452,TEL1452,98816-5317,81,2022-10-24
CLI1453,TEL1453,91682-1381,51,2018-05-06
CLI1454,TEL1454,99274-6414,71,2021-11-12
CLI1455,TEL1455,96394-6806,71,2022-08-15
CLI1456,TEL1456,99697-9333,85,2024-04-29
CLI1457,TEL1457,94893-2213,41,2022-02-13
CLI1458,TEL1458,91377-2444,21,2024-10-31
CLI1459,TEL1459,98896-5539,81,2022-06-16
CLI1460,TEL1460,96394-2986,51,2023-08-20
CLI1461,TEL1461,93760-5748,51,2023-09-19
CLI1462,TEL1462,91782-6925,41,2019-12-30
CLI1463,TEL1463,96872-2523,71,2020-02-25
CLI1464,TEL1464,96429-4621,31,2022-11-29
CLI1465,TEL1465,95191-9364,85,2022-04-22
CLI1466,TEL1466,97225-3445,31,2021-03-08
CLI1467,TEL1467,99610-3699,85,2019-02-04
CLI1468,TEL1468,97119-4435,11,2021-12-10
CLI1469,TEL1469,95882-7920,81,2019-06-27
CLI1470,TEL1470,95563-6307,85,2025-12-06
CLI1471,TEL1471,98781-6484,31,2022-08-02
CLI1472,TEL1472,98824-6281,61,2024-08-14
CLI1473,TEL1473,99004-5498,85,2020-09-29
CLI1474,TEL1474,95769-9627,71,2023-12-13
CLI1475,TEL1475,92930-9077,71,2020-04-30
CLI1476,TEL1476,96826-6214,21,2023-09-16
CLI1477,TEL1477,92828-7607,81,2023-03-13
CLI1478,TEL1478,94384-6750,85,2018-09-26
CLI1479,TEL1479,91616-2406,61,2021-04-03
CLI1480,TEL1480,95600-3368,31,2024-07-10
CLI1481,TEL1481,96002-3742,81,2021-08-05
CLI1482,TEL1482,95162-8141,11,2025-12-29
CLI1483,TEL1483,94220-5915,85,2020-12-22
CLI1484,TEL1484,97139-9634,71,2022-08-11
CLI1485,TEL1485,95465-7829,11,2018-12-20
CLI1486,TEL1486,91670-8166,81,2021-04-04
CLI1487,TEL1487,99122-3228,11,2024-10-04
CLI1488,TEL1488,92031-2754,31,2025-04-16
CLI1489,TEL1489,93515-9213,61,2024-05-22
CLI1490,TEL1490,96258-4563,85,2019-03-18
CLI1491,TEL1491,96243-9995,31,2020-08-06
CLI1492,TEL1492,94564-7074,71,2025-02-19
CLI1493,TEL1493,91041-8304,85,2020-04-05
CLI1494,TEL1494,92639-9271,21,2024-06-17
CLI1495,TEL1495,95543-5897,21,2021-06-22
CLI1496,TEL1496,92643-8036,51,2022-06-14
CLI1497,TEL1497,98796-5458,81,2020-06-23
CLI1498,TEL1498,91601-8887,11,2021-10-25
CLI1499,TEL1499,96012-4647,71,2023-05-27
CLI1500,TEL1500,97726-3862,31,2022-04-27
